antecedents,consequents,rule,support,confidence,lift,antecedent support,consequent support,leverage,conviction
POPPY'S PLAYHOUSE LIVINGROOM,POPPY'S PLAYHOUSE BEDROOM + POPPY'S PLAYHOUSE KITCHEN,POPPY'S PLAYHOUSE LIVINGROOM  -->  POPPY'S PLAYHOUSE BEDROOM + POPPY'S PLAYHOUSE KITCHEN,0.010205354692217481,0.725177304964539,52.17761373620077,0.014072909648925817,0.013898245876687377,0.010009765933716304,3.5881379956486987
POPPY'S PLAYHOUSE BEDROOM + POPPY'S PLAYHOUSE KITCHEN,POPPY'S PLAYHOUSE LIVINGROOM,POPPY'S PLAYHOUSE BEDROOM + POPPY'S PLAYHOUSE KITCHEN  -->  POPPY'S PLAYHOUSE LIVINGROOM,0.010205354692217481,0.7342908438061041,52.17761373620077,0.013898245876687377,0.014072909648925817,0.010009765933716304,3.7105499278753262
POPPY'S PLAYHOUSE KITCHEN + POPPY'S PLAYHOUSE LIVINGROOM,POPPY'S PLAYHOUSE BEDROOM,POPPY'S PLAYHOUSE KITCHEN + POPPY'S PLAYHOUSE LIVINGROOM  -->  POPPY'S PLAYHOUSE BEDROOM,0.010205354692217481,0.8628691983122363,49.19090876352702,0.011827232577288719,0.017541233126232004,0.009997890448341094,7.164391623048709
POPPY'S PLAYHOUSE BEDROOM,POPPY'S PLAYHOUSE KITCHEN + POPPY'S PLAYHOUSE LIVINGROOM,POPPY'S PLAYHOUSE BEDROOM  -->  POPPY'S PLAYHOUSE KITCHEN + POPPY'S PLAYHOUSE LIVINGROOM,0.010205354692217481,0.5817923186344238,49.19090876352701,0.017541233126232004,0.011827232577288719,0.009997890448341094,2.3628756989733537
POPPY'S PLAYHOUSE BEDROOM + POPPY'S PLAYHOUSE LIVINGROOM,POPPY'S PLAYHOUSE KITCHEN,POPPY'S PLAYHOUSE BEDROOM + POPPY'S PLAYHOUSE LIVINGROOM  -->  POPPY'S PLAYHOUSE KITCHEN,0.010205354692217481,0.8872017353579176,47.919654916360194,0.011502857000274471,0.018514359857274745,0.009992386658327627,8.701247694342237
POPPY'S PLAYHOUSE KITCHEN,POPPY'S PLAYHOUSE BEDROOM + POPPY'S PLAYHOUSE LIVINGROOM,POPPY'S PLAYHOUSE KITCHEN  -->  POPPY'S PLAYHOUSE BEDROOM + POPPY'S PLAYHOUSE LIVINGROOM,0.010205354692217481,0.5512129380053908,47.919654916360194,0.018514359857274745,0.011502857000274471,0.009992386658327627,2.202597237554944
POPPY'S PLAYHOUSE LIVINGROOM,POPPY'S PLAYHOUSE BEDROOM,POPPY'S PLAYHOUSE LIVINGROOM  -->  POPPY'S PLAYHOUSE BEDROOM,0.011502857000274471,0.8173758865248227,46.59740171302322,0.014072909648925817,0.017541233126232004,0.011256000811358264,5.379677131231119
POPPY'S PLAYHOUSE BEDROOM,POPPY'S PLAYHOUSE LIVINGROOM,POPPY'S PLAYHOUSE BEDROOM  -->  POPPY'S PLAYHOUSE LIVINGROOM,0.011502857000274471,0.6557610241820768,46.59740171302322,0.017541233126232004,0.014072909648925817,0.011256000811358264,2.864077456681013
POPPY'S PLAYHOUSE KITCHEN,POPPY'S PLAYHOUSE LIVINGROOM,POPPY'S PLAYHOUSE KITCHEN  -->  POPPY'S PLAYHOUSE LIVINGROOM,0.011827232577288719,0.6388140161725068,45.39317256408786,0.018514359857274745,0.014072909648925817,0.011566681663809593,2.72969366059887
POPPY'S PLAYHOUSE LIVINGROOM,POPPY'S PLAYHOUSE KITCHEN,POPPY'S PLAYHOUSE LIVINGROOM  -->  POPPY'S PLAYHOUSE KITCHEN,0.011827232577288719,0.8404255319148936,45.393172564087855,0.014072909648925817,0.018514359857274745,0.011566681663809593,6.150643344894409
POPPY'S PLAYHOUSE KITCHEN,POPPY'S PLAYHOUSE BEDROOM,POPPY'S PLAYHOUSE KITCHEN  -->  POPPY'S PLAYHOUSE BEDROOM,0.013898245876687377,0.7506738544474394,42.794816592731195,0.018514359857274745,0.017541233126232004,0.013573481174247969,3.9404562433531676
POPPY'S PLAYHOUSE BEDROOM,POPPY'S PLAYHOUSE KITCHEN,POPPY'S PLAYHOUSE BEDROOM  -->  POPPY'S PLAYHOUSE KITCHEN,0.013898245876687377,0.7923186344238976,42.794816592731195,0.017541233126232004,0.018514359857274745,0.013573481174247969,4.725920582331068
WOODEN STAR CHRISTMAS SCANDINAVIAN,WOODEN TREE CHRISTMAS SCANDINAVIAN,WOODEN STAR CHRISTMAS SCANDINAVIAN  -->  WOODEN TREE CHRISTMAS SCANDINAVIAN,0.010854105846245977,0.5678851174934726,41.380239734156184,0.019113207076377974,0.013723582104448935,0.01059180417965397,2.2824402903564716
WOODEN TREE CHRISTMAS SCANDINAVIAN,WOODEN STAR CHRISTMAS SCANDINAVIAN,WOODEN TREE CHRISTMAS SCANDINAVIAN  -->  WOODEN STAR CHRISTMAS SCANDINAVIAN,0.010854105846245977,0.790909090909091,41.380239734156184,0.013723582104448935,0.019113207076377974,0.01059180417965397,4.69119770528689
SMALL MARSHMALLOWS PINK BOWL,SMALL DOLLY MIX DESIGN ORANGE BOWL,SMALL MARSHMALLOWS PINK BOWL  -->  SMALL DOLLY MIX DESIGN ORANGE BOWL,0.011403049130423934,0.744299674267101,40.694813159075856,0.01532050802205754,0.018289792150111037,0.011122840223066394,3.8392997937568905
SMALL DOLLY MIX DESIGN ORANGE BOWL,SMALL MARSHMALLOWS PINK BOWL,SMALL DOLLY MIX DESIGN ORANGE BOWL  -->  SMALL MARSHMALLOWS PINK BOWL,0.011403049130423934,0.6234652114597544,40.694813159075856,0.018289792150111037,0.01532050802205754,0.011122840223066394,2.6151089406515644
FELTCRAFT PRINCESS LOLA DOLL,FELTCRAFT PRINCESS CHARLOTTE DOLL,FELTCRAFT PRINCESS LOLA DOLL  -->  FELTCRAFT PRINCESS CHARLOTTE DOLL,0.010005738952516406,0.6197836166924265,36.2614131477115,0.016143922948324476,0.017092097711904584,0.009729805444030185,2.585127694229259
FELTCRAFT PRINCESS CHARLOTTE DOLL,FELTCRAFT PRINCESS LOLA DOLL,FELTCRAFT PRINCESS CHARLOTTE DOLL  -->  FELTCRAFT PRINCESS LOLA DOLL,0.010005738952516406,0.5854014598540146,36.2614131477115,0.017092097711904584,0.016143922948324476,0.009729805444030185,2.37303314359295
WOODEN STAR CHRISTMAS SCANDINAVIAN,WOODEN HEART CHRISTMAS SCANDINAVIAN,WOODEN STAR CHRISTMAS SCANDINAVIAN  -->  WOODEN HEART CHRISTMAS SCANDINAVIAN,0.013723582104448935,0.7180156657963446,34.628055160192666,0.019113207076377974,0.02073508496144921,0.013327268131834467,3.4727635412941193
WOODEN HEART CHRISTMAS SCANDINAVIAN,WOODEN STAR CHRISTMAS SCANDINAVIAN,WOODEN HEART CHRISTMAS SCANDINAVIAN  -->  WOODEN STAR CHRISTMAS SCANDINAVIAN,0.013723582104448935,0.6618531889290012,34.628055160192666,0.02073508496144921,0.019113207076377974,0.013327268131834467,2.900771974802598
"KEY FOB , SHED","KEY FOB , BACK DOOR","KEY FOB , SHED  -->  KEY FOB , BACK DOOR",0.01200189634952716,0.5760479041916168,33.55562769809219,0.02083489283129975,0.017166953614292487,0.011644224710733482,2.3182643890736325
"KEY FOB , BACK DOOR","KEY FOB , SHED","KEY FOB , BACK DOOR  -->  KEY FOB , SHED",0.01200189634952716,0.6991279069767442,33.55562769809219,0.017166953614292487,0.02083489283129975,0.011644224710733482,3.2544231581259218
GARDENERS KNEELING PAD CUP OF TEA,GARDENERS KNEELING PAD KEEP CALM,GARDENERS KNEELING PAD CUP OF TEA  -->  GARDENERS KNEELING PAD KEEP CALM,0.013623774234598398,0.7203166226912928,31.618980599779782,0.0189135913366769,0.022781146293385235,0.013192900943424258,3.494018354290631
GARDENERS KNEELING PAD KEEP CALM,GARDENERS KNEELING PAD CUP OF TEA,GARDENERS KNEELING PAD KEEP CALM  -->  GARDENERS KNEELING PAD CUP OF TEA,0.013623774234598398,0.5980284775465498,31.61898059977978,0.022781146293385235,0.0189135913366769,0.013192900943424258,2.440686351797313
SET/6 RED SPOTTY PAPER CUPS,SET/6 RED SPOTTY PAPER PLATES,SET/6 RED SPOTTY PAPER CUPS  -->  SET/6 RED SPOTTY PAPER PLATES,0.016243730818175012,0.7722419928825622,31.452380435726063,0.021034508571000823,0.02455273598323228,0.015727276082694194,4.28282314357362
SET/6 RED SPOTTY PAPER PLATES,SET/6 RED SPOTTY PAPER CUPS,SET/6 RED SPOTTY PAPER PLATES  -->  SET/6 RED SPOTTY PAPER CUPS,0.016243730818175012,0.6615853658536585,31.452380435726063,0.02455273598323228,0.021034508571000823,0.015727276082694194,2.8927989296280328
FELTCRAFT CUSHION RABBIT,FELTCRAFT CUSHION BUTTERFLY,FELTCRAFT CUSHION RABBIT  -->  FELTCRAFT CUSHION BUTTERFLY,0.012251416024153505,0.6084262701363073,31.101912791138762,0.020136237742345985,0.019562342490705393,0.011857504044963465,2.503839207626585
FELTCRAFT CUSHION BUTTERFLY,FELTCRAFT CUSHION RABBIT,FELTCRAFT CUSHION BUTTERFLY  -->  FELTCRAFT CUSHION RABBIT,0.012251416024153505,0.6262755102040817,31.101912791138762,0.019562342490705393,0.020136237742345985,0.011857504044963465,2.6218880191467604
GREEN REGENCY TEACUP AND SAUCER + ROSES REGENCY TEACUP AND SAUCER,PINK REGENCY TEACUP AND SAUCER + REGENCY CAKESTAND 3 TIER,GREEN REGENCY TEACUP AND SAUCER + ROSES REGENCY TEACUP AND SAUCER  -->  PINK REGENCY TEACUP AND SAUCER + REGENCY CAKESTAND 3 TIER,0.010604586171619633,0.41544477028348,30.32746823069404,0.02552586271427502,0.0136986301369863,0.01025491681936929,1.6872680624914098
PINK REGENCY TEACUP AND SAUCER + REGENCY CAKESTAND 3 TIER,GREEN REGENCY TEACUP AND SAUCER + ROSES REGENCY TEACUP AND SAUCER,PINK REGENCY TEACUP AND SAUCER + REGENCY CAKESTAND 3 TIER  -->  GREEN REGENCY TEACUP AND SAUCER + ROSES REGENCY TEACUP AND SAUCER,0.010604586171619633,0.7741347905282332,30.327468230694038,0.0136986301369863,0.02552586271427502,0.01025491681936929,4.3144056562085735
RED SPOT CERAMIC DRAWER KNOB,RED STRIPE CERAMIC DRAWER KNOB,RED SPOT CERAMIC DRAWER KNOB  -->  RED STRIPE CERAMIC DRAWER KNOB,0.011253337325648127,0.6203576341127923,30.135845942228336,0.01814008034533523,0.020585373156673404,0.010879917002647364,2.5798349047648497
RED STRIPE CERAMIC DRAWER KNOB,RED SPOT CERAMIC DRAWER KNOB,RED STRIPE CERAMIC DRAWER KNOB  -->  RED SPOT CERAMIC DRAWER KNOB,0.011253337325648127,0.5466666666666666,30.135845942228336,0.020585373156673404,0.01814008034533523,0.010879917002647364,2.165867469826466
RED STRIPE CERAMIC DRAWER KNOB,BLUE STRIPE CERAMIC DRAWER KNOB,RED STRIPE CERAMIC DRAWER KNOB  -->  BLUE STRIPE CERAMIC DRAWER KNOB,0.01240112782892931,0.6024242424242424,29.991747035573123,0.020585373156673404,0.020086333807420715,0.01198764315215405,2.4647218738075543
BLUE STRIPE CERAMIC DRAWER KNOB,RED STRIPE CERAMIC DRAWER KNOB,BLUE STRIPE CERAMIC DRAWER KNOB  -->  RED STRIPE CERAMIC DRAWER KNOB,0.01240112782892931,0.6173913043478261,29.991747035573123,0.020086333807420715,0.020585373156673404,0.01198764315215405,2.559833683795058
PINK REGENCY TEACUP AND SAUCER + ROSES REGENCY TEACUP AND SAUCER,GREEN REGENCY TEACUP AND SAUCER + REGENCY CAKESTAND 3 TIER,PINK REGENCY TEACUP AND SAUCER + ROSES REGENCY TEACUP AND SAUCER  -->  GREEN REGENCY TEACUP AND SAUCER + REGENCY CAKESTAND 3 TIER,0.010604586171619633,0.5286069651741293,29.754187279892673,0.020061381839958082,0.017765800833395712,0.010248179657408235,2.083684158654221
GREEN REGENCY TEACUP AND SAUCER + REGENCY CAKESTAND 3 TIER,PINK REGENCY TEACUP AND SAUCER + ROSES REGENCY TEACUP AND SAUCER,GREEN REGENCY TEACUP AND SAUCER + REGENCY CAKESTAND 3 TIER  -->  PINK REGENCY TEACUP AND SAUCER + ROSES REGENCY TEACUP AND SAUCER,0.010604586171619633,0.5969101123595506,29.754187279892673,0.017765800833395712,0.020061381839958082,0.010248179657408235,2.4310672339022643
PINK HAPPY BIRTHDAY BUNTING,BLUE HAPPY BIRTHDAY BUNTING,PINK HAPPY BIRTHDAY BUNTING  -->  BLUE HAPPY BIRTHDAY BUNTING,0.011178481423260224,0.507936507936508,29.50227743271222,0.022007635302043565,0.017216857549217757,0.010799579101269805,1.9972689669161061
BLUE HAPPY BIRTHDAY BUNTING,PINK HAPPY BIRTHDAY BUNTING,BLUE HAPPY BIRTHDAY BUNTING  -->  PINK HAPPY BIRTHDAY BUNTING,0.011178481423260224,0.6492753623188405,29.502277432712216,0.017216857549217757,0.022007635302043565,0.010799579101269805,2.78849062661814
BLUE SPOT CERAMIC DRAWER KNOB,WHITE SPOT BLUE CERAMIC DRAWER KNOB,BLUE SPOT CERAMIC DRAWER KNOB  -->  WHITE SPOT BLUE CERAMIC DRAWER KNOB,0.010679442074007535,0.5580182529335072,29.310219558081474,0.019138159043840607,0.01903835117399007,0.010315083081307224,2.21946190162109
WHITE SPOT BLUE CERAMIC DRAWER KNOB,BLUE SPOT CERAMIC DRAWER KNOB,WHITE SPOT BLUE CERAMIC DRAWER KNOB  -->  BLUE SPOT CERAMIC DRAWER KNOB,0.010679442074007535,0.5609436435124507,29.31021955808147,0.01903835117399007,0.019138159043840607,0.010315083081307224,2.2340226407449237
BLUE SPOT CERAMIC DRAWER KNOB,RED SPOT CERAMIC DRAWER KNOB,BLUE SPOT CERAMIC DRAWER KNOB  -->  RED SPOT CERAMIC DRAWER KNOB,0.010155450757292213,0.530638852672751,29.252287893488095,0.019138159043840607,0.01814008034533523,0.00980828301457514,2.091907106597578
RED SPOT CERAMIC DRAWER KNOB,BLUE SPOT CERAMIC DRAWER KNOB,RED SPOT CERAMIC DRAWER KNOB  -->  BLUE SPOT CERAMIC DRAWER KNOB,0.010155450757292213,0.5598349381017882,29.25228789348809,0.01814008034533523,0.019138159043840607,0.00980828301457514,2.2283954949222746
PINK REGENCY TEACUP AND SAUCER,GREEN REGENCY TEACUP AND SAUCER + REGENCY CAKESTAND 3 TIER + ROSES REGENCY TEACUP AND SAUCER,PINK REGENCY TEACUP AND SAUCER  -->  GREEN REGENCY TEACUP AND SAUCER + REGENCY CAKESTAND 3 TIER + ROSES REGENCY TEACUP AND SAUCER,0.010604586171619633,0.41503906250000006,29.181614925986846,0.025550814681737654,0.014222621453701624,0.010241186606567596,1.685202062823722
GREEN REGENCY TEACUP AND SAUCER + REGENCY CAKESTAND 3 TIER + ROSES REGENCY TEACUP AND SAUCER,PINK REGENCY TEACUP AND SAUCER,GREEN REGENCY TEACUP AND SAUCER + REGENCY CAKESTAND 3 TIER + ROSES REGENCY TEACUP AND SAUCER  -->  PINK REGENCY TEACUP AND SAUCER,0.010604586171619633,0.7456140350877193,29.181614925986842,0.014222621453701624,0.025550814681737654,0.010241186606567596,3.8305933491821342
CHARLOTTE BAG PINK POLKADOT,CHARLOTTE BAG SUKI DESIGN + RED RETROSPOT CHARLOTTE BAG,CHARLOTTE BAG PINK POLKADOT  -->  CHARLOTTE BAG SUKI DESIGN + RED RETROSPOT CHARLOTTE BAG,0.010205354692217481,0.45143487858719644,29.133906005054868,0.022606482521146793,0.01549517179429598,0.009855063361887562,1.7946908940731747
CHARLOTTE BAG SUKI DESIGN + RED RETROSPOT CHARLOTTE BAG,CHARLOTTE BAG PINK POLKADOT,CHARLOTTE BAG SUKI DESIGN + RED RETROSPOT CHARLOTTE BAG  -->  CHARLOTTE BAG PINK POLKADOT,0.010205354692217481,0.6586151368760065,29.133906005054868,0.01549517179429598,0.022606482521146793,0.009855063361887562,2.8630253507281505
WHITE SPOT RED CERAMIC DRAWER KNOB,RED SPOT CERAMIC DRAWER KNOB,WHITE SPOT RED CERAMIC DRAWER KNOB  -->  RED SPOT CERAMIC DRAWER KNOB,0.010629538139082267,0.5226993865030676,28.814612534915323,0.02033585348204706,0.01814008034533523,0.010260644123026968,2.0571101144435784
RED SPOT CERAMIC DRAWER KNOB,WHITE SPOT RED CERAMIC DRAWER KNOB,RED SPOT CERAMIC DRAWER KNOB  -->  WHITE SPOT RED CERAMIC DRAWER KNOB,0.010629538139082267,0.5859697386519945,28.81461253491532,0.01814008034533523,0.02033585348204706,0.010260644123026968,2.3661655631845577
JUMBO BAG PEARS,JUMBO BAG APPLES,JUMBO BAG PEARS  -->  JUMBO BAG APPLES,0.010130498789829578,0.6823529411764706,27.961818837964636,0.014846420640267486,0.02440302417845647,0.009768201227981596,3.071323812771526
JUMBO BAG APPLES,JUMBO BAG PEARS,JUMBO BAG APPLES  -->  JUMBO BAG PEARS,0.010130498789829578,0.41513292433537835,27.961818837964636,0.02440302417845647,0.014846420640267486,0.009768201227981596,1.684405945129053
GREEN REGENCY TEACUP AND SAUCER + ROSES REGENCY TEACUP AND SAUCER,PINK REGENCY TEACUP AND SAUCER,GREEN REGENCY TEACUP AND SAUCER + ROSES REGENCY TEACUP AND SAUCER  -->  PINK REGENCY TEACUP AND SAUCER,0.018115128377872595,0.7096774193548387,27.77513860887097,0.02552586271427502,0.025550814681737654,0.017462921790068676,3.356436082762904
PINK REGENCY TEACUP AND SAUCER,GREEN REGENCY TEACUP AND SAUCER + ROSES REGENCY TEACUP AND SAUCER,PINK REGENCY TEACUP AND SAUCER  -->  GREEN REGENCY TEACUP AND SAUCER + ROSES REGENCY TEACUP AND SAUCER,0.018115128377872595,0.708984375,27.775138608870968,0.025550814681737654,0.02552586271427502,0.017462921790068676,3.348528579129471
GREEN REGENCY TEACUP AND SAUCER,PINK REGENCY TEACUP AND SAUCER + REGENCY CAKESTAND 3 TIER + ROSES REGENCY TEACUP AND SAUCER,GREEN REGENCY TEACUP AND SAUCER  -->  PINK REGENCY TEACUP AND SAUCER + REGENCY CAKESTAND 3 TIER + ROSES REGENCY TEACUP AND SAUCER,0.010604586171619633,0.31716417910447764,27.39437242665981,0.033435636399930135,0.011577712902662374,0.010217477972663433,1.4475255352026586
PINK REGENCY TEACUP AND SAUCER + REGENCY CAKESTAND 3 TIER + ROSES REGENCY TEACUP AND SAUCER,GREEN REGENCY TEACUP AND SAUCER,PINK REGENCY TEACUP AND SAUCER + REGENCY CAKESTAND 3 TIER + ROSES REGENCY TEACUP AND SAUCER  -->  GREEN REGENCY TEACUP AND SAUCER,0.010604586171619633,0.9159482758620691,27.394372426659807,0.011577712902662374,0.033435636399930135,0.010217477972663433,11.499637556677767
GREEN REGENCY TEACUP AND SAUCER + PINK REGENCY TEACUP AND SAUCER,REGENCY CAKESTAND 3 TIER + ROSES REGENCY TEACUP AND SAUCER,GREEN REGENCY TEACUP AND SAUCER + PINK REGENCY TEACUP AND SAUCER  -->  REGENCY CAKESTAND 3 TIER + ROSES REGENCY TEACUP AND SAUCER,0.010604586171619633,0.4976580796252928,27.098699534161494,0.0213089802130898,0.01836464805249894,0.010213254249648574,1.9541179267206665
REGENCY CAKESTAND 3 TIER + ROSES REGENCY TEACUP AND SAUCER,GREEN REGENCY TEACUP AND SAUCER + PINK REGENCY TEACUP AND SAUCER,REGENCY CAKESTAND 3 TIER + ROSES REGENCY TEACUP AND SAUCER  -->  GREEN REGENCY TEACUP AND SAUCER + PINK REGENCY TEACUP AND SAUCER,0.010604586171619633,0.5774456521739131,27.098699534161494,0.01836464805249894,0.0213089802130898,0.010213254249648574,2.3161305162802766
GREEN REGENCY TEACUP AND SAUCER,PINK REGENCY TEACUP AND SAUCER + ROSES REGENCY TEACUP AND SAUCER,GREEN REGENCY TEACUP AND SAUCER  -->  PINK REGENCY TEACUP AND SAUCER + ROSES REGENCY TEACUP AND SAUCER,0.018115128377872595,0.5417910447761194,27.006666295388726,0.033435636399930135,0.020061381839958082,0.017444363308991597,2.138628254616378
PINK REGENCY TEACUP AND SAUCER + ROSES REGENCY TEACUP AND SAUCER,GREEN REGENCY TEACUP AND SAUCER,PINK REGENCY TEACUP AND SAUCER + ROSES REGENCY TEACUP AND SAUCER  -->  GREEN REGENCY TEACUP AND SAUCER,0.018115128377872595,0.9029850746268656,27.006666295388726,0.020061381839958082,0.033435636399930135,0.017444363308991597,9.963048055569944
BLUE SPOT CERAMIC DRAWER KNOB,BLUE STRIPE CERAMIC DRAWER KNOB,BLUE SPOT CERAMIC DRAWER KNOB  -->  BLUE STRIPE CERAMIC DRAWER KNOB,0.010355066496993288,0.5410691003911343,26.937175573137257,0.019138159043840607,0.020086333807420715,0.009970651045979198,2.1352096078684895
BLUE STRIPE CERAMIC DRAWER KNOB,BLUE SPOT CERAMIC DRAWER KNOB,BLUE STRIPE CERAMIC DRAWER KNOB  -->  BLUE SPOT CERAMIC DRAWER KNOB,0.010355066496993288,0.515527950310559,26.937175573137253,0.020086333807420715,0.019138159043840607,0.009970651045979198,2.02459944094797
PINK REGENCY TEACUP AND SAUCER,GREEN REGENCY TEACUP AND SAUCER + REGENCY CAKESTAND 3 TIER,PINK REGENCY TEACUP AND SAUCER  -->  GREEN REGENCY TEACUP AND SAUCER + REGENCY CAKESTAND 3 TIER,0.012201512089228235,0.4775390625,26.879681190747895,0.025550814681737654,0.017765800833395712,0.011747581404461482,1.880014616722622
GREEN REGENCY TEACUP AND SAUCER + REGENCY CAKESTAND 3 TIER,PINK REGENCY TEACUP AND SAUCER,GREEN REGENCY TEACUP AND SAUCER + REGENCY CAKESTAND 3 TIER  -->  PINK REGENCY TEACUP AND SAUCER,0.012201512089228235,0.6867977528089888,26.879681190747895,0.017765800833395712,0.025550814681737654,0.011747581404461482,3.1112458293569634
PINK REGENCY TEACUP AND SAUCER + REGENCY CAKESTAND 3 TIER,GREEN REGENCY TEACUP AND SAUCER,PINK REGENCY TEACUP AND SAUCER + REGENCY CAKESTAND 3 TIER  -->  GREEN REGENCY TEACUP AND SAUCER,0.012201512089228235,0.8907103825136612,26.63955223880597,0.0136986301369863,0.033435636399930135,0.011743489672790836,8.844063926940638
GREEN REGENCY TEACUP AND SAUCER,PINK REGENCY TEACUP AND SAUCER + REGENCY CAKESTAND 3 TIER,GREEN REGENCY TEACUP AND SAUCER  -->  PINK REGENCY TEACUP AND SAUCER + REGENCY CAKESTAND 3 TIER,0.012201512089228235,0.3649253731343283,26.63955223880597,0.033435636399930135,0.0136986301369863,0.011743489672790836,1.5530479854482233
BLUE SPOT CERAMIC DRAWER KNOB,RED STRIPE CERAMIC DRAWER KNOB,BLUE SPOT CERAMIC DRAWER KNOB  -->  RED STRIPE CERAMIC DRAWER KNOB,0.010305162562068019,0.5384615384615384,26.157482517482517,0.019138159043840607,0.020585373156673404,0.009911196416618796,2.1220650248272075
RED STRIPE CERAMIC DRAWER KNOB,BLUE SPOT CERAMIC DRAWER KNOB,RED STRIPE CERAMIC DRAWER KNOB  -->  BLUE SPOT CERAMIC DRAWER KNOB,0.010305162562068019,0.5006060606060606,26.157482517482517,0.020585373156673404,0.019138159043840607,0.009911196416618796,1.9641044145359987
RED STRIPE CERAMIC DRAWER KNOB,WHITE SPOT RED CERAMIC DRAWER KNOB,RED STRIPE CERAMIC DRAWER KNOB  -->  WHITE SPOT RED CERAMIC DRAWER KNOB,0.01092896174863388,0.5309090909090909,26.10704740658115,0.020585373156673404,0.02033585348204706,0.010510340616246505,2.088431320096411
WHITE SPOT RED CERAMIC DRAWER KNOB,RED STRIPE CERAMIC DRAWER KNOB,WHITE SPOT RED CERAMIC DRAWER KNOB  -->  RED STRIPE CERAMIC DRAWER KNOB,0.01092896174863388,0.5374233128834356,26.10704740658115,0.02033585348204706,0.020585373156673404,0.010510340616246505,2.117302177393398
FELTCRAFT CUSHION OWL,FELTCRAFT CUSHION RABBIT,FELTCRAFT CUSHION OWL  -->  FELTCRAFT CUSHION RABBIT,0.0113780971629613,0.5211428571428571,25.88084545937334,0.021832971529805126,0.020136237742345985,0.010938463257615272,2.046254873449755
FELTCRAFT CUSHION RABBIT,FELTCRAFT CUSHION OWL,FELTCRAFT CUSHION RABBIT  -->  FELTCRAFT CUSHION OWL,0.0113780971629613,0.5650557620817843,25.880845459373337,0.020136237742345985,0.021832971529805126,0.010938463257615272,2.2489481252861743
RED RETROSPOT CHARLOTTE BAG,CHARLOTTE BAG PINK POLKADOT + CHARLOTTE BAG SUKI DESIGN,RED RETROSPOT CHARLOTTE BAG  -->  CHARLOTTE BAG PINK POLKADOT + CHARLOTTE BAG SUKI DESIGN,0.010205354692217481,0.3258964143426295,25.71053267245977,0.03131471916560621,0.01267559947101829,0.009808421854526836,1.4646478991298726
CHARLOTTE BAG PINK POLKADOT + CHARLOTTE BAG SUKI DESIGN,RED RETROSPOT CHARLOTTE BAG,CHARLOTTE BAG PINK POLKADOT + CHARLOTTE BAG SUKI DESIGN  -->  RED RETROSPOT CHARLOTTE BAG,0.010205354692217481,0.8051181102362205,25.710532672459767,0.01267559947101829,0.03131471916560621,0.009808421854526836,4.970627501655273
FELTCRAFT DOLL MOLLY,FELTCRAFT DOLL ROSIE,FELTCRAFT DOLL MOLLY  -->  FELTCRAFT DOLL ROSIE,0.010005738952516406,0.49506172839506174,25.210405195538613,0.020211093644733887,0.019637198393093296,0.00960884969687338,1.941549802693385
FELTCRAFT DOLL ROSIE,FELTCRAFT DOLL MOLLY,FELTCRAFT DOLL ROSIE  -->  FELTCRAFT DOLL MOLLY,0.010005738952516406,0.5095298602287166,25.210405195538613,0.019637198393093296,0.020211093644733887,0.00960884969687338,1.9976525111440269
KITCHEN METAL SIGN,TOILET METAL SIGN,KITCHEN METAL SIGN  -->  TOILET METAL SIGN,0.010055642887441674,0.5724431818181818,25.12793581350194,0.017566185093694637,0.022781146293385235,0.009655465055005533,2.2855882824234444
TOILET METAL SIGN,KITCHEN METAL SIGN,TOILET METAL SIGN  -->  KITCHEN METAL SIGN,0.010055642887441674,0.44140197152245336,25.12793581350194,0.022781146293385235,0.017566185093694637,0.009655465055005533,1.7587491627636402
GREEN REGENCY TEACUP AND SAUCER,PINK REGENCY TEACUP AND SAUCER,GREEN REGENCY TEACUP AND SAUCER  -->  PINK REGENCY TEACUP AND SAUCER,0.0213089802130898,0.6373134328358209,24.942978952891792,0.033435636399930135,0.025550814681737654,0.020454672463669225,2.6867528977910933
PINK REGENCY TEACUP AND SAUCER,GREEN REGENCY TEACUP AND SAUCER,PINK REGENCY TEACUP AND SAUCER  -->  GREEN REGENCY TEACUP AND SAUCER,0.0213089802130898,0.833984375,24.94297895289179,0.025550814681737654,0.033435636399930135,0.020454672463669225,5.822128872508656
EDWARDIAN PARASOL BLACK,EDWARDIAN PARASOL RED,EDWARDIAN PARASOL BLACK  -->  EDWARDIAN PARASOL RED,0.01042992239938119,0.4427966101694915,24.819524119947847,0.0235546572847269,0.017840656735783618,0.010009691844235353,1.7626585932346395
EDWARDIAN PARASOL RED,EDWARDIAN PARASOL BLACK,EDWARDIAN PARASOL RED  -->  EDWARDIAN PARASOL BLACK,0.01042992239938119,0.5846153846153845,24.819524119947843,0.017840656735783618,0.0235546572847269,0.010009691844235353,2.3507017509812123
FELTCRAFT CUSHION BUTTERFLY,FELTCRAFT CUSHION OWL,FELTCRAFT CUSHION BUTTERFLY  -->  FELTCRAFT CUSHION OWL,0.010554682236694363,0.5395408163265306,24.712202623906705,0.019562342490705393,0.021832971529805126,0.010127578170038495,2.124329502273221
FELTCRAFT CUSHION OWL,FELTCRAFT CUSHION BUTTERFLY,FELTCRAFT CUSHION OWL  -->  FELTCRAFT CUSHION BUTTERFLY,0.010554682236694363,0.4834285714285714,24.712202623906702,0.021832971529805126,0.019562342490705393,0.010127578170038495,1.8979711290279482
GREEN REGENCY TEACUP AND SAUCER + PINK REGENCY TEACUP AND SAUCER + REGENCY CAKESTAND 3 TIER,ROSES REGENCY TEACUP AND SAUCER,GREEN REGENCY TEACUP AND SAUCER + PINK REGENCY TEACUP AND SAUCER + REGENCY CAKESTAND 3 TIER  -->  ROSES REGENCY TEACUP AND SAUCER,0.010604586171619633,0.869120654396728,24.70336770656572,0.012201512089228235,0.03518227412231455,0.01017530922858967,7.371810436784191
ROSES REGENCY TEACUP AND SAUCER,GREEN REGENCY TEACUP AND SAUCER + PINK REGENCY TEACUP AND SAUCER + REGENCY CAKESTAND 3 TIER,ROSES REGENCY TEACUP AND SAUCER  -->  GREEN REGENCY TEACUP AND SAUCER + PINK REGENCY TEACUP AND SAUCER + REGENCY CAKESTAND 3 TIER,0.010604586171619633,0.30141843971631205,24.70336770656572,0.03518227412231455,0.012201512089228235,0.01017530922858967,1.4140059573138966
PINK REGENCY TEACUP AND SAUCER,REGENCY CAKESTAND 3 TIER + ROSES REGENCY TEACUP AND SAUCER,PINK REGENCY TEACUP AND SAUCER  -->  REGENCY CAKESTAND 3 TIER + ROSES REGENCY TEACUP AND SAUCER,0.011577712902662374,0.453125,24.673764436141305,0.025550814681737654,0.01836464805249894,0.011108481183577639,1.7949903578468591
REGENCY CAKESTAND 3 TIER + ROSES REGENCY TEACUP AND SAUCER,PINK REGENCY TEACUP AND SAUCER,REGENCY CAKESTAND 3 TIER + ROSES REGENCY TEACUP AND SAUCER  -->  PINK REGENCY TEACUP AND SAUCER,0.011577712902662374,0.6304347826086956,24.6737644361413,0.01836464805249894,0.025550814681737654,0.011108481183577639,2.6367448543905914
SUKI SHOULDER BAG,SKULL SHOULDER BAG,SUKI SHOULDER BAG  -->  SKULL SHOULDER BAG,0.010105546822366944,0.43973941368078173,24.308188251151293,0.02298076203308631,0.018090176410409962,0.00968982078314276,1.7525948595465355
SKULL SHOULDER BAG,SUKI SHOULDER BAG,SKULL SHOULDER BAG  -->  SUKI SHOULDER BAG,0.010105546822366944,0.5586206896551723,24.308188251151293,0.018090176410409962,0.02298076203308631,0.00968982078314276,2.2135592110187883
GREEN REGENCY TEACUP AND SAUCER + PINK REGENCY TEACUP AND SAUCER,ROSES REGENCY TEACUP AND SAUCER,GREEN REGENCY TEACUP AND SAUCER + PINK REGENCY TEACUP AND SAUCER  -->  ROSES REGENCY TEACUP AND SAUCER,0.018115128377872595,0.8501170960187354,24.16322188449848,0.0213089802130898,0.03518227412231455,0.017365429994748695,6.437143264840185
ROSES REGENCY TEACUP AND SAUCER,GREEN REGENCY TEACUP AND SAUCER + PINK REGENCY TEACUP AND SAUCER,ROSES REGENCY TEACUP AND SAUCER  -->  GREEN REGENCY TEACUP AND SAUCER + PINK REGENCY TEACUP AND SAUCER,0.018115128377872595,0.5148936170212766,24.16322188449848,0.03518227412231455,0.0213089802130898,0.017365429994748695,2.0174771021923146
ROSES REGENCY TEACUP AND SAUCER,PINK REGENCY TEACUP AND SAUCER + REGENCY CAKESTAND 3 TIER,ROSES REGENCY TEACUP AND SAUCER  -->  PINK REGENCY TEACUP AND SAUCER + REGENCY CAKESTAND 3 TIER,0.011577712902662374,0.32907801418439714,24.02269503546099,0.03518227412231455,0.0136986301369863,0.011095763942082722,1.4700686379565002
PINK REGENCY TEACUP AND SAUCER + REGENCY CAKESTAND 3 TIER,ROSES REGENCY TEACUP AND SAUCER,PINK REGENCY TEACUP AND SAUCER + REGENCY CAKESTAND 3 TIER  -->  ROSES REGENCY TEACUP AND SAUCER,0.011577712902662374,0.8451730418943534,24.02269503546099,0.0136986301369863,0.03518227412231455,0.011095763942082722,6.231587429492345
GREEN REGENCY TEACUP AND SAUCER,REGENCY CAKESTAND 3 TIER + ROSES REGENCY TEACUP AND SAUCER,GREEN REGENCY TEACUP AND SAUCER  -->  REGENCY CAKESTAND 3 TIER + ROSES REGENCY TEACUP AND SAUCER,0.014222621453701624,0.4253731343283582,23.1626074789098,0.033435636399930135,0.01836464805249894,0.013608587758805584,1.7083004826099368
REGENCY CAKESTAND 3 TIER + ROSES REGENCY TEACUP AND SAUCER,GREEN REGENCY TEACUP AND SAUCER,REGENCY CAKESTAND 3 TIER + ROSES REGENCY TEACUP AND SAUCER  -->  GREEN REGENCY TEACUP AND SAUCER,0.014222621453701624,0.7744565217391304,23.162607478909795,0.01836464805249894,0.033435636399930135,0.013608587758805584,4.285490190419585
LARGE HEART MEASURING SPOONS,SMALL HEART MEASURING SPOONS,LARGE HEART MEASURING SPOONS  -->  SMALL HEART MEASURING SPOONS,0.011253337325648127,0.5595533498759305,22.88287714589558,0.020111285774883348,0.02445292811338174,0.010761557500327227,2.2149040561707447
SMALL HEART MEASURING SPOONS,LARGE HEART MEASURING SPOONS,SMALL HEART MEASURING SPOONS  -->  LARGE HEART MEASURING SPOONS,0.011253337325648127,0.46020408163265303,22.88287714589558,0.02445292811338174,0.020111285774883348,0.010761557500327227,1.8152947824964354
ROSES REGENCY TEACUP AND SAUCER,GREEN REGENCY TEACUP AND SAUCER + REGENCY CAKESTAND 3 TIER,ROSES REGENCY TEACUP AND SAUCER  -->  GREEN REGENCY TEACUP AND SAUCER + REGENCY CAKESTAND 3 TIER,0.014222621453701624,0.40425531914893614,22.75469160889314,0.03518227412231455,0.017765800833395712,0.013597580178778653,1.6487502628868
GREEN REGENCY TEACUP AND SAUCER + REGENCY CAKESTAND 3 TIER,ROSES REGENCY TEACUP AND SAUCER,GREEN REGENCY TEACUP AND SAUCER + REGENCY CAKESTAND 3 TIER  -->  ROSES REGENCY TEACUP AND SAUCER,0.014222621453701624,0.800561797752809,22.754691608893136,0.017765800833395712,0.03518227412231455,0.013597580178778653,4.837677611443043
CHARLOTTE BAG PINK POLKADOT,RED RETROSPOT CHARLOTTE BAG,CHARLOTTE BAG PINK POLKADOT  -->  RED RETROSPOT CHARLOTTE BAG,0.015994211143548667,0.7075055187637969,22.59338539880214,0.022606482521146793,0.03131471916560621,0.01528629549207677,3.3118070356073983
RED RETROSPOT CHARLOTTE BAG,CHARLOTTE BAG PINK POLKADOT,RED RETROSPOT CHARLOTTE BAG  -->  CHARLOTTE BAG PINK POLKADOT,0.015994211143548667,0.5107569721115538,22.59338539880214,0.03131471916560621,0.022606482521146793,0.01528629549207677,1.997766880188861
ROSES REGENCY TEACUP AND SAUCER,PINK REGENCY TEACUP AND SAUCER,ROSES REGENCY TEACUP AND SAUCER  -->  PINK REGENCY TEACUP AND SAUCER,0.020061381839958082,0.5702127659574469,22.31681349734043,0.03518227412231455,0.025550814681737654,0.019162446073776727,2.2672827579187294
PINK REGENCY TEACUP AND SAUCER,ROSES REGENCY TEACUP AND SAUCER,PINK REGENCY TEACUP AND SAUCER  -->  ROSES REGENCY TEACUP AND SAUCER,0.020061381839958082,0.7851562500000001,22.316813497340426,0.025550814681737654,0.03518227412231455,0.019162446073776727,4.490787960448865
GREEN REGENCY TEACUP AND SAUCER,ROSES REGENCY TEACUP AND SAUCER,GREEN REGENCY TEACUP AND SAUCER  -->  ROSES REGENCY TEACUP AND SAUCER,0.02552586271427502,0.7634328358208955,21.699360114322005,0.033435636399930135,0.03518227412231455,0.02434952098899864,4.078409314435642
ROSES REGENCY TEACUP AND SAUCER,GREEN REGENCY TEACUP AND SAUCER,ROSES REGENCY TEACUP AND SAUCER  -->  GREEN REGENCY TEACUP AND SAUCER,0.02552586271427502,0.725531914893617,21.699360114322005,0.03518227412231455,0.033435636399930135,0.02434952098899864,3.5215910921863007
ALARM CLOCK BAKELIKE RED,ALARM CLOCK BAKELIKE ORANGE,ALARM CLOCK BAKELIKE RED  -->  ALARM CLOCK BAKELIKE ORANGE,0.010579634204156998,0.31107850330154074,20.37106728237884,0.034009531651570724,0.01527060408713227,0.010060288111117067,1.4293782392217664
ALARM CLOCK BAKELIKE ORANGE,ALARM CLOCK BAKELIKE RED,ALARM CLOCK BAKELIKE ORANGE  -->  ALARM CLOCK BAKELIKE RED,0.010579634204156998,0.6928104575163399,20.371067282378835,0.01527060408713227,0.034009531651570724,0.010060288111117067,3.144607269304461
HAND WARMER OWL DESIGN,HAND WARMER SCOTTY DOG DESIGN,HAND WARMER OWL DESIGN  -->  HAND WARMER SCOTTY DOG DESIGN,0.016193826883249746,0.5354785478547855,19.815672910781384,0.030241784564712926,0.027022980762033088,0.015376603720747959,2.094579302515837
HAND WARMER SCOTTY DOG DESIGN,HAND WARMER OWL DESIGN,HAND WARMER SCOTTY DOG DESIGN  -->  HAND WARMER OWL DESIGN,0.016193826883249746,0.5992613111726686,19.815672910781384,0.027022980762033088,0.030241784564712926,0.015376603720747959,2.4199266067198524
ALARM CLOCK BAKELIKE IVORY,ALARM CLOCK BAKELIKE RED,ALARM CLOCK BAKELIKE IVORY  -->  ALARM CLOCK BAKELIKE RED,0.012525887666242482,0.6729222520107238,19.786284001345397,0.018614167727125285,0.034009531651570724,0.011892828539759169,2.9533970876554427
ALARM CLOCK BAKELIKE RED,ALARM CLOCK BAKELIKE IVORY,ALARM CLOCK BAKELIKE RED  -->  ALARM CLOCK BAKELIKE IVORY,0.012525887666242482,0.36830520909757886,19.786284001345397,0.034009531651570724,0.018614167727125285,0.011892828539759169,1.5535759458628668
TOILET METAL SIGN,BATHROOM METAL SIGN,TOILET METAL SIGN  -->  BATHROOM METAL SIGN,0.016817626069815603,0.7382256297918948,19.71077186220504,0.022781146293385235,0.03745290316141428,0.015964406003783436,3.677010457797609
BATHROOM METAL SIGN,TOILET METAL SIGN,BATHROOM METAL SIGN  -->  TOILET METAL SIGN,0.016817626069815603,0.4490339773484343,19.71077186220504,0.03745290316141428,0.022781146293385235,0.015964406003783436,1.7736463112619452
BATHROOM METAL SIGN,KITCHEN METAL SIGN,BATHROOM METAL SIGN  -->  KITCHEN METAL SIGN,0.012950071113107269,0.3457694870086609,19.683812117679125,0.03745290316141428,0.017566185093694637,0.012292166483877645,1.501663091827255
KITCHEN METAL SIGN,BATHROOM METAL SIGN,KITCHEN METAL SIGN  -->  BATHROOM METAL SIGN,0.012950071113107269,0.7372159090909092,19.683812117679125,0.017566185093694637,0.03745290316141428,0.012292166483877645,3.6628819252668356
HAND WARMER OWL DESIGN,HAND WARMER BIRD DESIGN,HAND WARMER OWL DESIGN  -->  HAND WARMER BIRD DESIGN,0.01554507572922125,0.5140264026402641,19.54519557743251,0.030241784564712926,0.026299373705616687,0.014749735735429113,2.003608079913061
HAND WARMER BIRD DESIGN,HAND WARMER OWL DESIGN,HAND WARMER BIRD DESIGN  -->  HAND WARMER OWL DESIGN,0.01554507572922125,0.5910815939278937,19.545195577432505,0.026299373705616687,0.030241784564712926,0.014749735735429113,2.3715200906468503
HAND WARMER BIRD DESIGN,HAND WARMER SCOTTY DOG DESIGN,HAND WARMER BIRD DESIGN  -->  HAND WARMER SCOTTY DOG DESIGN,0.013848341941762108,0.5265654648956357,19.48583946133185,0.026299373705616687,0.027022980762033088,0.01313765447206171,2.0551458482501346
HAND WARMER SCOTTY DOG DESIGN,HAND WARMER BIRD DESIGN,HAND WARMER SCOTTY DOG DESIGN  -->  HAND WARMER BIRD DESIGN,0.013848341941762108,0.5124653739612188,19.485839461331846,0.027022980762033088,0.026299373705616687,0.01313765447206171,1.9971927618879113
RED RETROSPOT CHARLOTTE BAG + WOODLAND CHARLOTTE BAG,CHARLOTTE BAG SUKI DESIGN,RED RETROSPOT CHARLOTTE BAG + WOODLAND CHARLOTTE BAG  -->  CHARLOTTE BAG SUKI DESIGN,0.010005738952516406,0.6773648648648649,19.34907461809636,0.014771564737879581,0.0350076103500761,0.009488621769911793,2.990971176297147
CHARLOTTE BAG SUKI DESIGN,RED RETROSPOT CHARLOTTE BAG + WOODLAND CHARLOTTE BAG,CHARLOTTE BAG SUKI DESIGN  -->  RED RETROSPOT CHARLOTTE BAG + WOODLAND CHARLOTTE BAG,0.010005738952516406,0.285816108339273,19.34907461809636,0.0350076103500761,0.014771564737879581,0.009488621769911793,1.3795164617492564
ALARM CLOCK BAKELIKE RED,ALARM CLOCK BAKELIKE GREEN,ALARM CLOCK BAKELIKE RED  -->  ALARM CLOCK BAKELIKE GREEN,0.02085984479876238,0.6133528980190756,19.309775407628035,0.034009531651570724,0.03176385457993363,0.019779570981050237,2.5041857043786537
ALARM CLOCK BAKELIKE GREEN,ALARM CLOCK BAKELIKE RED,ALARM CLOCK BAKELIKE GREEN  -->  ALARM CLOCK BAKELIKE RED,0.02085984479876238,0.6567164179104477,19.309775407628035,0.03176385457993363,0.034009531651570724,0.019779570981050237,2.813972233884554
RED HARMONICA IN BOX,BLUE HARMONICA IN BOX,RED HARMONICA IN BOX  -->  BLUE HARMONICA IN BOX,0.011802280609826086,0.46146341463414636,19.204640984727607,0.02557576664920029,0.024028744666516954,0.011187727043362032,1.812265465066703
BLUE HARMONICA IN BOX,RED HARMONICA IN BOX,BLUE HARMONICA IN BOX  -->  RED HARMONICA IN BOX,0.011802280609826086,0.4911734164070613,19.204640984727604,0.024028744666516954,0.02557576664920029,0.011187727043362032,1.9150419116669803
ALARM CLOCK BAKELIKE GREEN,ALARM CLOCK BAKELIKE IVORY,ALARM CLOCK BAKELIKE GREEN  -->  ALARM CLOCK BAKELIKE IVORY,0.011128577488334955,0.3503534956794972,18.82187271628312,0.03176385457993363,0.018614167727125285,0.010537319771524053,1.5106459062676774
ALARM CLOCK BAKELIKE IVORY,ALARM CLOCK BAKELIKE GREEN,ALARM CLOCK BAKELIKE IVORY  -->  ALARM CLOCK BAKELIKE GREEN,0.011128577488334955,0.5978552278820375,18.82187271628312,0.018614167727125285,0.03176385457993363,0.010537319771524053,2.4076805482778982
RED RETROSPOT CHARLOTTE BAG,CHARLOTTE BAG SUKI DESIGN + WOODLAND CHARLOTTE BAG,RED RETROSPOT CHARLOTTE BAG  -->  CHARLOTTE BAG SUKI DESIGN + WOODLAND CHARLOTTE BAG,0.010005738952516406,0.3195219123505976,18.5050284411487,0.03131471916560621,0.017266761484143026,0.009465035165740961,1.444180578849415
CHARLOTTE BAG SUKI DESIGN + WOODLAND CHARLOTTE BAG,RED RETROSPOT CHARLOTTE BAG,CHARLOTTE BAG SUKI DESIGN + WOODLAND CHARLOTTE BAG  -->  RED RETROSPOT CHARLOTTE BAG,0.010005738952516406,0.5794797687861272,18.5050284411487,0.017266761484143026,0.03131471916560621,0.009465035165740961,2.3035402554549846
HAND WARMER OWL DESIGN,HAND WARMER RED RETROSPOT,HAND WARMER OWL DESIGN  -->  HAND WARMER RED RETROSPOT,0.010130498789829578,0.334983498349835,18.315325598044115,0.030241784564712926,0.018289792150111037,0.009577382835892543,1.476219319992637
HAND WARMER RED RETROSPOT,HAND WARMER OWL DESIGN,HAND WARMER RED RETROSPOT  -->  HAND WARMER OWL DESIGN,0.010130498789829578,0.5538881309686221,18.315325598044115,0.018289792150111037,0.030241784564712926,0.009577382835892543,2.173800525731087
CHARLOTTE BAG PINK POLKADOT + RED RETROSPOT CHARLOTTE BAG,CHARLOTTE BAG SUKI DESIGN,CHARLOTTE BAG PINK POLKADOT + RED RETROSPOT CHARLOTTE BAG  -->  CHARLOTTE BAG SUKI DESIGN,0.010205354692217481,0.6380655226209049,18.22648036356237,0.015994211143548667,0.0350076103500761,0.009645435580647285,2.666207421403454
CHARLOTTE BAG SUKI DESIGN,CHARLOTTE BAG PINK POLKADOT + RED RETROSPOT CHARLOTTE BAG,CHARLOTTE BAG SUKI DESIGN  -->  CHARLOTTE BAG PINK POLKADOT + RED RETROSPOT CHARLOTTE BAG,0.010205354692217481,0.2915181753385602,18.22648036356237,0.0350076103500761,0.015994211143548667,0.009645435580647285,1.3888934826615706
DOLLY GIRL LUNCH BOX,SPACEBOY LUNCH BOX,DOLLY GIRL LUNCH BOX  -->  SPACEBOY LUNCH BOX,0.02068518102652394,0.6219054763690923,18.219375567576108,0.03326097262769169,0.034134291488883896,0.019549841291646525,2.5545614869946784
SPACEBOY LUNCH BOX,DOLLY GIRL LUNCH BOX,SPACEBOY LUNCH BOX  -->  DOLLY GIRL LUNCH BOX,0.02068518102652394,0.6059941520467836,18.219375567576108,0.034134291488883896,0.03326097262769169,0.019549841291646525,2.453615935891128
ALARM CLOCK BAKELIKE PINK,ALARM CLOCK BAKELIKE RED,ALARM CLOCK BAKELIKE PINK  -->  ALARM CLOCK BAKELIKE RED,0.01482146867280485,0.6130030959752322,18.024449799999548,0.024178456471292763,0.034009531651570724,0.013999170692158294,2.496119370212341
ALARM CLOCK BAKELIKE RED,ALARM CLOCK BAKELIKE PINK,ALARM CLOCK BAKELIKE RED  -->  ALARM CLOCK BAKELIKE PINK,0.01482146867280485,0.4358033749082906,18.024449799999548,0.034009531651570724,0.024178456471292763,0.013999170692158294,1.7295770660983458
STRAWBERRY CHARLOTTE BAG,CHARLOTTE BAG SUKI DESIGN + WOODLAND CHARLOTTE BAG,STRAWBERRY CHARLOTTE BAG  -->  CHARLOTTE BAG SUKI DESIGN + WOODLAND CHARLOTTE BAG,0.0106544901065449,0.30964467005076135,17.932990522578557,0.03440876313097288,0.017266761484143026,0.010060362200598017,1.4235179999089984
CHARLOTTE BAG SUKI DESIGN + WOODLAND CHARLOTTE BAG,STRAWBERRY CHARLOTTE BAG,CHARLOTTE BAG SUKI DESIGN + WOODLAND CHARLOTTE BAG  -->  STRAWBERRY CHARLOTTE BAG,0.0106544901065449,0.6170520231213872,17.932990522578557,0.017266761484143026,0.03440876313097288,0.010060362200598017,2.5214684374089305
WOODLAND CHARLOTTE BAG,CHARLOTTE BAG SUKI DESIGN + STRAWBERRY CHARLOTTE BAG,WOODLAND CHARLOTTE BAG  -->  CHARLOTTE BAG SUKI DESIGN + STRAWBERRY CHARLOTTE BAG,0.0106544901065449,0.27145581691036236,17.718460544489563,0.03924944481872396,0.01532050802205754,0.010053168672338336,1.3515714143815911
CHARLOTTE BAG SUKI DESIGN + STRAWBERRY CHARLOTTE BAG,WOODLAND CHARLOTTE BAG,CHARLOTTE BAG SUKI DESIGN + STRAWBERRY CHARLOTTE BAG  -->  WOODLAND CHARLOTTE BAG,0.0106544901065449,0.6954397394136808,17.718460544489563,0.01532050802205754,0.03924944481872396,0.010053168672338336,3.154549951236917
LUNCH BAG BLACK SKULL. + LUNCH BAG RED RETROSPOT,LUNCH BAG PINK POLKADOT,LUNCH BAG BLACK SKULL. + LUNCH BAG RED RETROSPOT  -->  LUNCH BAG PINK POLKADOT,0.010604586171619633,0.5644090305444887,17.65793966989186,0.018788831499363726,0.0319634703196347,0.010004029913649102,2.2223521550283993
LUNCH BAG PINK POLKADOT,LUNCH BAG BLACK SKULL. + LUNCH BAG RED RETROSPOT,LUNCH BAG PINK POLKADOT  -->  LUNCH BAG BLACK SKULL. + LUNCH BAG RED RETROSPOT,0.010604586171619633,0.33177205308352853,17.65793966989186,0.0319634703196347,0.018788831499363726,0.010004029913649102,1.468377928562284
CHARLOTTE BAG SUKI DESIGN,STRAWBERRY CHARLOTTE BAG + WOODLAND CHARLOTTE BAG,CHARLOTTE BAG SUKI DESIGN  -->  STRAWBERRY CHARLOTTE BAG + WOODLAND CHARLOTTE BAG,0.0106544901065449,0.30434782608695654,17.600790513833992,0.0350076103500761,0.01729171345160566,0.01004914853974592,1.4126431619133168
STRAWBERRY CHARLOTTE BAG + WOODLAND CHARLOTTE BAG,CHARLOTTE BAG SUKI DESIGN,STRAWBERRY CHARLOTTE BAG + WOODLAND CHARLOTTE BAG  -->  CHARLOTTE BAG SUKI DESIGN,0.0106544901065449,0.6161616161616161,17.600790513833992,0.01729171345160566,0.0350076103500761,0.01004914853974592,2.5140591204037492
EDWARDIAN PARASOL NATURAL,EDWARDIAN PARASOL BLACK,EDWARDIAN PARASOL NATURAL  -->  EDWARDIAN PARASOL BLACK,0.011877136512213988,0.4142732811140122,17.587743948311722,0.02866981061456696,0.0235546572847269,0.011201828948769837,1.6670664172063132
EDWARDIAN PARASOL BLACK,EDWARDIAN PARASOL NATURAL,EDWARDIAN PARASOL BLACK  -->  EDWARDIAN PARASOL NATURAL,0.011877136512213988,0.5042372881355932,17.587743948311722,0.0235546572847269,0.02866981061456696,0.011201828948769837,1.9592643136321555
LUNCH BAG RED SPOTTY,LUNCH BAG PINK RETROSPOT,LUNCH BAG RED SPOTTY  -->  LUNCH BAG PINK RETROSPOT,0.010754297976395438,0.35356849876948315,17.493783611338984,0.03041644833695137,0.020211093644733887,0.010139548290717103,1.5156886762018646
LUNCH BAG PINK RETROSPOT,LUNCH BAG RED SPOTTY,LUNCH BAG PINK RETROSPOT  -->  LUNCH BAG RED SPOTTY,0.010754297976395438,0.5320987654320988,17.493783611338984,0.020211093644733887,0.03041644833695137,0.010139548290717103,2.0721970365358033
ALARM CLOCK BAKELIKE PINK,ALARM CLOCK BAKELIKE GREEN,ALARM CLOCK BAKELIKE PINK  -->  ALARM CLOCK BAKELIKE GREEN,0.01329939865758415,0.5500515995872033,17.316903343799172,0.024178456471292763,0.03176385457993363,0.012531397682262753,2.151882625945056
ALARM CLOCK BAKELIKE GREEN,ALARM CLOCK BAKELIKE PINK,ALARM CLOCK BAKELIKE GREEN  -->  ALARM CLOCK BAKELIKE PINK,0.01329939865758415,0.4186959937156323,17.31690334379917,0.03176385457993363,0.024178456471292763,0.012531397682262753,1.678676790421681
SET OF 20 VINTAGE CHRISTMAS NAPKINS,60 CAKE CASES VINTAGE CHRISTMAS,SET OF 20 VINTAGE CHRISTMAS NAPKINS  -->  60 CAKE CASES VINTAGE CHRISTMAS,0.01195199241460189,0.44106813996316757,17.013174057077833,0.02709783666442099,0.02592509419367717,0.011249478446631898,1.7427435711790222
60 CAKE CASES VINTAGE CHRISTMAS,SET OF 20 VINTAGE CHRISTMAS NAPKINS,60 CAKE CASES VINTAGE CHRISTMAS  -->  SET OF 20 VINTAGE CHRISTMAS NAPKINS,0.01195199241460189,0.46102021174205965,17.01317405707783,0.02592509419367717,0.02709783666442099,0.011249478446631898,1.805080978045833
HAND WARMER UNION JACK,HAND WARMER OWL DESIGN,HAND WARMER UNION JACK  -->  HAND WARMER OWL DESIGN,0.011003817651021782,0.513986013986014,16.99588901197812,0.02140878808294034,0.030241784564712926,0.010356377694025908,1.9953298533416697
HAND WARMER OWL DESIGN,HAND WARMER UNION JACK,HAND WARMER OWL DESIGN  -->  HAND WARMER UNION JACK,0.011003817651021782,0.36386138613861385,16.99588901197812,0.030241784564712926,0.02140878808294034,0.010356377694025908,1.5383301541419927
WOOD S/3 CABINET ANT WHITE FINISH,WOOD 2 DRAWER CABINET WHITE FINISH,WOOD S/3 CABINET ANT WHITE FINISH  -->  WOOD 2 DRAWER CABINET WHITE FINISH,0.012625695536093022,0.4720149253731344,16.845006379500543,0.026748509119944107,0.028021059460538462,0.011876173971562312,1.84092124427262
WOOD 2 DRAWER CABINET WHITE FINISH,WOOD S/3 CABINET ANT WHITE FINISH,WOOD 2 DRAWER CABINET WHITE FINISH  -->  WOOD S/3 CABINET ANT WHITE FINISH,0.012625695536093022,0.4505788067675869,16.845006379500543,0.028021059460538462,0.026748509119944107,0.011876173971562312,1.7714123569826628
PLASTERS IN TIN CIRCUS PARADE,PLASTERS IN TIN STRONGMAN,PLASTERS IN TIN CIRCUS PARADE  -->  PLASTERS IN TIN STRONGMAN,0.011877136512213988,0.3979933110367893,16.684495738934523,0.029842553085310777,0.023854080894278516,0.011165269836825184,1.6214868322922817
PLASTERS IN TIN STRONGMAN,PLASTERS IN TIN CIRCUS PARADE,PLASTERS IN TIN STRONGMAN  -->  PLASTERS IN TIN CIRCUS PARADE,0.011877136512213988,0.49790794979079495,16.684495738934523,0.023854080894278516,0.029842553085310777,0.011165269836825184,1.9322302484384228
IVORY KITCHEN SCALES,RED KITCHEN SCALES,IVORY KITCHEN SCALES  -->  RED KITCHEN SCALES,0.011976944382064526,0.3937653814602133,16.611510729243125,0.03041644833695137,0.023704369089502707,0.01125594166429364,1.610425404708926
RED KITCHEN SCALES,IVORY KITCHEN SCALES,RED KITCHEN SCALES  -->  IVORY KITCHEN SCALES,0.011976944382064526,0.5052631578947369,16.611510729243125,0.023704369089502707,0.03041644833695137,0.01125594166429364,1.959796540595524
WOODLAND CHARLOTTE BAG,CHARLOTTE BAG SUKI DESIGN + RED RETROSPOT CHARLOTTE BAG,WOODLAND CHARLOTTE BAG  -->  CHARLOTTE BAG SUKI DESIGN + RED RETROSPOT CHARLOTTE BAG,0.010005738952516406,0.25492689129052765,16.45202096980753,0.03924944481872396,0.01549517179429598,0.009397562062219538,1.3213533231805226
CHARLOTTE BAG SUKI DESIGN + RED RETROSPOT CHARLOTTE BAG,WOODLAND CHARLOTTE BAG,CHARLOTTE BAG SUKI DESIGN + RED RETROSPOT CHARLOTTE BAG  -->  WOODLAND CHARLOTTE BAG,0.010005738952516406,0.6457326892109501,16.45202096980753,0.01549517179429598,0.03924944481872396,0.009397562062219538,2.7119367943980563
PINK CREAM FELT CRAFT TRINKET BOX,PINK BLUE FELT CRAFT TRINKET BOX,PINK CREAM FELT CRAFT TRINKET BOX  -->  PINK BLUE FELT CRAFT TRINKET BOX,0.01629363475310028,0.4674302075876879,16.318118841020702,0.034857898545300296,0.028644858647104324,0.015295135176535052,1.8239020597714992
PINK BLUE FELT CRAFT TRINKET BOX,PINK CREAM FELT CRAFT TRINKET BOX,PINK BLUE FELT CRAFT TRINKET BOX  -->  PINK CREAM FELT CRAFT TRINKET BOX,0.01629363475310028,0.5688153310104529,16.318118841020702,0.028644858647104324,0.034857898545300296,0.015295135176535052,2.2383497625656466
CHARLOTTE BAG PINK POLKADOT,CHARLOTTE BAG SUKI DESIGN,CHARLOTTE BAG PINK POLKADOT  -->  CHARLOTTE BAG SUKI DESIGN,0.01267559947101829,0.5607064017660044,16.016700259141953,0.022606482521146793,0.0350076103500761,0.011884200539532177,2.1966912186503293
CHARLOTTE BAG SUKI DESIGN,CHARLOTTE BAG PINK POLKADOT,CHARLOTTE BAG SUKI DESIGN  -->  CHARLOTTE BAG PINK POLKADOT,0.01267559947101829,0.3620812544547399,16.016700259141953,0.0350076103500761,0.022606482521146793,0.011884200539532177,1.532159893880258
SINGLE HEART ZINC T-LIGHT HOLDER,HANGING HEART ZINC T-LIGHT HOLDER,SINGLE HEART ZINC T-LIGHT HOLDER  -->  HANGING HEART ZINC T-LIGHT HOLDER,0.016992289842054045,0.5947598253275109,15.650813867137659,0.02857000274471642,0.038001846445592236,0.015906576984799182,2.373896305646114
HANGING HEART ZINC T-LIGHT HOLDER,SINGLE HEART ZINC T-LIGHT HOLDER,HANGING HEART ZINC T-LIGHT HOLDER  -->  SINGLE HEART ZINC T-LIGHT HOLDER,0.016992289842054045,0.4471437951411687,15.650813867137657,0.038001846445592236,0.02857000274471642,0.015906576984799182,1.7571115033489275
SET OF 3 HEART COOKIE CUTTERS,SET OF 3 BUTTERFLY COOKIE CUTTERS,SET OF 3 HEART COOKIE CUTTERS  -->  SET OF 3 BUTTERFLY COOKIE CUTTERS,0.013174638820270979,0.4230769230769231,15.220515122220688,0.03114005539336777,0.027796491753374755,0.012309054527329598,1.685152747627484
SET OF 3 BUTTERFLY COOKIE CUTTERS,SET OF 3 HEART COOKIE CUTTERS,SET OF 3 BUTTERFLY COOKIE CUTTERS  -->  SET OF 3 HEART COOKIE CUTTERS,0.013174638820270979,0.473967684021544,15.220515122220688,0.027796491753374755,0.03114005539336777,0.012309054527329598,1.8418259015218232
PLASTERS IN TIN SPACEBOY,PLASTERS IN TIN WOODLAND ANIMALS,PLASTERS IN TIN SPACEBOY  -->  PLASTERS IN TIN WOODLAND ANIMALS,0.01549517179429598,0.4780600461893764,15.026833310691481,0.032412605733962124,0.031813758514858896,0.014464004982638378,1.8549762945268413
PLASTERS IN TIN WOODLAND ANIMALS,PLASTERS IN TIN SPACEBOY,PLASTERS IN TIN WOODLAND ANIMALS  -->  PLASTERS IN TIN SPACEBOY,0.01549517179429598,0.48705882352941177,15.026833310691481,0.031813758514858896,0.032412605733962124,0.014464004982638378,1.8863515713902115
SET/6 RED SPOTTY PAPER PLATES,SET/20 RED RETROSPOT PAPER NAPKINS,SET/6 RED SPOTTY PAPER PLATES  -->  SET/20 RED RETROSPOT PAPER NAPKINS,0.0106544901065449,0.43394308943089427,14.725772392143904,0.02455273598323228,0.02946827357337126,0.009930963365616255,1.7145479691271142
SET/20 RED RETROSPOT PAPER NAPKINS,SET/6 RED SPOTTY PAPER PLATES,SET/20 RED RETROSPOT PAPER NAPKINS  -->  SET/6 RED SPOTTY PAPER PLATES,0.0106544901065449,0.36155800169348007,14.725772392143902,0.02946827357337126,0.02455273598323228,0.009930963365616255,1.5278557278565021
PLASTERS IN TIN SPACEBOY,PLASTERS IN TIN CIRCUS PARADE,PLASTERS IN TIN SPACEBOY  -->  PLASTERS IN TIN CIRCUS PARADE,0.014097861616388452,0.43494996150885296,14.574824086446739,0.032412605733962124,0.029842553085310777,0.01313058670913944,1.7169407677686395
PLASTERS IN TIN CIRCUS PARADE,PLASTERS IN TIN SPACEBOY,PLASTERS IN TIN CIRCUS PARADE  -->  PLASTERS IN TIN SPACEBOY,0.014097861616388452,0.47240802675585286,14.574824086446739,0.029842553085310777,0.032412605733962124,0.01313058670913944,1.8339691339812698
LUNCH BAG BLACK SKULL. + LUNCH BAG PINK POLKADOT,LUNCH BAG RED RETROSPOT,LUNCH BAG BLACK SKULL. + LUNCH BAG PINK POLKADOT  -->  LUNCH BAG RED RETROSPOT,0.010604586171619633,0.6661442006269593,14.532967408016685,0.015919355241160765,0.04583676422885945,0.009874894438755088,2.858010067708863
LUNCH BAG RED RETROSPOT,LUNCH BAG BLACK SKULL. + LUNCH BAG PINK POLKADOT,LUNCH BAG RED RETROSPOT  -->  LUNCH BAG BLACK SKULL. + LUNCH BAG PINK POLKADOT,0.010604586171619633,0.23135547087642896,14.532967408016683,0.04583676422885945,0.015919355241160765,0.009874894438755088,1.2802805555396513
STRAWBERRY CHARLOTTE BAG,CHARLOTTE BAG PINK POLKADOT,STRAWBERRY CHARLOTTE BAG  -->  CHARLOTTE BAG PINK POLKADOT,0.01115352945579759,0.3241479332849891,14.338716028987315,0.03440876313097288,0.022606482521146793,0.010375668353502971,1.446164871891994
CHARLOTTE BAG PINK POLKADOT,STRAWBERRY CHARLOTTE BAG,CHARLOTTE BAG PINK POLKADOT  -->  STRAWBERRY CHARLOTTE BAG,0.01115352945579759,0.4933774834437086,14.338716028987315,0.022606482521146793,0.03440876313097288,0.010375668353502971,1.905938258395073
SUKI SHOULDER BAG,DOTCOM POSTAGE,SUKI SHOULDER BAG  -->  DOTCOM POSTAGE,0.011602664870125009,0.504885993485342,14.299869937040318,0.02298076203308631,0.03530703395962772,0.010791282324604707,1.9484259248315414
DOTCOM POSTAGE,SUKI SHOULDER BAG,DOTCOM POSTAGE  -->  SUKI SHOULDER BAG,0.011602664870125009,0.32862190812720843,14.299869937040317,0.03530703395962772,0.02298076203308631,0.010791282324604707,1.4552444439191397
SET OF 6 SPICE TINS PANTRY DESIGN,SET OF 3 CAKE TINS PANTRY DESIGN,SET OF 6 SPICE TINS PANTRY DESIGN  -->  SET OF 3 CAKE TINS PANTRY DESIGN,0.010230306659680116,0.49101796407185627,14.208322704770962,0.02083489283129975,0.034558474935748686,0.009510284537980633,1.896808643361529
SET OF 3 CAKE TINS PANTRY DESIGN,SET OF 6 SPICE TINS PANTRY DESIGN,SET OF 3 CAKE TINS PANTRY DESIGN  -->  SET OF 6 SPICE TINS PANTRY DESIGN,0.010230306659680116,0.296028880866426,14.208322704770962,0.034558474935748686,0.02083489283129975,0.009510284537980633,1.3909165881319485
RED RETROSPOT CHARLOTTE BAG,CHARLOTTE BAG SUKI DESIGN,RED RETROSPOT CHARLOTTE BAG  -->  CHARLOTTE BAG SUKI DESIGN,0.01549517179429598,0.49482071713147413,14.134661354581675,0.03131471916560621,0.0350076103500761,0.014398918307524378,1.910197869101979
CHARLOTTE BAG SUKI DESIGN,RED RETROSPOT CHARLOTTE BAG,CHARLOTTE BAG SUKI DESIGN  -->  RED RETROSPOT CHARLOTTE BAG,0.01549517179429598,0.4426229508196721,14.134661354581674,0.0350076103500761,0.03131471916560621,0.014398918307524378,1.7379353567911184
HOT WATER BOTTLE I AM SO POORLY,CHOCOLATE HOT WATER BOTTLE,HOT WATER BOTTLE I AM SO POORLY  -->  CHOCOLATE HOT WATER BOTTLE,0.01527060408713227,0.6053412462908012,14.096607279254178,0.025226439104723407,0.04294233600319385,0.014187321862933129,2.4250258102776217
CHOCOLATE HOT WATER BOTTLE,HOT WATER BOTTLE I AM SO POORLY,CHOCOLATE HOT WATER BOTTLE  -->  HOT WATER BOTTLE I AM SO POORLY,0.01527060408713227,0.35560720511330624,14.096607279254178,0.04294233600319385,0.025226439104723407,0.014187321862933129,1.5127009001810379
JAM MAKING SET PRINTED,JAM MAKING SET WITH JARS,JAM MAKING SET PRINTED  -->  JAM MAKING SET WITH JARS,0.012201512089228235,0.4075,14.090921052631579,0.029942360955161316,0.0289193302891933,0.01133559906312768,1.6389547168114882
JAM MAKING SET WITH JARS,JAM MAKING SET PRINTED,JAM MAKING SET WITH JARS  -->  JAM MAKING SET PRINTED,0.012201512089228235,0.42191544434857636,14.090921052631579,0.0289193302891933,0.029942360955161316,0.01133559906312768,1.6780549308253256
ROUND SNACK BOXES SET OF 4 FRUITS,ROUND SNACK BOXES SET OF4 WOODLAND,ROUND SNACK BOXES SET OF 4 FRUITS  -->  ROUND SNACK BOXES SET OF4 WOODLAND,0.014047957681463183,0.4878682842287695,14.08666947192824,0.02879457045188013,0.034633330838136585,0.013050705796661186,1.88499684638374
ROUND SNACK BOXES SET OF4 WOODLAND,ROUND SNACK BOXES SET OF 4 FRUITS,ROUND SNACK BOXES SET OF4 WOODLAND  -->  ROUND SNACK BOXES SET OF 4 FRUITS,0.014047957681463183,0.40561959654178675,14.08666947192824,0.034633330838136585,0.02879457045188013,0.013050705796661186,1.6339795590458066
PLASTERS IN TIN CIRCUS PARADE,PLASTERS IN TIN WOODLAND ANIMALS,PLASTERS IN TIN CIRCUS PARADE  -->  PLASTERS IN TIN WOODLAND ANIMALS,0.013324350625046786,0.4464882943143813,14.034440291166636,0.029842553085310777,0.031813758514858896,0.01237494684772385,1.7491703093900737
PLASTERS IN TIN WOODLAND ANIMALS,PLASTERS IN TIN CIRCUS PARADE,PLASTERS IN TIN WOODLAND ANIMALS  -->  PLASTERS IN TIN CIRCUS PARADE,0.013324350625046786,0.4188235294117647,14.034440291166634,0.031813758514858896,0.029842553085310777,0.01237494684772385,1.6692992507641413
PLASTERS IN TIN SPACEBOY,PLASTERS IN TIN STRONGMAN,PLASTERS IN TIN SPACEBOY  -->  PLASTERS IN TIN STRONGMAN,0.010380018464455923,0.3202463433410316,13.425222491713935,0.032412605733962124,0.023854080894278516,0.009606845545283635,1.436028934222347
PLASTERS IN TIN STRONGMAN,PLASTERS IN TIN SPACEBOY,PLASTERS IN TIN STRONGMAN  -->  PLASTERS IN TIN SPACEBOY,0.010380018464455923,0.4351464435146443,13.425222491713933,0.023854080894278516,0.032412605733962124,0.009606845545283635,1.712988053552467
WOODLAND CHARLOTTE BAG,CHARLOTTE BAG PINK POLKADOT,WOODLAND CHARLOTTE BAG  -->  CHARLOTTE BAG PINK POLKADOT,0.011802280609826086,0.30069930069930073,13.301463437225028,0.03924944481872396,0.022606482521146793,0.010914988721566887,1.39767272999476
CHARLOTTE BAG PINK POLKADOT,WOODLAND CHARLOTTE BAG,CHARLOTTE BAG PINK POLKADOT  -->  WOODLAND CHARLOTTE BAG,0.011802280609826086,0.522075055187638,13.301463437225026,0.022606482521146793,0.03924944481872396,0.010914988721566887,2.0102540484855336
PLASTERS IN TIN STRONGMAN,PLASTERS IN TIN WOODLAND ANIMALS,PLASTERS IN TIN STRONGMAN  -->  PLASTERS IN TIN WOODLAND ANIMALS,0.010030690919979041,0.4205020920502092,13.217617523997047,0.023854080894278516,0.031813758514858896,0.009271802950814555,1.6707329365700267
PLASTERS IN TIN WOODLAND ANIMALS,PLASTERS IN TIN STRONGMAN,PLASTERS IN TIN WOODLAND ANIMALS  -->  PLASTERS IN TIN STRONGMAN,0.010030690919979041,0.31529411764705884,13.217617523997045,0.031813758514858896,0.023854080894278516,0.009271802950814555,1.4256426653605898
RED RETROSPOT CHARLOTTE BAG,STRAWBERRY CHARLOTTE BAG,RED RETROSPOT CHARLOTTE BAG  -->  STRAWBERRY CHARLOTTE BAG,0.014222621453701624,0.45418326693227096,13.199639440786527,0.03131471916560621,0.03440876313097288,0.013145120699419343,1.7690759157235463
STRAWBERRY CHARLOTTE BAG,RED RETROSPOT CHARLOTTE BAG,STRAWBERRY CHARLOTTE BAG  -->  RED RETROSPOT CHARLOTTE BAG,0.014222621453701624,0.41334300217548947,13.199639440786527,0.03440876313097288,0.03131471916560621,0.013145120699419343,1.6511953056497268
72 SWEETHEART FAIRY CAKE CASES,60 TEATIME FAIRY CAKE CASES + PACK OF 60 PINK PAISLEY CAKE CASES,72 SWEETHEART FAIRY CAKE CASES  -->  60 TEATIME FAIRY CAKE CASES + PACK OF 60 PINK PAISLEY CAKE CASES,0.010829153878783342,0.29726027397260274,12.865334773218143,0.03642987249544627,0.023105521870399482,0.009987422663103944,1.3901227466561565
60 TEATIME FAIRY CAKE CASES + PACK OF 60 PINK PAISLEY CAKE CASES,72 SWEETHEART FAIRY CAKE CASES,60 TEATIME FAIRY CAKE CASES + PACK OF 60 PINK PAISLEY CAKE CASES  -->  72 SWEETHEART FAIRY CAKE CASES,0.010829153878783342,0.468682505399568,12.865334773218141,0.023105521870399482,0.03642987249544627,0.009987422663103944,1.813548654612229
PLASTERS IN TIN SKULLS,PLASTERS IN TIN WOODLAND ANIMALS,PLASTERS IN TIN SKULLS  -->  PLASTERS IN TIN WOODLAND ANIMALS,0.011128577488334955,0.4091743119266055,12.861552077711819,0.027197644534271526,0.031813758514858896,0.010263318192948668,1.638700315557149
PLASTERS IN TIN WOODLAND ANIMALS,PLASTERS IN TIN SKULLS,PLASTERS IN TIN WOODLAND ANIMALS  -->  PLASTERS IN TIN SKULLS,0.011128577488334955,0.34980392156862744,12.861552077711819,0.031813758514858896,0.027197644534271526,0.010263318192948668,1.496167675776603
72 SWEETHEART FAIRY CAKE CASES + PACK OF 60 PINK PAISLEY CAKE CASES,60 TEATIME FAIRY CAKE CASES,72 SWEETHEART FAIRY CAKE CASES + PACK OF 60 PINK PAISLEY CAKE CASES  -->  60 TEATIME FAIRY CAKE CASES,0.010829153878783342,0.6813186813186813,12.837427734465816,0.01589440327369813,0.05307283479302343,0.00998559283970467,2.9713921390977545
60 TEATIME FAIRY CAKE CASES,72 SWEETHEART FAIRY CAKE CASES + PACK OF 60 PINK PAISLEY CAKE CASES,60 TEATIME FAIRY CAKE CASES  -->  72 SWEETHEART FAIRY CAKE CASES + PACK OF 60 PINK PAISLEY CAKE CASES,0.010829153878783342,0.20404325340855664,12.837427734465814,0.05307283479302343,0.01589440327369813,0.00998559283970467,1.2363807467435581
STRAWBERRY CHARLOTTE BAG,WOODLAND CHARLOTTE BAG,STRAWBERRY CHARLOTTE BAG  -->  WOODLAND CHARLOTTE BAG,0.01729171345160566,0.5025380710659898,12.803698839231833,0.03440876313097288,0.03924944481872396,0.015941188601815995,1.9313046874562385
WOODLAND CHARLOTTE BAG,STRAWBERRY CHARLOTTE BAG,WOODLAND CHARLOTTE BAG  -->  STRAWBERRY CHARLOTTE BAG,0.01729171345160566,0.4405594405594406,12.803698839231833,0.03924944481872396,0.03440876313097288,0.015941188601815995,1.7259943359033862
CHARLOTTE BAG SUKI DESIGN,STRAWBERRY CHARLOTTE BAG,CHARLOTTE BAG SUKI DESIGN  -->  STRAWBERRY CHARLOTTE BAG,0.01532050802205754,0.4376336421952958,12.7186682220891,0.0350076103500761,0.03440876313097288,0.014115939449740376,1.7170145821638088
STRAWBERRY CHARLOTTE BAG,CHARLOTTE BAG SUKI DESIGN,STRAWBERRY CHARLOTTE BAG  -->  CHARLOTTE BAG SUKI DESIGN,0.01532050802205754,0.4452501812907904,12.7186682220891,0.03440876313097288,0.0350076103500761,0.014115939449740376,1.7395091572905164
PACK OF 60 DINOSAUR CAKE CASES,PACK OF 60 SPACEBOY CAKE CASES,PACK OF 60 DINOSAUR CAKE CASES  -->  PACK OF 60 SPACEBOY CAKE CASES,0.011353145195498664,0.3491941673062164,12.68781019322868,0.032512413603812663,0.027522020111285773,0.01045833789442809,1.4942674620223992
PACK OF 60 SPACEBOY CAKE CASES,PACK OF 60 DINOSAUR CAKE CASES,PACK OF 60 SPACEBOY CAKE CASES  -->  PACK OF 60 DINOSAUR CAKE CASES,0.011353145195498664,0.4125113327289211,12.68781019322868,0.027522020111285773,0.032512413603812663,0.01045833789442809,1.646819147831782
BAKING SET 9 PIECE RETROSPOT,BAKING SET SPACEBOY DESIGN,BAKING SET 9 PIECE RETROSPOT  -->  BAKING SET SPACEBOY DESIGN,0.01419766948623899,0.29728317659352144,12.647789669149214,0.0477580657234823,0.023504753349801632,0.013075127930944922,1.3895999272033306
BAKING SET SPACEBOY DESIGN,BAKING SET 9 PIECE RETROSPOT,BAKING SET SPACEBOY DESIGN  -->  BAKING SET 9 PIECE RETROSPOT,0.01419766948623899,0.6040339702760085,12.647789669149212,0.023504753349801632,0.0477580657234823,0.013075127930944922,2.4048576463498113
WOODLAND CHARLOTTE BAG,CHARLOTTE BAG SUKI DESIGN,WOODLAND CHARLOTTE BAG  -->  CHARLOTTE BAG SUKI DESIGN,0.017266761484143026,0.4399237126509854,12.566516487465105,0.03924944481872396,0.0350076103500761,0.015892732213472323,1.7229659806121798
CHARLOTTE BAG SUKI DESIGN,WOODLAND CHARLOTTE BAG,CHARLOTTE BAG SUKI DESIGN  -->  WOODLAND CHARLOTTE BAG,0.017266761484143026,0.49322879543834647,12.566516487465105,0.0350076103500761,0.03924944481872396,0.015892732213472323,1.8958270448935732
VINTAGE HEADS AND TAILS CARD GAME,VINTAGE SNAP CARDS,VINTAGE HEADS AND TAILS CARD GAME  -->  VINTAGE SNAP CARDS,0.019113207076377974,0.5833968012185834,12.38389491654511,0.03276193327843901,0.0471093145694538,0.01756981485566053,2.287286051134017
VINTAGE SNAP CARDS,VINTAGE HEADS AND TAILS CARD GAME,VINTAGE SNAP CARDS  -->  VINTAGE HEADS AND TAILS CARD GAME,0.019113207076377974,0.4057203389830509,12.38389491654511,0.0471093145694538,0.03276193327843901,0.01756981485566053,1.6275806327721096
PLASTERS IN TIN VINTAGE PAISLEY,PLASTERS IN TIN SPACEBOY,PLASTERS IN TIN VINTAGE PAISLEY  -->  PLASTERS IN TIN SPACEBOY,0.011253337325648127,0.4005328596802842,12.357317488380868,0.028095915362926365,0.032412605733962124,0.010342675498254825,1.6140791199163833
PLASTERS IN TIN SPACEBOY,PLASTERS IN TIN VINTAGE PAISLEY,PLASTERS IN TIN SPACEBOY  -->  PLASTERS IN TIN VINTAGE PAISLEY,0.011253337325648127,0.3471901462663587,12.357317488380868,0.032412605733962124,0.028095915362926365,0.010342675498254825,1.4888011862541966
SWEETHEART CERAMIC TRINKET BOX,STRAWBERRY CERAMIC TRINKET BOX,SWEETHEART CERAMIC TRINKET BOX  -->  STRAWBERRY CERAMIC TRINKET BOX,0.026249469770691418,0.709851551956815,12.315463483884535,0.036978815779624225,0.05763904483868553,0.024118046149888165,3.2478579896489945
STRAWBERRY CERAMIC TRINKET BOX,SWEETHEART CERAMIC TRINKET BOX,STRAWBERRY CERAMIC TRINKET BOX  -->  SWEETHEART CERAMIC TRINKET BOX,0.026249469770691418,0.4554112554112554,12.315463483884535,0.05763904483868553,0.036978815779624225,0.024118046149888165,1.7683457357305785
LUNCH BAG RED RETROSPOT,LUNCH BAG PINK POLKADOT,LUNCH BAG RED RETROSPOT  -->  LUNCH BAG PINK POLKADOT,0.017940464605634154,0.3913990201415351,12.245197915856599,0.04583676422885945,0.0319634703196347,0.01647536255265691,1.5905931171939456
LUNCH BAG PINK POLKADOT,LUNCH BAG RED RETROSPOT,LUNCH BAG PINK POLKADOT  -->  LUNCH BAG RED RETROSPOT,0.017940464605634154,0.5612802498048399,12.245197915856597,0.0319634703196347,0.04583676422885945,0.01647536255265691,2.174880969791514
FELTCRAFT 6 FLOWER FRIENDS,FELTCRAFT BUTTERFLY HEARTS,FELTCRAFT 6 FLOWER FRIENDS  -->  FELTCRAFT BUTTERFLY HEARTS,0.011902088479676623,0.34515195369030394,12.219659759758224,0.03448361903336078,0.028245627167702174,0.010928077033067236,1.4839387218278848
FELTCRAFT BUTTERFLY HEARTS,FELTCRAFT 6 FLOWER FRIENDS,FELTCRAFT BUTTERFLY HEARTS  -->  FELTCRAFT 6 FLOWER FRIENDS,0.011902088479676623,0.4213780918727915,12.219659759758224,0.028245627167702174,0.03448361903336078,0.010928077033067236,1.6686481576400543
PLASTERS IN TIN SPACEBOY,PLASTERS IN TIN SKULLS,PLASTERS IN TIN SPACEBOY  -->  PLASTERS IN TIN SKULLS,0.010729346008932805,0.33102386451116245,12.171049007352163,0.032412605733962124,0.027197644534271526,0.009847799479751012,1.4541660066167794
PLASTERS IN TIN SKULLS,PLASTERS IN TIN SPACEBOY,PLASTERS IN TIN SKULLS  -->  PLASTERS IN TIN SPACEBOY,0.010729346008932805,0.3944954128440367,12.171049007352162,0.027197644534271526,0.032412605733962124,0.009847799479751012,1.5979852420454264
PLASTERS IN TIN VINTAGE PAISLEY,PLASTERS IN TIN WOODLAND ANIMALS,PLASTERS IN TIN VINTAGE PAISLEY  -->  PLASTERS IN TIN WOODLAND ANIMALS,0.010829153878783342,0.38543516873889877,12.11536098631282,0.028095915362926365,0.031813758514858896,0.009935317212173288,1.5754013120119494
PLASTERS IN TIN WOODLAND ANIMALS,PLASTERS IN TIN VINTAGE PAISLEY,PLASTERS IN TIN WOODLAND ANIMALS  -->  PLASTERS IN TIN VINTAGE PAISLEY,0.010829153878783342,0.3403921568627451,12.11536098631282,0.031813758514858896,0.028095915362926365,0.009935317212173288,1.4734574410371806
WOODEN PICTURE FRAME WHITE FINISH,WHITE HANGING HEART T-LIGHT HOLDER + WOODEN FRAME ANTIQUE WHITE,WOODEN PICTURE FRAME WHITE FINISH  -->  WHITE HANGING HEART T-LIGHT HOLDER + WOODEN FRAME ANTIQUE WHITE,0.012650647503555655,0.2527417746759721,12.072863055648313,0.050053646730044664,0.020934700701150284,0.01160278939026106,1.310210133684785
WHITE HANGING HEART T-LIGHT HOLDER + WOODEN FRAME ANTIQUE WHITE,WOODEN PICTURE FRAME WHITE FINISH,WHITE HANGING HEART T-LIGHT HOLDER + WOODEN FRAME ANTIQUE WHITE  -->  WOODEN PICTURE FRAME WHITE FINISH,0.012650647503555655,0.6042908224076281,12.07286305564831,0.020934700701150284,0.050053646730044664,0.01160278939026106,2.4006174409442544
JUMBO BAG PINK POLKADOT,JUMBO BAG RED RETROSPOT + JUMBO SHOPPER VINTAGE RED PAISLEY,JUMBO BAG PINK POLKADOT  -->  JUMBO BAG RED RETROSPOT + JUMBO SHOPPER VINTAGE RED PAISLEY,0.010904009781171245,0.30284130284130284,12.040645728145728,0.03600568904858148,0.025151583202335504,0.009998409697308428,1.3983163672356163
JUMBO BAG RED RETROSPOT + JUMBO SHOPPER VINTAGE RED PAISLEY,JUMBO BAG PINK POLKADOT,JUMBO BAG RED RETROSPOT + JUMBO SHOPPER VINTAGE RED PAISLEY  -->  JUMBO BAG PINK POLKADOT,0.010904009781171245,0.433531746031746,12.040645728145728,0.025151583202335504,0.03600568904858148,0.009998409697308428,1.701762286232977
WOODLAND CHARLOTTE BAG,RED RETROSPOT CHARLOTTE BAG,WOODLAND CHARLOTTE BAG  -->  RED RETROSPOT CHARLOTTE BAG,0.014771564737879581,0.37635092180546725,12.018339357129651,0.03924944481872396,0.03131471916560621,0.013542479395975283,1.5532537683511736
RED RETROSPOT CHARLOTTE BAG,WOODLAND CHARLOTTE BAG,RED RETROSPOT CHARLOTTE BAG  -->  WOODLAND CHARLOTTE BAG,0.014771564737879581,0.4717131474103586,12.01833935712965,0.03131471916560621,0.03924944481872396,0.013542479395975283,1.8186153043024158
JUMBO BAG PINK POLKADOT,JUMBO BAG RED RETROSPOT + JUMBO STORAGE BAG SUKI,JUMBO BAG PINK POLKADOT  -->  JUMBO BAG RED RETROSPOT + JUMBO STORAGE BAG SUKI,0.011827232577288719,0.3284823284823285,12.011483830826897,0.03600568904858148,0.027347356339047335,0.010842572168644227,1.4484393857613567
JUMBO BAG RED RETROSPOT + JUMBO STORAGE BAG SUKI,JUMBO BAG PINK POLKADOT,JUMBO BAG RED RETROSPOT + JUMBO STORAGE BAG SUKI  -->  JUMBO BAG PINK POLKADOT,0.011827232577288719,0.43248175182481746,12.011483830826895,0.027347356339047335,0.03600568904858148,0.010842572168644227,1.698613769779348
PACK OF 60 PINK PAISLEY CAKE CASES,60 TEATIME FAIRY CAKE CASES + 72 SWEETHEART FAIRY CAKE CASES,PACK OF 60 PINK PAISLEY CAKE CASES  -->  60 TEATIME FAIRY CAKE CASES + 72 SWEETHEART FAIRY CAKE CASES,0.010829153878783342,0.21776216758655295,11.922478675363775,0.04972927115303041,0.0182648401826484,0.009920856688773655,1.2550341074509184
60 TEATIME FAIRY CAKE CASES + 72 SWEETHEART FAIRY CAKE CASES,PACK OF 60 PINK PAISLEY CAKE CASES,60 TEATIME FAIRY CAKE CASES + 72 SWEETHEART FAIRY CAKE CASES  -->  PACK OF 60 PINK PAISLEY CAKE CASES,0.010829153878783342,0.592896174863388,11.922478675363774,0.0182648401826484,0.04972927115303041,0.009920856688773655,2.334222058778462
SMALL HEART MEASURING SPOONS,DOTCOM POSTAGE,SMALL HEART MEASURING SPOONS  -->  DOTCOM POSTAGE,0.010280210594605385,0.42040816326530617,11.907207038292348,0.02445292811338174,0.03530703395962772,0.00941685023129388,1.6644350470414875
DOTCOM POSTAGE,SMALL HEART MEASURING SPOONS,DOTCOM POSTAGE  -->  SMALL HEART MEASURING SPOONS,0.010280210594605385,0.2911660777385159,11.907207038292348,0.03530703395962772,0.02445292811338174,0.00941685023129388,1.3762702958320685
WOODEN FRAME ANTIQUE WHITE,WHITE HANGING HEART T-LIGHT HOLDER + WOODEN PICTURE FRAME WHITE FINISH,WOODEN FRAME ANTIQUE WHITE  -->  WHITE HANGING HEART T-LIGHT HOLDER + WOODEN PICTURE FRAME WHITE FINISH,0.012650647503555655,0.24623603691112192,11.846820709828371,0.051376101005564286,0.02078498889637448,0.011582795814615987,1.2991003272309054
WHITE HANGING HEART T-LIGHT HOLDER + WOODEN PICTURE FRAME WHITE FINISH,WOODEN FRAME ANTIQUE WHITE,WHITE HANGING HEART T-LIGHT HOLDER + WOODEN PICTURE FRAME WHITE FINISH  -->  WOODEN FRAME ANTIQUE WHITE,0.012650647503555655,0.6086434573829531,11.84682070982837,0.02078498889637448,0.051376101005564286,0.011582795814615987,2.423937754179033
PAPER CHAIN KIT VINTAGE CHRISTMAS,60 CAKE CASES VINTAGE CHRISTMAS,PAPER CHAIN KIT VINTAGE CHRISTMAS  -->  60 CAKE CASES VINTAGE CHRISTMAS,0.01087905781370861,0.3055360896986685,11.785341546538536,0.03560645756917933,0.02592509419367717,0.009955957047324467,1.4026285475132418
60 CAKE CASES VINTAGE CHRISTMAS,PAPER CHAIN KIT VINTAGE CHRISTMAS,60 CAKE CASES VINTAGE CHRISTMAS  -->  PAPER CHAIN KIT VINTAGE CHRISTMAS,0.01087905781370861,0.41963426371511064,11.785341546538534,0.02592509419367717,0.03560645756917933,0.009955957047324467,1.6616996527124754
PAPER CHAIN KIT VINTAGE CHRISTMAS,PAPER CHAIN KIT 50'S CHRISTMAS,PAPER CHAIN KIT VINTAGE CHRISTMAS  -->  PAPER CHAIN KIT 50'S CHRISTMAS,0.020934700701150284,0.587946741415557,11.67648243593225,0.03560645756917933,0.050353070339596274,0.019141806238625547,2.304670354805095
PAPER CHAIN KIT 50'S CHRISTMAS,PAPER CHAIN KIT VINTAGE CHRISTMAS,PAPER CHAIN KIT 50'S CHRISTMAS  -->  PAPER CHAIN KIT VINTAGE CHRISTMAS,0.020934700701150284,0.4157581764122894,11.67648243593225,0.050353070339596274,0.03560645756917933,0.019141806238625547,1.6506752914549585
JUMBO BAG PINK VINTAGE PAISLEY,JUMBO BAG SCANDINAVIAN PAISLEY,JUMBO BAG PINK VINTAGE PAISLEY  -->  JUMBO BAG SCANDINAVIAN PAISLEY,0.010305162562068019,0.2550957381099444,11.61758170026391,0.04039723532200514,0.0219577313671183,0.009418130920893168,1.3129771417219198
JUMBO BAG SCANDINAVIAN PAISLEY,JUMBO BAG PINK VINTAGE PAISLEY,JUMBO BAG SCANDINAVIAN PAISLEY  -->  JUMBO BAG PINK VINTAGE PAISLEY,0.010305162562068019,0.46931818181818175,11.617581700263909,0.0219577313671183,0.04039723532200514,0.009418130920893168,1.8082450383653863
CHOCOLATE HOT WATER BOTTLE,HOT WATER BOTTLE TEA AND SYMPATHY,CHOCOLATE HOT WATER BOTTLE  -->  HOT WATER BOTTLE TEA AND SYMPATHY,0.019362726751004318,0.45090063916327716,11.415505316327643,0.04294233600319385,0.0394989644933503,0.017666548945952647,1.7492299281554964
HOT WATER BOTTLE TEA AND SYMPATHY,CHOCOLATE HOT WATER BOTTLE,HOT WATER BOTTLE TEA AND SYMPATHY  -->  CHOCOLATE HOT WATER BOTTLE,0.019362726751004318,0.4902084649399874,11.415505316327643,0.0394989644933503,0.04294233600319385,0.017666548945952647,1.877351031111455
PAPER CHAIN KIT VINTAGE CHRISTMAS,SET OF 20 VINTAGE CHRISTMAS NAPKINS,PAPER CHAIN KIT VINTAGE CHRISTMAS  -->  SET OF 20 VINTAGE CHRISTMAS NAPKINS,0.011003817651021782,0.3090399439383322,11.404598373127568,0.03560645756917933,0.02709783666442099,0.010038959679613525,1.4080440031236017
SET OF 20 VINTAGE CHRISTMAS NAPKINS,PAPER CHAIN KIT VINTAGE CHRISTMAS,SET OF 20 VINTAGE CHRISTMAS NAPKINS  -->  PAPER CHAIN KIT VINTAGE CHRISTMAS,0.011003817651021782,0.4060773480662983,11.404598373127566,0.02709783666442099,0.03560645756917933,0.010038959679613525,1.6237695923718931
LUNCH BAG CARS BLUE + LUNCH BAG SPACEBOY DESIGN,LUNCH BAG WOODLAND,LUNCH BAG CARS BLUE + LUNCH BAG SPACEBOY DESIGN  -->  LUNCH BAG WOODLAND,0.011028769618484417,0.5470297029702971,11.382819006199687,0.020161189709808618,0.04805748933303391,0.010059873459064016,2.10155614376751
LUNCH BAG WOODLAND,LUNCH BAG CARS BLUE + LUNCH BAG SPACEBOY DESIGN,LUNCH BAG WOODLAND  -->  LUNCH BAG CARS BLUE + LUNCH BAG SPACEBOY DESIGN,0.011028769618484417,0.22949117341640707,11.382819006199686,0.04805748933303391,0.020161189709808618,0.010059873459064016,1.2716775934089681
JUMBO BAG WOODLAND ANIMALS,JUMBO BAG TOYS,JUMBO BAG WOODLAND ANIMALS  -->  JUMBO BAG TOYS,0.01042992239938119,0.29540636042402824,11.25380295314998,0.03530703395962772,0.026249469770691418,0.009503131478765168,1.3820030093023787
JUMBO BAG TOYS,JUMBO BAG WOODLAND ANIMALS,JUMBO BAG TOYS  -->  JUMBO BAG WOODLAND ANIMALS,0.01042992239938119,0.3973384030418251,11.25380295314998,0.026249469770691418,0.03530703395962772,0.009503131478765168,1.600720820622195
LUNCH BOX I LOVE LONDON,DOLLY GIRL LUNCH BOX,LUNCH BOX I LOVE LONDON  -->  DOLLY GIRL LUNCH BOX,0.010030690919979041,0.3743016759776537,11.253479571010073,0.026798413054869376,0.03326097262769169,0.009139349636895455,1.545056124103957
DOLLY GIRL LUNCH BOX,LUNCH BOX I LOVE LONDON,DOLLY GIRL LUNCH BOX  -->  LUNCH BOX I LOVE LONDON,0.010030690919979041,0.30157539384846216,11.253479571010072,0.03326097262769169,0.026798413054869376,0.009139349636895455,1.3934239692780443
HEART OF WICKER SMALL + WHITE HANGING HEART T-LIGHT HOLDER,HEART OF WICKER LARGE,HEART OF WICKER SMALL + WHITE HANGING HEART T-LIGHT HOLDER  -->  HEART OF WICKER LARGE,0.010554682236694363,0.5423076923076923,11.134254807692308,0.019462534620854854,0.0487062404870624,0.009606735344963228,2.0784569535576787
HEART OF WICKER LARGE,HEART OF WICKER SMALL + WHITE HANGING HEART T-LIGHT HOLDER,HEART OF WICKER LARGE  -->  HEART OF WICKER SMALL + WHITE HANGING HEART T-LIGHT HOLDER,0.010554682236694363,0.21670081967213115,11.134254807692308,0.0487062404870624,0.019462534620854854,0.009606735344963228,1.2518045339568942
PACK OF 60 DINOSAUR CAKE CASES,72 SWEETHEART FAIRY CAKE CASES,PACK OF 60 DINOSAUR CAKE CASES  -->  72 SWEETHEART FAIRY CAKE CASES,0.013124734885345709,0.40368380660015346,11.081120491174211,0.032512413603812663,0.03642987249544627,0.0119403118032396,1.6158711404613042
72 SWEETHEART FAIRY CAKE CASES,PACK OF 60 DINOSAUR CAKE CASES,72 SWEETHEART FAIRY CAKE CASES  -->  PACK OF 60 DINOSAUR CAKE CASES,0.013124734885345709,0.3602739726027397,11.081120491174211,0.03642987249544627,0.032512413603812663,0.0119403118032396,1.5123467624608498
GIN + TONIC DIET METAL SIGN,COOK WITH WINE METAL SIGN,GIN + TONIC DIET METAL SIGN  -->  COOK WITH WINE METAL SIGN,0.015794595403847592,0.39341205717837163,11.064403519675508,0.0401477156473788,0.035556553634254064,0.014367080999138786,1.5899482635271367
COOK WITH WINE METAL SIGN,GIN + TONIC DIET METAL SIGN,COOK WITH WINE METAL SIGN  -->  GIN + TONIC DIET METAL SIGN,0.015794595403847592,0.4442105263157894,11.064403519675507,0.035556553634254064,0.0401477156473788,0.014367080999138786,1.7270069510132386
LUNCH BAG WOODLAND,LUNCH BAG BLACK SKULL. + LUNCH BAG CARS BLUE,LUNCH BAG WOODLAND  -->  LUNCH BAG BLACK SKULL. + LUNCH BAG CARS BLUE,0.011727424707438181,0.24402907580477673,11.06329555546158,0.04805748933303391,0.022057539236968834,0.010667394750844574,1.293624436421427
LUNCH BAG BLACK SKULL. + LUNCH BAG CARS BLUE,LUNCH BAG WOODLAND,LUNCH BAG BLACK SKULL. + LUNCH BAG CARS BLUE  -->  LUNCH BAG WOODLAND,0.011727424707438181,0.5316742081447964,11.06329555546158,0.022057539236968834,0.04805748933303391,0.010667394750844574,2.0326501918589326
LUNCH BAG BLACK SKULL. + LUNCH BAG WOODLAND,LUNCH BAG CARS BLUE,LUNCH BAG BLACK SKULL. + LUNCH BAG WOODLAND  -->  LUNCH BAG CARS BLUE,0.011727424707438181,0.5696969696969697,11.045837181686238,0.020585373156673404,0.051575716745265364,0.010665719332414005,2.204084601930017
LUNCH BAG CARS BLUE,LUNCH BAG BLACK SKULL. + LUNCH BAG WOODLAND,LUNCH BAG CARS BLUE  -->  LUNCH BAG BLACK SKULL. + LUNCH BAG WOODLAND,0.011727424707438181,0.2273826802128689,11.045837181686238,0.051575716745265364,0.020585373156673404,0.010665719332414005,1.2676581300470608
HOT WATER BOTTLE I AM SO POORLY,HOT WATER BOTTLE TEA AND SYMPATHY,HOT WATER BOTTLE I AM SO POORLY  -->  HOT WATER BOTTLE TEA AND SYMPATHY,0.011003817651021782,0.43620178041543023,11.04337255445938,0.025226439104723407,0.0394989644933503,0.010007399428530649,1.7036255208723206
HOT WATER BOTTLE TEA AND SYMPATHY,HOT WATER BOTTLE I AM SO POORLY,HOT WATER BOTTLE TEA AND SYMPATHY  -->  HOT WATER BOTTLE I AM SO POORLY,0.011003817651021782,0.2785849652558433,11.04337255445938,0.0394989644933503,0.025226439104723407,0.010007399428530649,1.3511966260045734
LUNCH BOX I LOVE LONDON,SPACEBOY LUNCH BOX,LUNCH BOX I LOVE LONDON  -->  SPACEBOY LUNCH BOX,0.010080594854904309,0.3761638733705773,11.020116632363031,0.026798413054869376,0.034134291488883896,0.009165850012249887,1.5482683148372218
SPACEBOY LUNCH BOX,LUNCH BOX I LOVE LONDON,SPACEBOY LUNCH BOX  -->  LUNCH BOX I LOVE LONDON,0.010080594854904309,0.2953216374269006,11.020116632363031,0.034134291488883896,0.026798413054869376,0.009165850012249887,1.3810578536731728
LUNCH BAG SUKI DESIGN,LUNCH BAG CARS BLUE + LUNCH BAG SPACEBOY DESIGN,LUNCH BAG SUKI DESIGN  -->  LUNCH BAG CARS BLUE + LUNCH BAG SPACEBOY DESIGN,0.013049878982957806,0.22132881929750317,10.97796422151737,0.05896149911420515,0.020161189709808618,0.011861145013741603,1.2583473416933273
LUNCH BAG CARS BLUE + LUNCH BAG SPACEBOY DESIGN,LUNCH BAG SUKI DESIGN,LUNCH BAG CARS BLUE + LUNCH BAG SPACEBOY DESIGN  -->  LUNCH BAG SUKI DESIGN,0.013049878982957806,0.6472772277227723,10.97796422151737,0.020161189709808618,0.05896149911420515,0.011861145013741603,2.6679266972481486
JUMBO BAG OWLS,JUMBO BAG WOODLAND ANIMALS,JUMBO BAG OWLS  -->  JUMBO BAG WOODLAND ANIMALS,0.012700551438480924,0.3873668188736682,10.971378091872792,0.03278688524590164,0.03530703395962772,0.011542943767673458,1.5746665309031667
JUMBO BAG WOODLAND ANIMALS,JUMBO BAG OWLS,JUMBO BAG WOODLAND ANIMALS  -->  JUMBO BAG OWLS,0.012700551438480924,0.3597173144876325,10.97137809187279,0.03530703395962772,0.03278688524590164,0.011542943767673458,1.5106032642130784
LUNCH BAG SPACEBOY DESIGN,LUNCH BAG SUKI DESIGN + LUNCH BAG WOODLAND,LUNCH BAG SPACEBOY DESIGN  -->  LUNCH BAG SUKI DESIGN + LUNCH BAG WOODLAND,0.011652568805050278,0.22153700189753323,10.934160621979604,0.052598747411233375,0.020260997579659157,0.010586865711058175,1.258555647228567
LUNCH BAG SUKI DESIGN + LUNCH BAG WOODLAND,LUNCH BAG SPACEBOY DESIGN,LUNCH BAG SUKI DESIGN + LUNCH BAG WOODLAND  -->  LUNCH BAG SPACEBOY DESIGN,0.011652568805050278,0.5751231527093597,10.934160621979604,0.020260997579659157,0.052598747411233375,0.010586865711058175,2.229825556817619
LUNCH BAG CARS BLUE,LUNCH BAG SUKI DESIGN + LUNCH BAG WOODLAND,LUNCH BAG CARS BLUE  -->  LUNCH BAG SUKI DESIGN + LUNCH BAG WOODLAND,0.011303241260573397,0.21915820029027577,10.816752700780027,0.051575716745265364,0.020260997579659157,0.01025826578842839,1.2547215105346001
LUNCH BAG SUKI DESIGN + LUNCH BAG WOODLAND,LUNCH BAG CARS BLUE,LUNCH BAG SUKI DESIGN + LUNCH BAG WOODLAND  -->  LUNCH BAG CARS BLUE,0.011303241260573397,0.5578817733990148,10.816752700780027,0.020260997579659157,0.051575716745265364,0.01025826578842839,2.145182501400681
WOODEN FRAME ANTIQUE WHITE,WOODEN PICTURE FRAME WHITE FINISH,WOODEN FRAME ANTIQUE WHITE  -->  WOODEN PICTURE FRAME WHITE FINISH,0.027796491753374755,0.541039339485187,10.809189236564228,0.051376101005564286,0.050053646730044664,0.025224930543275147,2.0697772924686118
WOODEN PICTURE FRAME WHITE FINISH,WOODEN FRAME ANTIQUE WHITE,WOODEN PICTURE FRAME WHITE FINISH  -->  WOODEN FRAME ANTIQUE WHITE,0.027796491753374755,0.555333998005982,10.809189236564228,0.050053646730044664,0.051376101005564286,0.025224930543275147,2.1333402930300873
JUMBO BAG WOODLAND ANIMALS,JUMBO BAG RED RETROSPOT + JUMBO STORAGE BAG SUKI,JUMBO BAG WOODLAND ANIMALS  -->  JUMBO BAG RED RETROSPOT + JUMBO STORAGE BAG SUKI,0.010404970431918556,0.2946996466431095,10.776165819813777,0.03530703395962772,0.027347356339047335,0.00943941639294977,1.3790616140082645
JUMBO BAG RED RETROSPOT + JUMBO STORAGE BAG SUKI,JUMBO BAG WOODLAND ANIMALS,JUMBO BAG RED RETROSPOT + JUMBO STORAGE BAG SUKI  -->  JUMBO BAG WOODLAND ANIMALS,0.010404970431918556,0.3804744525547445,10.776165819813777,0.027347356339047335,0.03530703395962772,0.00943941639294977,1.5571479982036054
LUNCH BAG SPACEBOY DESIGN,LUNCH BAG CARS BLUE + LUNCH BAG SUKI DESIGN,LUNCH BAG SPACEBOY DESIGN  -->  LUNCH BAG CARS BLUE + LUNCH BAG SUKI DESIGN,0.013049878982957806,0.24810246679316889,10.680131645187787,0.052598747411233375,0.023230281707712654,0.011827995263122034,1.2990729124038747
LUNCH BAG CARS BLUE + LUNCH BAG SUKI DESIGN,LUNCH BAG SPACEBOY DESIGN,LUNCH BAG CARS BLUE + LUNCH BAG SUKI DESIGN  -->  LUNCH BAG SPACEBOY DESIGN,0.013049878982957806,0.5617615467239527,10.680131645187787,0.023230281707712654,0.052598747411233375,0.011827995263122034,2.1618396229415238
COOK WITH WINE METAL SIGN,HAND OVER THE CHOCOLATE SIGN,COOK WITH WINE METAL SIGN  -->  HAND OVER THE CHOCOLATE SIGN,0.0136986301369863,0.3852631578947368,10.575473684210525,0.035556553634254064,0.03642987249544627,0.012403309421712928,1.5674514060433662
HAND OVER THE CHOCOLATE SIGN,COOK WITH WINE METAL SIGN,HAND OVER THE CHOCOLATE SIGN  -->  COOK WITH WINE METAL SIGN,0.0136986301369863,0.3760273972602739,10.575473684210523,0.03642987249544627,0.035556553634254064,0.012403309421712928,1.5456503092140383
LUNCH BAG DOLLY GIRL DESIGN,LUNCH BAG SPACEBOY DESIGN,LUNCH BAG DOLLY GIRL DESIGN  -->  LUNCH BAG SPACEBOY DESIGN,0.013723582104448935,0.5533199195171027,10.51964061408298,0.02480225565785862,0.052598747411233375,0.012419014523872396,2.120983885300077
LUNCH BAG SPACEBOY DESIGN,LUNCH BAG DOLLY GIRL DESIGN,LUNCH BAG SPACEBOY DESIGN  -->  LUNCH BAG DOLLY GIRL DESIGN,0.013723582104448935,0.26091081593927895,10.51964061408298,0.052598747411233375,0.02480225565785862,0.012419014523872396,1.3194588222549641
LUNCH BAG BLACK SKULL. + LUNCH BAG SPACEBOY DESIGN,LUNCH BAG WOODLAND,LUNCH BAG BLACK SKULL. + LUNCH BAG SPACEBOY DESIGN  -->  LUNCH BAG WOODLAND,0.011178481423260224,0.5045045045045045,10.497937189525974,0.022157347106819374,0.04805748933303391,0.010113654951025923,1.9211930669824224
LUNCH BAG WOODLAND,LUNCH BAG BLACK SKULL. + LUNCH BAG SPACEBOY DESIGN,LUNCH BAG WOODLAND  -->  LUNCH BAG BLACK SKULL. + LUNCH BAG SPACEBOY DESIGN,0.011178481423260224,0.23260643821391486,10.497937189525974,0.04805748933303391,0.022157347106819374,0.010113654951025923,1.2742388020786641
PACK OF 72 SKULL CAKE CASES,PACK OF 60 DINOSAUR CAKE CASES,PACK OF 72 SKULL CAKE CASES  -->  PACK OF 60 DINOSAUR CAKE CASES,0.012550839633705117,0.33963538149898714,10.446329381684503,0.03695386381216159,0.032512413603812663,0.011349380329185154,1.4650808951459648
PACK OF 60 DINOSAUR CAKE CASES,PACK OF 72 SKULL CAKE CASES,PACK OF 60 DINOSAUR CAKE CASES  -->  PACK OF 72 SKULL CAKE CASES,0.012550839633705117,0.38603223330775127,10.446329381684501,0.032512413603812663,0.03695386381216159,0.011349380329185154,1.5685613943159415
LUNCH BAG CARS BLUE,LUNCH BAG SPACEBOY DESIGN + LUNCH BAG WOODLAND,LUNCH BAG CARS BLUE  -->  LUNCH BAG SPACEBOY DESIGN + LUNCH BAG WOODLAND,0.011028769618484417,0.2138364779874214,10.400393845026562,0.051575716745265364,0.02056042118921077,0.00996835115906633,1.2458471442473238
LUNCH BAG SPACEBOY DESIGN + LUNCH BAG WOODLAND,LUNCH BAG CARS BLUE,LUNCH BAG SPACEBOY DESIGN + LUNCH BAG WOODLAND  -->  LUNCH BAG CARS BLUE,0.011028769618484417,0.5364077669902912,10.400393845026562,0.02056042118921077,0.051575716745265364,0.00996835115906633,2.04581573141859
PACK OF 60 SPACEBOY CAKE CASES,PACK OF 72 SKULL CAKE CASES,PACK OF 60 SPACEBOY CAKE CASES  -->  PACK OF 72 SKULL CAKE CASES,0.010554682236694363,0.3834995466908432,10.377792932295018,0.027522020111285773,0.03695386381216159,0.009537637253666336,1.5621174826693909
PACK OF 72 SKULL CAKE CASES,PACK OF 60 SPACEBOY CAKE CASES,PACK OF 72 SKULL CAKE CASES  -->  PACK OF 60 SPACEBOY CAKE CASES,0.010554682236694363,0.2856178257933828,10.377792932295016,0.03695386381216159,0.027522020111285773,0.009537637253666336,1.3612853385776802
LUNCH BAG BLACK SKULL. + LUNCH BAG WOODLAND,LUNCH BAG SPACEBOY DESIGN,LUNCH BAG BLACK SKULL. + LUNCH BAG WOODLAND  -->  LUNCH BAG SPACEBOY DESIGN,0.011178481423260224,0.5430303030303031,10.324015870277732,0.020585373156673404,0.052598747411233375,0.010095716580226377,2.073225552747301
LUNCH BAG SPACEBOY DESIGN,LUNCH BAG BLACK SKULL. + LUNCH BAG WOODLAND,LUNCH BAG SPACEBOY DESIGN  -->  LUNCH BAG BLACK SKULL. + LUNCH BAG WOODLAND,0.011178481423260224,0.2125237191650854,10.32401587027773,0.052598747411233375,0.020585373156673404,0.010095716580226377,1.2437385743287546
HEART OF WICKER SMALL,HEART OF WICKER LARGE + WHITE HANGING HEART T-LIGHT HOLDER,HEART OF WICKER SMALL  -->  HEART OF WICKER LARGE + WHITE HANGING HEART T-LIGHT HOLDER,0.010554682236694363,0.19665271966527195,10.315773620451706,0.05367168201212666,0.019063303141452704,0.009531522692385538,1.221061825777046
HEART OF WICKER LARGE + WHITE HANGING HEART T-LIGHT HOLDER,HEART OF WICKER SMALL,HEART OF WICKER LARGE + WHITE HANGING HEART T-LIGHT HOLDER  -->  HEART OF WICKER SMALL,0.010554682236694363,0.5536649214659686,10.315773620451706,0.019063303141452704,0.05367168201212666,0.009531522692385538,2.120219457310074
DOTCOM POSTAGE,LOVEBIRD HANGING DECORATION WHITE,DOTCOM POSTAGE  -->  LOVEBIRD HANGING DECORATION WHITE,0.010404970431918556,0.2946996466431095,10.279092896880677,0.03530703395962772,0.02866981061456696,0.009392724454933945,1.3771865911627132
LOVEBIRD HANGING DECORATION WHITE,DOTCOM POSTAGE,LOVEBIRD HANGING DECORATION WHITE  -->  DOTCOM POSTAGE,0.010404970431918556,0.36292428198433413,10.279092896880677,0.02866981061456696,0.03530703395962772,0.009392724454933945,1.5142516639076333
RETROSPOT HEART HOT WATER BOTTLE,SCOTTIE DOG HOT WATER BOTTLE,RETROSPOT HEART HOT WATER BOTTLE  -->  SCOTTIE DOG HOT WATER BOTTLE,0.010030690919979041,0.4322580645161291,10.25672377241735,0.023205329740250018,0.04214387304438955,0.009052728449452747,1.687132950887723
SCOTTIE DOG HOT WATER BOTTLE,RETROSPOT HEART HOT WATER BOTTLE,SCOTTIE DOG HOT WATER BOTTLE  -->  RETROSPOT HEART HOT WATER BOTTLE,0.010030690919979041,0.23801065719360567,10.256723772417349,0.04214387304438955,0.023205329740250018,0.009052728449452747,1.2819006978000915
LUNCH BAG RED RETROSPOT,LUNCH BAG APPLE DESIGN,LUNCH BAG RED RETROSPOT  -->  LUNCH BAG APPLE DESIGN,0.012151608154302967,0.26510615133369625,10.25546257432485,0.04583676422885945,0.025850238291289268,0.010966716876485306,1.3255652683399273
LUNCH BAG APPLE DESIGN,LUNCH BAG RED RETROSPOT,LUNCH BAG APPLE DESIGN  -->  LUNCH BAG RED RETROSPOT,0.012151608154302967,0.4700772200772201,10.255462574324849,0.025850238291289268,0.04583676422885945,0.010966716876485306,1.8005703319834274
LUNCH BAG CARS BLUE + LUNCH BAG WOODLAND,LUNCH BAG SPACEBOY DESIGN,LUNCH BAG CARS BLUE + LUNCH BAG WOODLAND  -->  LUNCH BAG SPACEBOY DESIGN,0.011028769618484417,0.537712895377129,10.222922062632447,0.0205105172542855,0.052598747411233375,0.00994994210215251,2.0493784990209636
LUNCH BAG SPACEBOY DESIGN,LUNCH BAG CARS BLUE + LUNCH BAG WOODLAND,LUNCH BAG SPACEBOY DESIGN  -->  LUNCH BAG CARS BLUE + LUNCH BAG WOODLAND,0.011028769618484417,0.20967741935483872,10.222922062632446,0.052598747411233375,0.0205105172542855,0.00994994210215251,1.2393540393925366
ASSORTED COLOUR BIRD ORNAMENT,PAINTED METAL PEARS ASSORTED,ASSORTED COLOUR BIRD ORNAMENT  -->  PAINTED METAL PEARS ASSORTED,0.013199590787733613,0.18845742785892414,10.2203089801111,0.07004017266761484,0.018439503954886843,0.011908084746828172,1.2094996981556774
PAINTED METAL PEARS ASSORTED,ASSORTED COLOUR BIRD ORNAMENT,PAINTED METAL PEARS ASSORTED  -->  ASSORTED COLOUR BIRD ORNAMENT,0.013199590787733613,0.7158322056833559,10.2203089801111,0.018439503954886843,0.07004017266761484,0.011908084746828172,3.2725729161839654
PINK DOUGHNUT TRINKET POT,STRAWBERRY CERAMIC TRINKET BOX,PINK DOUGHNUT TRINKET POT  -->  STRAWBERRY CERAMIC TRINKET BOX,0.010105546822366944,0.5844155844155844,10.139230898971158,0.01729171345160566,0.05763904483868553,0.009108868975392143,2.2675560483569126
STRAWBERRY CERAMIC TRINKET BOX,PINK DOUGHNUT TRINKET POT,STRAWBERRY CERAMIC TRINKET BOX  -->  PINK DOUGHNUT TRINKET POT,0.010105546822366944,0.17532467532467533,10.139230898971158,0.05763904483868553,0.01729171345160566,0.009108868975392143,1.1916305206964781
LUNCH BAG WOODLAND,LUNCH BAG CARS BLUE + LUNCH BAG SUKI DESIGN,LUNCH BAG WOODLAND  -->  LUNCH BAG CARS BLUE + LUNCH BAG SUKI DESIGN,0.011303241260573397,0.23520249221183803,10.124823072367167,0.04805748933303391,0.023230281707712654,0.010186852245201623,1.2771612202518299
LUNCH BAG CARS BLUE + LUNCH BAG SUKI DESIGN,LUNCH BAG WOODLAND,LUNCH BAG CARS BLUE + LUNCH BAG SUKI DESIGN  -->  LUNCH BAG WOODLAND,0.011303241260573397,0.4865735767991407,10.124823072367166,0.023230281707712654,0.04805748933303391,0.010186852245201623,1.8540972331191328
JUMBO STORAGE BAG SUKI,JUMBO BAG RED RETROSPOT + JUMBO BAG WOODLAND ANIMALS,JUMBO STORAGE BAG SUKI  -->  JUMBO BAG RED RETROSPOT + JUMBO BAG WOODLAND ANIMALS,0.010404970431918556,0.1790468012022327,10.10656148138293,0.05811313222047559,0.017715896898470446,0.00937544417305343,1.1965165670101792
JUMBO BAG RED RETROSPOT + JUMBO BAG WOODLAND ANIMALS,JUMBO STORAGE BAG SUKI,JUMBO BAG RED RETROSPOT + JUMBO BAG WOODLAND ANIMALS  -->  JUMBO STORAGE BAG SUKI,0.010404970431918556,0.5873239436619717,10.106561481382927,0.017715896898470446,0.05811313222047559,0.00937544417305343,2.2823879731176184
LUNCH BAG CARS BLUE,LUNCH BAG SPACEBOY DESIGN + LUNCH BAG SUKI DESIGN,LUNCH BAG CARS BLUE  -->  LUNCH BAG SPACEBOY DESIGN + LUNCH BAG SUKI DESIGN,0.013049878982957806,0.25302370585389455,10.10003093576348,0.051575716745265364,0.025051775332484965,0.011757815714443535,1.305192992479115
LUNCH BAG SPACEBOY DESIGN + LUNCH BAG SUKI DESIGN,LUNCH BAG CARS BLUE,LUNCH BAG SPACEBOY DESIGN + LUNCH BAG SUKI DESIGN  -->  LUNCH BAG CARS BLUE,0.013049878982957806,0.5209163346613546,10.100030935763478,0.025051775332484965,0.051575716745265364,0.011757815714443535,1.9796631608893005
LUNCH BAG PINK POLKADOT + LUNCH BAG RED RETROSPOT,LUNCH BAG BLACK SKULL.,LUNCH BAG PINK POLKADOT + LUNCH BAG RED RETROSPOT  -->  LUNCH BAG BLACK SKULL.,0.010604586171619633,0.5910987482614743,10.076335403689965,0.017940464605634154,0.05866207550465354,0.009552161282335358,2.302115536435899
LUNCH BAG BLACK SKULL.,LUNCH BAG PINK POLKADOT + LUNCH BAG RED RETROSPOT,LUNCH BAG BLACK SKULL.  -->  LUNCH BAG PINK POLKADOT + LUNCH BAG RED RETROSPOT,0.010604586171619633,0.18077413866439812,10.076335403689963,0.05866207550465354,0.017940464605634154,0.009552161282335358,1.1987652999543896
LUNCH BAG BLACK SKULL. + LUNCH BAG SPACEBOY DESIGN,LUNCH BAG SUKI DESIGN,LUNCH BAG BLACK SKULL. + LUNCH BAG SPACEBOY DESIGN  -->  LUNCH BAG SUKI DESIGN,0.013149686852808344,0.5934684684684685,10.065355823449348,0.022157347106819374,0.05896149911420515,0.011843256450996476,2.3147983068880493
LUNCH BAG SUKI DESIGN,LUNCH BAG BLACK SKULL. + LUNCH BAG SPACEBOY DESIGN,LUNCH BAG SUKI DESIGN  -->  LUNCH BAG BLACK SKULL. + LUNCH BAG SPACEBOY DESIGN,0.013149686852808344,0.22302158273381295,10.065355823449348,0.05896149911420515,0.022157347106819374,0.011843256450996476,1.258519710668075
JUMBO BAG RED RETROSPOT + JUMBO SHOPPER VINTAGE RED PAISLEY,JUMBO BAG PINK VINTAGE PAISLEY,JUMBO BAG RED RETROSPOT + JUMBO SHOPPER VINTAGE RED PAISLEY  -->  JUMBO BAG PINK VINTAGE PAISLEY,0.010155450757292213,0.4037698412698413,9.994986984911321,0.025151583202335504,0.04039723532200514,0.009139396331946475,1.6094502276130098
JUMBO BAG PINK VINTAGE PAISLEY,JUMBO BAG RED RETROSPOT + JUMBO SHOPPER VINTAGE RED PAISLEY,JUMBO BAG PINK VINTAGE PAISLEY  -->  JUMBO BAG RED RETROSPOT + JUMBO SHOPPER VINTAGE RED PAISLEY,0.010155450757292213,0.25138974675725756,9.994986984911321,0.04039723532200514,0.025151583202335504,0.009139396331946475,1.30221088019424
LUNCH BAG BLACK SKULL. + LUNCH BAG SUKI DESIGN,LUNCH BAG SPACEBOY DESIGN,LUNCH BAG BLACK SKULL. + LUNCH BAG SUKI DESIGN  -->  LUNCH BAG SPACEBOY DESIGN,0.013149686852808344,0.5254237288135594,9.989282153539383,0.025026823365022332,0.052598747411233375,0.011833307292125981,1.9963097822406155
LUNCH BAG SPACEBOY DESIGN,LUNCH BAG BLACK SKULL. + LUNCH BAG SUKI DESIGN,LUNCH BAG SPACEBOY DESIGN  -->  LUNCH BAG BLACK SKULL. + LUNCH BAG SUKI DESIGN,0.013149686852808344,0.25,9.989282153539381,0.052598747411233375,0.025026823365022332,0.011833307292125981,1.2999642355133034
JUMBO STORAGE BAG SUKI,JUMBO BAG BAROQUE BLACK WHITE + JUMBO SHOPPER VINTAGE RED PAISLEY,JUMBO STORAGE BAG SUKI  -->  JUMBO BAG BAROQUE BLACK WHITE + JUMBO SHOPPER VINTAGE RED PAISLEY,0.010355066496993288,0.1781880635465865,9.987752479379786,0.05811313222047559,0.017840656735783618,0.009318290053206576,1.1951144777755276
JUMBO BAG BAROQUE BLACK WHITE + JUMBO SHOPPER VINTAGE RED PAISLEY,JUMBO STORAGE BAG SUKI,JUMBO BAG BAROQUE BLACK WHITE + JUMBO SHOPPER VINTAGE RED PAISLEY  -->  JUMBO STORAGE BAG SUKI,0.010355066496993288,0.5804195804195804,9.987752479379786,0.017840656735783618,0.05811313222047559,0.009318290053206576,2.2448303682078667
JUMBO BAG RED RETROSPOT,JUMBO BAG PINK POLKADOT + JUMBO SHOPPER VINTAGE RED PAISLEY,JUMBO BAG RED RETROSPOT  -->  JUMBO BAG PINK POLKADOT + JUMBO SHOPPER VINTAGE RED PAISLEY,0.010904009781171245,0.1336800244723157,9.921285816253697,0.08156798163535195,0.013474062429822591,0.00980495770434189,1.1387546927672705
JUMBO BAG PINK POLKADOT + JUMBO SHOPPER VINTAGE RED PAISLEY,JUMBO BAG RED RETROSPOT,JUMBO BAG PINK POLKADOT + JUMBO SHOPPER VINTAGE RED PAISLEY  -->  JUMBO BAG RED RETROSPOT,0.010904009781171245,0.8092592592592592,9.921285816253695,0.013474062429822591,0.08156798163535195,0.00980495770434189,4.815080484630193
HOME BUILDING BLOCK WORD,LOVE BUILDING BLOCK WORD,HOME BUILDING BLOCK WORD  -->  LOVE BUILDING BLOCK WORD,0.021608403822641415,0.4191674733785092,9.905055914263274,0.05155076477780273,0.04231853681662799,0.01942685088546664,1.648808252447372
LOVE BUILDING BLOCK WORD,HOME BUILDING BLOCK WORD,LOVE BUILDING BLOCK WORD  -->  HOME BUILDING BLOCK WORD,0.021608403822641415,0.5106132075471698,9.905055914263274,0.04231853681662799,0.05155076477780273,0.01942685088546664,1.9380360276347548
LUNCH BAG CARS BLUE,LUNCH BAG BLACK SKULL. + LUNCH BAG SUKI DESIGN,LUNCH BAG CARS BLUE  -->  LUNCH BAG BLACK SKULL. + LUNCH BAG SUKI DESIGN,0.012775407340868827,0.24770198355104014,9.897460014730843,0.051575716745265364,0.025026823365022332,0.011484630987960646,1.295993283668488
LUNCH BAG BLACK SKULL. + LUNCH BAG SUKI DESIGN,LUNCH BAG CARS BLUE,LUNCH BAG BLACK SKULL. + LUNCH BAG SUKI DESIGN  -->  LUNCH BAG CARS BLUE,0.012775407340868827,0.5104685942173479,9.897460014730843,0.025026823365022332,0.051575716745265364,0.011484630987960646,1.937412537891036
JUMBO SHOPPER VINTAGE RED PAISLEY + JUMBO STORAGE BAG SUKI,JUMBO BAG BAROQUE BLACK WHITE,JUMBO SHOPPER VINTAGE RED PAISLEY + JUMBO STORAGE BAG SUKI  -->  JUMBO BAG BAROQUE BLACK WHITE,0.010355066496993288,0.4626532887402453,9.873139431758686,0.02238191481398308,0.04685979489482746,0.00930625455945654,1.7737899667621155
JUMBO BAG BAROQUE BLACK WHITE,JUMBO SHOPPER VINTAGE RED PAISLEY + JUMBO STORAGE BAG SUKI,JUMBO BAG BAROQUE BLACK WHITE  -->  JUMBO SHOPPER VINTAGE RED PAISLEY + JUMBO STORAGE BAG SUKI,0.010355066496993288,0.22097976570820022,9.873139431758686,0.04685979489482746,0.02238191481398308,0.00930625455945654,1.2549328530275734
LUNCH BAG BLACK SKULL. + LUNCH BAG SPACEBOY DESIGN,LUNCH BAG CARS BLUE,LUNCH BAG BLACK SKULL. + LUNCH BAG SPACEBOY DESIGN  -->  LUNCH BAG CARS BLUE,0.011228385358185492,0.5067567567567567,9.825491311340366,0.022157347106819374,0.051575716745265364,0.010085604299977652,1.9228327934479548
LUNCH BAG CARS BLUE,LUNCH BAG BLACK SKULL. + LUNCH BAG SPACEBOY DESIGN,LUNCH BAG CARS BLUE  -->  LUNCH BAG BLACK SKULL. + LUNCH BAG SPACEBOY DESIGN,0.011228385358185492,0.21770682148040638,9.825491311340366,0.051575716745265364,0.022157347106819374,0.010085604299977652,1.2499695507298727
LUNCH BAG SUKI DESIGN,LUNCH BAG BLACK SKULL. + LUNCH BAG CARS BLUE,LUNCH BAG SUKI DESIGN  -->  LUNCH BAG BLACK SKULL. + LUNCH BAG CARS BLUE,0.012775407340868827,0.2166737198476513,9.82311388046869,0.05896149911420515,0.022057539236968834,0.011474861760686744,1.2484484250583698
LUNCH BAG BLACK SKULL. + LUNCH BAG CARS BLUE,LUNCH BAG SUKI DESIGN,LUNCH BAG BLACK SKULL. + LUNCH BAG CARS BLUE  -->  LUNCH BAG SUKI DESIGN,0.012775407340868827,0.5791855203619909,9.823113880468687,0.022057539236968834,0.05896149911420515,0.011474861760686744,2.2362312762985015
PACK OF 60 MUSHROOM CAKE CASES,PACK OF 60 PINK PAISLEY CAKE CASES,PACK OF 60 MUSHROOM CAKE CASES  -->  PACK OF 60 PINK PAISLEY CAKE CASES,0.011577712902662374,0.4884210526315789,9.821600866189558,0.023704369089502707,0.04972927115303041,0.010398911904698981,1.8575250872523066
PACK OF 60 PINK PAISLEY CAKE CASES,PACK OF 60 MUSHROOM CAKE CASES,PACK OF 60 PINK PAISLEY CAKE CASES  -->  PACK OF 60 MUSHROOM CAKE CASES,0.011577712902662374,0.23281485198193677,9.821600866189558,0.04972927115303041,0.023704369089502707,0.010398911904698981,1.2725684711606415
JUMBO BAG PINK VINTAGE PAISLEY + JUMBO BAG RED RETROSPOT,JUMBO SHOPPER VINTAGE RED PAISLEY,JUMBO BAG PINK VINTAGE PAISLEY + JUMBO BAG RED RETROSPOT  -->  JUMBO SHOPPER VINTAGE RED PAISLEY,0.010155450757292213,0.5334207077326343,9.752692383120795,0.01903835117399007,0.05469471267809467,0.00911415360996616,2.0260335231084654
JUMBO SHOPPER VINTAGE RED PAISLEY,JUMBO BAG PINK VINTAGE PAISLEY + JUMBO BAG RED RETROSPOT,JUMBO SHOPPER VINTAGE RED PAISLEY  -->  JUMBO BAG PINK VINTAGE PAISLEY + JUMBO BAG RED RETROSPOT,0.010155450757292213,0.18567518248175183,9.752692383120795,0.05469471267809467,0.01903835117399007,0.00911415360996616,1.2046318959252738
LUNCH BAG CARS BLUE + LUNCH BAG WOODLAND,LUNCH BAG BLACK SKULL.,LUNCH BAG CARS BLUE + LUNCH BAG WOODLAND  -->  LUNCH BAG BLACK SKULL.,0.011727424707438181,0.5717761557177615,9.74694725338185,0.0205105172542855,0.05866207550465354,0.010524235195627786,2.1982379941340193
LUNCH BAG BLACK SKULL.,LUNCH BAG CARS BLUE + LUNCH BAG WOODLAND,LUNCH BAG BLACK SKULL.  -->  LUNCH BAG CARS BLUE + LUNCH BAG WOODLAND,0.011727424707438181,0.1999149298170991,9.74694725338185,0.05866207550465354,0.0205105172542855,0.010524235195627786,1.2242316714168924
JUMBO BAG PINK POLKADOT + JUMBO STORAGE BAG SUKI,JUMBO BAG RED RETROSPOT,JUMBO BAG PINK POLKADOT + JUMBO STORAGE BAG SUKI  -->  JUMBO BAG RED RETROSPOT,0.011827232577288719,0.7939698492462312,9.733842045959378,0.014896324575192754,0.08156798163535195,0.010612169447905155,4.457755406208902
JUMBO BAG RED RETROSPOT,JUMBO BAG PINK POLKADOT + JUMBO STORAGE BAG SUKI,JUMBO BAG RED RETROSPOT  -->  JUMBO BAG PINK POLKADOT + JUMBO STORAGE BAG SUKI,0.011827232577288719,0.14499847048026918,9.733842045959376,0.08156798163535195,0.014896324575192754,0.010612169447905155,1.1521659803090143
PACK OF 60 DINOSAUR CAKE CASES,60 TEATIME FAIRY CAKE CASES,PACK OF 60 DINOSAUR CAKE CASES  -->  60 TEATIME FAIRY CAKE CASES,0.01679267410235297,0.5165003837298542,9.731916257048127,0.032512413603812663,0.05307283479302343,0.015067148146435373,1.9584858670868104
60 TEATIME FAIRY CAKE CASES,PACK OF 60 DINOSAUR CAKE CASES,60 TEATIME FAIRY CAKE CASES  -->  PACK OF 60 DINOSAUR CAKE CASES,0.01679267410235297,0.3164080865068171,9.731916257048127,0.05307283479302343,0.032512413603812663,0.015067148146435373,1.4152999286552204
LUNCH BAG SUKI DESIGN + LUNCH BAG WOODLAND,LUNCH BAG BLACK SKULL.,LUNCH BAG SUKI DESIGN + LUNCH BAG WOODLAND  -->  LUNCH BAG BLACK SKULL.,0.011527808967737106,0.5689655172413793,9.699034893442263,0.020260997579659157,0.05866207550465354,0.010339256797919538,2.183903984829204
LUNCH BAG BLACK SKULL.,LUNCH BAG SUKI DESIGN + LUNCH BAG WOODLAND,LUNCH BAG BLACK SKULL.  -->  LUNCH BAG SUKI DESIGN + LUNCH BAG WOODLAND,0.011527808967737106,0.19651212250106337,9.699034893442262,0.05866207550465354,0.020260997579659157,0.010339256797919538,1.2193575408630075
LUNCH BAG WOODLAND,LUNCH BAG SPACEBOY DESIGN + LUNCH BAG SUKI DESIGN,LUNCH BAG WOODLAND  -->  LUNCH BAG SPACEBOY DESIGN + LUNCH BAG SUKI DESIGN,0.011652568805050278,0.24247144340602286,9.678812786238225,0.04805748933303391,0.025051775332484965,0.01044864337923582,1.2870118442149652
LUNCH BAG SPACEBOY DESIGN + LUNCH BAG SUKI DESIGN,LUNCH BAG WOODLAND,LUNCH BAG SPACEBOY DESIGN + LUNCH BAG SUKI DESIGN  -->  LUNCH BAG WOODLAND,0.011652568805050278,0.46513944223107573,9.678812786238225,0.025051775332484965,0.04805748933303391,0.01044864337923582,1.7797956810235271
JUMBO BAG BAROQUE BLACK WHITE + JUMBO STORAGE BAG SUKI,JUMBO SHOPPER VINTAGE RED PAISLEY,JUMBO BAG BAROQUE BLACK WHITE + JUMBO STORAGE BAG SUKI  -->  JUMBO SHOPPER VINTAGE RED PAISLEY,0.010355066496993288,0.5293367346938775,9.678023866937286,0.019562342490705393,0.05469471267809467,0.009285109795153674,2.008453510190715
JUMBO SHOPPER VINTAGE RED PAISLEY,JUMBO BAG BAROQUE BLACK WHITE + JUMBO STORAGE BAG SUKI,JUMBO SHOPPER VINTAGE RED PAISLEY  -->  JUMBO BAG BAROQUE BLACK WHITE + JUMBO STORAGE BAG SUKI,0.010355066496993288,0.18932481751824817,9.678023866937286,0.05469471267809467,0.019562342490705393,0.009285109795153674,1.2094087480362261
LUNCH BAG SPACEBOY DESIGN,LUNCH BAG BLACK SKULL. + LUNCH BAG CARS BLUE,LUNCH BAG SPACEBOY DESIGN  -->  LUNCH BAG BLACK SKULL. + LUNCH BAG CARS BLUE,0.011228385358185492,0.21347248576850095,9.677982819167662,0.052598747411233375,0.022057539236968834,0.010068186423346798,1.2433671334671108
LUNCH BAG BLACK SKULL. + LUNCH BAG CARS BLUE,LUNCH BAG SPACEBOY DESIGN,LUNCH BAG BLACK SKULL. + LUNCH BAG CARS BLUE  -->  LUNCH BAG SPACEBOY DESIGN,0.011228385358185492,0.5090497737556561,9.67798281916766,0.022057539236968834,0.052598747411233375,0.010068186423346798,1.929729740296013
HAND OVER THE CHOCOLATE SIGN,NO SINGING METAL SIGN,HAND OVER THE CHOCOLATE SIGN  -->  NO SINGING METAL SIGN,0.010105546822366944,0.2773972602739726,9.650390625,0.03642987249544627,0.028744666516954863,0.009058382286230154,1.3441069070002332
NO SINGING METAL SIGN,HAND OVER THE CHOCOLATE SIGN,NO SINGING METAL SIGN  -->  HAND OVER THE CHOCOLATE SIGN,0.010105546822366944,0.3515625,9.650390624999998,0.028744666516954863,0.03642987249544627,0.009058382286230154,1.4859876665130467
LUNCH BAG SUKI DESIGN,LUNCH BAG SPACEBOY DESIGN + LUNCH BAG WOODLAND,LUNCH BAG SUKI DESIGN  -->  LUNCH BAG SPACEBOY DESIGN + LUNCH BAG WOODLAND,0.011652568805050278,0.19763013118916634,9.61216355299541,0.05896149911420515,0.02056042118921077,0.010440295549314943,1.220683399119143
LUNCH BAG SPACEBOY DESIGN + LUNCH BAG WOODLAND,LUNCH BAG SUKI DESIGN,LUNCH BAG SPACEBOY DESIGN + LUNCH BAG WOODLAND  -->  LUNCH BAG SUKI DESIGN,0.011652568805050278,0.5667475728155339,9.61216355299541,0.02056042118921077,0.05896149911420515,0.010440295549314943,2.172032842380658
GIN + TONIC DIET METAL SIGN,HAND OVER THE CHOCOLATE SIGN,GIN + TONIC DIET METAL SIGN  -->  HAND OVER THE CHOCOLATE SIGN,0.01402300571400055,0.3492852703542573,9.587880671224363,0.0401477156473788,0.03642987249544627,0.012560429551983106,1.4807873306158805
HAND OVER THE CHOCOLATE SIGN,GIN + TONIC DIET METAL SIGN,HAND OVER THE CHOCOLATE SIGN  -->  GIN + TONIC DIET METAL SIGN,0.01402300571400055,0.38493150684931504,9.587880671224362,0.03642987249544627,0.0401477156473788,0.012560429551983106,1.5605616204396737
LUNCH BAG BLACK SKULL. + LUNCH BAG SUKI DESIGN,LUNCH BAG WOODLAND,LUNCH BAG BLACK SKULL. + LUNCH BAG SUKI DESIGN  -->  LUNCH BAG WOODLAND,0.011527808967737106,0.4606181455633101,9.584731785950561,0.025026823365022332,0.04805748933303391,0.010325082670832823,1.764876780404745
LUNCH BAG WOODLAND,LUNCH BAG BLACK SKULL. + LUNCH BAG SUKI DESIGN,LUNCH BAG WOODLAND  -->  LUNCH BAG BLACK SKULL. + LUNCH BAG SUKI DESIGN,0.011527808967737106,0.2398753894080997,9.58473178595056,0.04805748933303391,0.025026823365022332,0.010325082670832823,1.2826491381140486
JUMBO BAG BAROQUE BLACK WHITE,JUMBO BAG RED RETROSPOT + JUMBO SHOPPER VINTAGE RED PAISLEY,JUMBO BAG BAROQUE BLACK WHITE  -->  JUMBO BAG RED RETROSPOT + JUMBO SHOPPER VINTAGE RED PAISLEY,0.011278289293110762,0.24068157614483493,9.569241594401339,0.04685979489482746,0.025151583202335504,0.010099691262969132,1.2838466526970644
JUMBO BAG RED RETROSPOT + JUMBO SHOPPER VINTAGE RED PAISLEY,JUMBO BAG BAROQUE BLACK WHITE,JUMBO BAG RED RETROSPOT + JUMBO SHOPPER VINTAGE RED PAISLEY  -->  JUMBO BAG BAROQUE BLACK WHITE,0.011278289293110762,0.44841269841269843,9.569241594401339,0.025151583202335504,0.04685979489482746,0.010099691262969132,1.7279951919892336
RECYCLING BAG RETROSPOT,DOTCOM POSTAGE,RECYCLING BAG RETROSPOT  -->  DOTCOM POSTAGE,0.013224542755196246,0.3375796178343949,9.561256780176002,0.03917458891633605,0.03530703395962772,0.011841404213972714,1.4563153429647926
DOTCOM POSTAGE,RECYCLING BAG RETROSPOT,DOTCOM POSTAGE  -->  RECYCLING BAG RETROSPOT,0.013224542755196246,0.37455830388692574,9.561256780176002,0.03530703395962772,0.03917458891633605,0.011841404213972714,1.5362349793032593
HEART OF WICKER SMALL,HEART OF WICKER LARGE,HEART OF WICKER SMALL  -->  HEART OF WICKER LARGE,0.024976919430097062,0.46536494653649463,9.554524058577407,0.05367168201212666,0.0487062404870624,0.02236277357866928,1.7793329362715902
HEART OF WICKER LARGE,HEART OF WICKER SMALL,HEART OF WICKER LARGE  -->  HEART OF WICKER SMALL,0.024976919430097062,0.5128073770491803,9.554524058577405,0.0487062404870624,0.05367168201212666,0.02236277357866928,1.942411016521902
LUNCH BAG BLACK SKULL. + LUNCH BAG WOODLAND,LUNCH BAG SUKI DESIGN,LUNCH BAG BLACK SKULL. + LUNCH BAG WOODLAND  -->  LUNCH BAG SUKI DESIGN,0.011527808967737106,0.56,9.497723233178165,0.020585373156673404,0.05896149911420515,0.010314064506594325,2.138723865649534
LUNCH BAG SUKI DESIGN,LUNCH BAG BLACK SKULL. + LUNCH BAG WOODLAND,LUNCH BAG SUKI DESIGN  -->  LUNCH BAG BLACK SKULL. + LUNCH BAG WOODLAND,0.011527808967737106,0.19551417689377912,9.497723233178164,0.05896149911420515,0.020585373156673404,0.010314064506594325,1.2174417481487538
LUNCH BAG BLACK SKULL.,LUNCH BAG CARS BLUE + LUNCH BAG SPACEBOY DESIGN,LUNCH BAG BLACK SKULL.  -->  LUNCH BAG CARS BLUE + LUNCH BAG SPACEBOY DESIGN,0.011228385358185492,0.19140791152700976,9.493879789935606,0.05866207550465354,0.020161189709808618,0.010045688125165056,1.2117838206166438
LUNCH BAG CARS BLUE + LUNCH BAG SPACEBOY DESIGN,LUNCH BAG BLACK SKULL.,LUNCH BAG CARS BLUE + LUNCH BAG SPACEBOY DESIGN  -->  LUNCH BAG BLACK SKULL.,0.011228385358185492,0.5569306930693069,9.493879789935606,0.020161189709808618,0.05866207550465354,0.010045688125165056,2.124583918972737
DOTCOM POSTAGE,JUMBO BAG WOODLAND ANIMALS,DOTCOM POSTAGE  -->  JUMBO BAG WOODLAND ANIMALS,0.01177732864236345,0.3335689045936396,9.447661476607275,0.03530703395962772,0.03530703395962772,0.010530741995337146,1.447550951163443
JUMBO BAG WOODLAND ANIMALS,DOTCOM POSTAGE,JUMBO BAG WOODLAND ANIMALS  -->  DOTCOM POSTAGE,0.01177732864236345,0.3335689045936396,9.447661476607275,0.03530703395962772,0.03530703395962772,0.010530741995337146,1.447550951163443
60 TEATIME FAIRY CAKE CASES,72 SWEETHEART FAIRY CAKE CASES,60 TEATIME FAIRY CAKE CASES  -->  72 SWEETHEART FAIRY CAKE CASES,0.0182648401826484,0.34414668547249644,9.446826516220026,0.05307283479302343,0.03642987249544627,0.016331403578166672,1.4691854202166204
72 SWEETHEART FAIRY CAKE CASES,60 TEATIME FAIRY CAKE CASES,72 SWEETHEART FAIRY CAKE CASES  -->  60 TEATIME FAIRY CAKE CASES,0.0182648401826484,0.5013698630136986,9.446826516220026,0.03642987249544627,0.05307283479302343,0.016331403578166672,1.8990572269260793
LUNCH BAG RED RETROSPOT + LUNCH BAG SUKI DESIGN,LUNCH BAG BLACK SKULL.,LUNCH BAG RED RETROSPOT + LUNCH BAG SUKI DESIGN  -->  LUNCH BAG BLACK SKULL.,0.010404970431918556,0.553050397877984,9.427733218101219,0.01881378346682636,0.05866207550465354,0.009301314845659386,2.106138857772971
LUNCH BAG BLACK SKULL.,LUNCH BAG RED RETROSPOT + LUNCH BAG SUKI DESIGN,LUNCH BAG BLACK SKULL.  -->  LUNCH BAG RED RETROSPOT + LUNCH BAG SUKI DESIGN,0.010404970431918556,0.1773713313483624,9.427733218101219,0.05866207550465354,0.01881378346682636,0.009301314845659386,1.1927449819387235
JUMBO BAG BAROQUE BLACK WHITE,JUMBO BAG RED RETROSPOT + JUMBO STORAGE BAG SUKI,JUMBO BAG BAROQUE BLACK WHITE  -->  JUMBO BAG RED RETROSPOT + JUMBO STORAGE BAG SUKI,0.012076752251915063,0.2577209797657082,9.423981483640771,0.04685979489482746,0.027347356339047335,0.010795260742951545,1.310359874315114
JUMBO BAG RED RETROSPOT + JUMBO STORAGE BAG SUKI,JUMBO BAG BAROQUE BLACK WHITE,JUMBO BAG RED RETROSPOT + JUMBO STORAGE BAG SUKI  -->  JUMBO BAG BAROQUE BLACK WHITE,0.012076752251915063,0.44160583941605835,9.423981483640771,0.027347356339047335,0.04685979489482746,0.010795260742951545,1.7069308248288708
LUNCH BAG BLACK SKULL. + LUNCH BAG RED RETROSPOT,LUNCH BAG SUKI DESIGN,LUNCH BAG BLACK SKULL. + LUNCH BAG RED RETROSPOT  -->  LUNCH BAG SUKI DESIGN,0.010404970431918556,0.5537848605577689,9.39231310053902,0.018788831499363726,0.05896149911420515,0.009297152760111872,2.1089344975208437
LUNCH BAG SUKI DESIGN,LUNCH BAG BLACK SKULL. + LUNCH BAG RED RETROSPOT,LUNCH BAG SUKI DESIGN  -->  LUNCH BAG BLACK SKULL. + LUNCH BAG RED RETROSPOT,0.010404970431918556,0.1764705882352941,9.392313100539019,0.05896149911420515,0.018788831499363726,0.009297152760111872,1.1914707046079156
LUNCH BAG CARS BLUE + LUNCH BAG SUKI DESIGN,LUNCH BAG BLACK SKULL.,LUNCH BAG CARS BLUE + LUNCH BAG SUKI DESIGN  -->  LUNCH BAG BLACK SKULL.,0.012775407340868827,0.5499462943071965,9.374818220735651,0.023230281707712654,0.05866207550465354,0.011412670801336615,2.0916124288906146
LUNCH BAG BLACK SKULL.,LUNCH BAG CARS BLUE + LUNCH BAG SUKI DESIGN,LUNCH BAG BLACK SKULL.  -->  LUNCH BAG CARS BLUE + LUNCH BAG SUKI DESIGN,0.012775407340868827,0.21777966822628667,9.37481822073565,0.05866207550465354,0.023230281707712654,0.011412670801336615,1.2487143054405478
60 TEATIME FAIRY CAKE CASES,SET OF 36 TEATIME PAPER DOILIES,60 TEATIME FAIRY CAKE CASES  -->  SET OF 36 TEATIME PAPER DOILIES,0.010080594854904309,0.18993888105312645,9.374606571386883,0.05307283479302343,0.020260997579659157,0.009005286277617212,1.209463063347687
SET OF 36 TEATIME PAPER DOILIES,60 TEATIME FAIRY CAKE CASES,SET OF 36 TEATIME PAPER DOILIES  -->  60 TEATIME FAIRY CAKE CASES,0.010080594854904309,0.49753694581280783,9.374606571386883,0.020260997579659157,0.05307283479302343,0.009005286277617212,1.8845707307550612
JUMBO BAG RED RETROSPOT + JUMBO SHOPPER VINTAGE RED PAISLEY,JUMBO STORAGE BAG SUKI,JUMBO BAG RED RETROSPOT + JUMBO SHOPPER VINTAGE RED PAISLEY  -->  JUMBO STORAGE BAG SUKI,0.013673678169523668,0.5436507936507937,9.355042016806724,0.025151583202335504,0.05811313222047559,0.012212040889332051,2.063960788525567
JUMBO STORAGE BAG SUKI,JUMBO BAG RED RETROSPOT + JUMBO SHOPPER VINTAGE RED PAISLEY,JUMBO STORAGE BAG SUKI  -->  JUMBO BAG RED RETROSPOT + JUMBO SHOPPER VINTAGE RED PAISLEY,0.013673678169523668,0.23529411764705882,9.355042016806722,0.05811313222047559,0.025151583202335504,0.012212040889332051,1.2748017758123307
LUNCH BAG SUKI DESIGN,LUNCH BAG CARS BLUE + LUNCH BAG WOODLAND,LUNCH BAG SUKI DESIGN  -->  LUNCH BAG CARS BLUE + LUNCH BAG WOODLAND,0.011303241260573397,0.19170545916208212,9.346690616592172,0.05896149911420515,0.0205105172542855,0.010093910415652952,1.2117977213236248
LUNCH BAG CARS BLUE + LUNCH BAG WOODLAND,LUNCH BAG SUKI DESIGN,LUNCH BAG CARS BLUE + LUNCH BAG WOODLAND  -->  LUNCH BAG SUKI DESIGN,0.011303241260573397,0.5510948905109488,9.34669061659217,0.0205105172542855,0.05896149911420515,0.010093910415652952,2.0962971483146973
LUNCH BAG SPACEBOY DESIGN + LUNCH BAG WOODLAND,LUNCH BAG BLACK SKULL.,LUNCH BAG SPACEBOY DESIGN + LUNCH BAG WOODLAND  -->  LUNCH BAG BLACK SKULL.,0.011178481423260224,0.5436893203883495,9.268156909061625,0.02056042118921077,0.05866207550465354,0.009972364443051263,2.0629320472983124
LUNCH BAG BLACK SKULL.,LUNCH BAG SPACEBOY DESIGN + LUNCH BAG WOODLAND,LUNCH BAG BLACK SKULL.  -->  LUNCH BAG SPACEBOY DESIGN + LUNCH BAG WOODLAND,0.011178481423260224,0.19055720969800086,9.268156909061625,0.05866207550465354,0.02056042118921077,0.009972364443051263,1.2100170519097033
JUMBO BAG WOODLAND ANIMALS,JUMBO BAG PINK POLKADOT,JUMBO BAG WOODLAND ANIMALS  -->  JUMBO BAG PINK POLKADOT,0.01177732864236345,0.3335689045936396,9.264338869992581,0.03530703395962772,0.03600568904858148,0.010506074556385388,1.4465025980872295
JUMBO BAG PINK POLKADOT,JUMBO BAG WOODLAND ANIMALS,JUMBO BAG PINK POLKADOT  -->  JUMBO BAG WOODLAND ANIMALS,0.01177732864236345,0.32709632709632713,9.264338869992581,0.03600568904858148,0.03530703395962772,0.010506074556385388,1.433627136968339
WOODEN BOX OF DOMINOES,VINTAGE SNAP CARDS,WOODEN BOX OF DOMINOES  -->  VINTAGE SNAP CARDS,0.012201512089228235,0.43544078361531613,9.243199303469822,0.028021059460538462,0.0471093145694538,0.01088145918453236,1.6878489585780811
VINTAGE SNAP CARDS,WOODEN BOX OF DOMINOES,VINTAGE SNAP CARDS  -->  WOODEN BOX OF DOMINOES,0.012201512089228235,0.2590042372881356,9.243199303469822,0.0471093145694538,0.028021059460538462,0.01088145918453236,1.311719971221232
JUMBO BAG WOODLAND ANIMALS,JUMBO BAG SPACEBOY DESIGN,JUMBO BAG WOODLAND ANIMALS  -->  JUMBO BAG SPACEBOY DESIGN,0.010155450757292213,0.2876325088339223,9.236737224789344,0.03530703395962772,0.03114005539336777,0.009055987764013888,1.3600563706531592
JUMBO BAG SPACEBOY DESIGN,JUMBO BAG WOODLAND ANIMALS,JUMBO BAG SPACEBOY DESIGN  -->  JUMBO BAG WOODLAND ANIMALS,0.010155450757292213,0.3261217948717949,9.236737224789344,0.03114005539336777,0.03530703395962772,0.009055987764013888,1.4315538901526572
JUMBO SHOPPER VINTAGE RED PAISLEY,JUMBO BAG RED RETROSPOT + JUMBO STORAGE BAG SUKI,JUMBO SHOPPER VINTAGE RED PAISLEY  -->  JUMBO BAG RED RETROSPOT + JUMBO STORAGE BAG SUKI,0.013673678169523668,0.25,9.141651459854014,0.05469471267809467,0.027347356339047335,0.012177922372054003,1.2968701915479368
JUMBO BAG RED RETROSPOT + JUMBO STORAGE BAG SUKI,JUMBO SHOPPER VINTAGE RED PAISLEY,JUMBO BAG RED RETROSPOT + JUMBO STORAGE BAG SUKI  -->  JUMBO SHOPPER VINTAGE RED PAISLEY,0.013673678169523668,0.5,9.141651459854014,0.027347356339047335,0.05469471267809467,0.012177922372054003,1.8906105746438107
LUNCH BAG RED RETROSPOT,LUNCH BAG DOLLY GIRL DESIGN,LUNCH BAG RED RETROSPOT  -->  LUNCH BAG DOLLY GIRL DESIGN,0.010380018464455923,0.22645617855198694,9.130467070249479,0.04583676422885945,0.02480225565785862,0.009243163319522761,1.2606884281185882
LUNCH BAG DOLLY GIRL DESIGN,LUNCH BAG RED RETROSPOT,LUNCH BAG DOLLY GIRL DESIGN  -->  LUNCH BAG RED RETROSPOT,0.010380018464455923,0.4185110663983904,9.130467070249479,0.02480225565785862,0.04583676422885945,0.009243163319522761,1.6408966372950067
LADIES & GENTLEMEN METAL SIGN,PLEASE ONE PERSON METAL SIGN,LADIES & GENTLEMEN METAL SIGN  -->  PLEASE ONE PERSON METAL SIGN,0.0113780971629613,0.41081081081081083,9.096168433626998,0.027696683883524215,0.04516306110736831,0.010127230136258231,1.62059480454254
PLEASE ONE PERSON METAL SIGN,LADIES & GENTLEMEN METAL SIGN,PLEASE ONE PERSON METAL SIGN  -->  LADIES & GENTLEMEN METAL SIGN,0.0113780971629613,0.2519337016574586,9.096168433626998,0.04516306110736831,0.027696683883524215,0.010127230136258231,1.2997555407465444
JUMBO STORAGE BAG SUKI,JUMBO BAG BAROQUE BLACK WHITE + JUMBO BAG RED RETROSPOT,JUMBO STORAGE BAG SUKI  -->  JUMBO BAG BAROQUE BLACK WHITE + JUMBO BAG RED RETROSPOT,0.012076752251915063,0.2078145126663804,9.09233867263158,0.05811313222047559,0.022856002195773138,0.010748518374280619,1.2334787918081542
JUMBO BAG BAROQUE BLACK WHITE + JUMBO BAG RED RETROSPOT,JUMBO STORAGE BAG SUKI,JUMBO BAG BAROQUE BLACK WHITE + JUMBO BAG RED RETROSPOT  -->  JUMBO STORAGE BAG SUKI,0.012076752251915063,0.5283842794759825,9.09233867263158,0.022856002195773138,0.05811313222047559,0.010748518374280619,1.9971490066806583
COOK WITH WINE METAL SIGN,PLEASE ONE PERSON METAL SIGN,COOK WITH WINE METAL SIGN  -->  PLEASE ONE PERSON METAL SIGN,0.014571948998178506,0.40982456140350876,9.0743309101483,0.035556553634254064,0.04516306110736831,0.012966106193627272,1.6178866087063022
PLEASE ONE PERSON METAL SIGN,COOK WITH WINE METAL SIGN,PLEASE ONE PERSON METAL SIGN  -->  COOK WITH WINE METAL SIGN,0.014571948998178506,0.32265193370165746,9.074330910148298,0.04516306110736831,0.035556553634254064,0.012966106193627272,1.4238520700831976
LUNCH BAG BLACK SKULL. + LUNCH BAG SUKI DESIGN,LUNCH BAG RED RETROSPOT,LUNCH BAG BLACK SKULL. + LUNCH BAG SUKI DESIGN  -->  LUNCH BAG RED RETROSPOT,0.010404970431918556,0.4157527417746759,9.070289946708593,0.025026823365022332,0.04583676422885945,0.009257821829938716,1.6331497021816619
LUNCH BAG RED RETROSPOT,LUNCH BAG BLACK SKULL. + LUNCH BAG SUKI DESIGN,LUNCH BAG RED RETROSPOT  -->  LUNCH BAG BLACK SKULL. + LUNCH BAG SUKI DESIGN,0.010404970431918556,0.2270005443658138,9.070289946708593,0.04583676422885945,0.025026823365022332,0.009257821829938716,1.2612857221679252
PACK OF 60 PINK PAISLEY CAKE CASES,PACK OF 60 DINOSAUR CAKE CASES,PACK OF 60 PINK PAISLEY CAKE CASES  -->  PACK OF 60 DINOSAUR CAKE CASES,0.014646804900566409,0.29453085800301054,9.059027779114853,0.04972927115303041,0.032512413603812663,0.013029986268622935,1.3714102131490766
PACK OF 60 DINOSAUR CAKE CASES,PACK OF 60 PINK PAISLEY CAKE CASES,PACK OF 60 DINOSAUR CAKE CASES  -->  PACK OF 60 PINK PAISLEY CAKE CASES,0.014646804900566409,0.4504988488104374,9.059027779114853,0.032512413603812663,0.04972927115303041,0.013029986268622935,1.7293334632508397
JUMBO BAG BAROQUE BLACK WHITE + JUMBO BAG RED RETROSPOT,JUMBO SHOPPER VINTAGE RED PAISLEY,JUMBO BAG BAROQUE BLACK WHITE + JUMBO BAG RED RETROSPOT  -->  JUMBO SHOPPER VINTAGE RED PAISLEY,0.011278289293110762,0.49344978165938863,9.021891833742389,0.022856002195773138,0.05469471267809467,0.010028186820043049,1.8661630241096232
JUMBO SHOPPER VINTAGE RED PAISLEY,JUMBO BAG BAROQUE BLACK WHITE + JUMBO BAG RED RETROSPOT,JUMBO SHOPPER VINTAGE RED PAISLEY  -->  JUMBO BAG BAROQUE BLACK WHITE + JUMBO BAG RED RETROSPOT,0.011278289293110762,0.2062043795620438,9.021891833742389,0.05469471267809467,0.022856002195773138,0.010028186820043049,1.230976806429233
JUMBO STORAGE BAG SUKI,JUMBO STORAGE BAG SKULLS,JUMBO STORAGE BAG SUKI  -->  JUMBO STORAGE BAG SKULLS,0.017166953614292487,0.2954057535422928,8.962132009624883,0.05811313222047559,0.03296154901814008,0.015251454758009625,1.372475656512341
JUMBO STORAGE BAG SKULLS,JUMBO STORAGE BAG SUKI,JUMBO STORAGE BAG SKULLS  -->  JUMBO STORAGE BAG SUKI,0.017166953614292487,0.5208175624526874,8.962132009624883,0.03296154901814008,0.05811313222047559,0.015251454758009625,1.9656122469774913
LUNCH BAG BLACK SKULL.,LUNCH BAG SPACEBOY DESIGN + LUNCH BAG SUKI DESIGN,LUNCH BAG BLACK SKULL.  -->  LUNCH BAG SPACEBOY DESIGN + LUNCH BAG SUKI DESIGN,0.013149686852808344,0.22415993194385367,8.947866128001817,0.05866207550465354,0.025051775332484965,0.011680097716728493,1.2566355680884473
LUNCH BAG SPACEBOY DESIGN + LUNCH BAG SUKI DESIGN,LUNCH BAG BLACK SKULL.,LUNCH BAG SPACEBOY DESIGN + LUNCH BAG SUKI DESIGN  -->  LUNCH BAG BLACK SKULL.,0.013149686852808344,0.5249003984063745,8.947866128001817,0.025051775332484965,0.05866207550465354,0.011680097716728493,1.981348587407396
NO SINGING METAL SIGN,GIN + TONIC DIET METAL SIGN,NO SINGING METAL SIGN  -->  GIN + TONIC DIET METAL SIGN,0.010280210594605385,0.3576388888888889,8.908075668116842,0.028744666516954863,0.0401477156473788,0.009126177896903951,1.4942565291543506
GIN + TONIC DIET METAL SIGN,NO SINGING METAL SIGN,GIN + TONIC DIET METAL SIGN  -->  NO SINGING METAL SIGN,0.010280210594605385,0.2560596643878185,8.908075668116842,0.0401477156473788,0.028744666516954863,0.009126177896903951,1.3055554148489723
60 TEATIME FAIRY CAKE CASES,PACK OF 60 MUSHROOM CAKE CASES,60 TEATIME FAIRY CAKE CASES  -->  PACK OF 60 MUSHROOM CAKE CASES,0.011203433390722859,0.21109543958627175,8.905338876104224,0.05307283479302343,0.023704369089502707,0.00994537532616283,1.237533258013485
PACK OF 60 MUSHROOM CAKE CASES,60 TEATIME FAIRY CAKE CASES,PACK OF 60 MUSHROOM CAKE CASES  -->  60 TEATIME FAIRY CAKE CASES,0.011203433390722859,0.47263157894736846,8.905338876104224,0.023704369089502707,0.05307283479302343,0.00994537532616283,1.7955704729473612
60 TEATIME FAIRY CAKE CASES,PACK OF 60 SPACEBOY CAKE CASES,60 TEATIME FAIRY CAKE CASES  -->  PACK OF 60 SPACEBOY CAKE CASES,0.012975023080569904,0.2444757874941232,8.882915807254738,0.05307283479302343,0.027522020111285773,0.011514351454033366,1.287156604370439
PACK OF 60 SPACEBOY CAKE CASES,60 TEATIME FAIRY CAKE CASES,PACK OF 60 SPACEBOY CAKE CASES  -->  60 TEATIME FAIRY CAKE CASES,0.012975023080569904,0.471441523118767,8.882915807254737,0.027522020111285773,0.05307283479302343,0.011514351454033366,1.7915277242252061
PACK OF 60 PINK PAISLEY CAKE CASES,72 SWEETHEART FAIRY CAKE CASES,PACK OF 60 PINK PAISLEY CAKE CASES  -->  72 SWEETHEART FAIRY CAKE CASES,0.01589440327369813,0.3196186653286503,8.77353236327145,0.04972927115303041,0.03642987249544627,0.014082772266301759,1.416220696251162
72 SWEETHEART FAIRY CAKE CASES,PACK OF 60 PINK PAISLEY CAKE CASES,72 SWEETHEART FAIRY CAKE CASES  -->  PACK OF 60 PINK PAISLEY CAKE CASES,0.01589440327369813,0.43630136986301365,8.77353236327145,0.03642987249544627,0.04972927115303041,0.014082772266301759,1.685777963689642
JUMBO BAG TOYS,JUMBO STORAGE BAG SUKI,JUMBO BAG TOYS  -->  JUMBO STORAGE BAG SUKI,0.013374254559972053,0.5095057034220533,8.7674796376323,0.026249469770691418,0.05811313222047559,0.011848815652470486,1.9202809784962398
JUMBO STORAGE BAG SUKI,JUMBO BAG TOYS,JUMBO STORAGE BAG SUKI  -->  JUMBO BAG TOYS,0.013374254559972053,0.2301416917131816,8.7674796376323,0.05811313222047559,0.026249469770691418,0.011848815652470486,1.264843828725075
PACK OF 60 PINK PAISLEY CAKE CASES,60 TEATIME FAIRY CAKE CASES,PACK OF 60 PINK PAISLEY CAKE CASES  -->  60 TEATIME FAIRY CAKE CASES,0.023105521870399482,0.464626191670848,8.754501120635908,0.04972927115303041,0.05307283479302343,0.020466248478117233,1.7687214997727316
60 TEATIME FAIRY CAKE CASES,PACK OF 60 PINK PAISLEY CAKE CASES,60 TEATIME FAIRY CAKE CASES  -->  PACK OF 60 PINK PAISLEY CAKE CASES,0.023105521870399482,0.43535496003761165,8.754501120635908,0.05307283479302343,0.04972927115303041,0.020466248478117233,1.6829524065424681
DOTCOM POSTAGE,GREEN REGENCY TEACUP AND SAUCER,DOTCOM POSTAGE  -->  GREEN REGENCY TEACUP AND SAUCER,0.010330114529530653,0.2925795053003533,8.750528980539,0.03530703395962772,0.033435636399930135,0.009149601379696556,1.3663222522418568
GREEN REGENCY TEACUP AND SAUCER,DOTCOM POSTAGE,GREEN REGENCY TEACUP AND SAUCER  -->  DOTCOM POSTAGE,0.010330114529530653,0.308955223880597,8.750528980539,0.033435636399930135,0.03530703395962772,0.009149601379696556,1.3959919810951391
LUNCH BAG CARS BLUE,LUNCH BAG PINK POLKADOT,LUNCH BAG CARS BLUE  -->  LUNCH BAG PINK POLKADOT,0.014397285225940065,0.2791485244315433,8.733360978643999,0.051575716745265364,0.0319634703196347,0.012748746334538888,1.3429070515767214
LUNCH BAG PINK POLKADOT,LUNCH BAG CARS BLUE,LUNCH BAG PINK POLKADOT  -->  LUNCH BAG CARS BLUE,0.014397285225940065,0.45042935206869633,8.733360978643997,0.0319634703196347,0.051575716745265364,0.012748746334538888,1.72575498132005
JUMBO BAG WOODLAND ANIMALS,JUMBO STORAGE BAG SKULLS,JUMBO BAG WOODLAND ANIMALS  -->  JUMBO STORAGE BAG SKULLS,0.010155450757292213,0.2876325088339223,8.72630435771166,0.03530703395962772,0.03296154901814008,0.008991676226746808,1.3574994128366387
JUMBO STORAGE BAG SKULLS,JUMBO BAG WOODLAND ANIMALS,JUMBO STORAGE BAG SKULLS  -->  JUMBO BAG WOODLAND ANIMALS,0.010155450757292213,0.30809992429977295,8.72630435771166,0.03296154901814008,0.03530703395962772,0.008991676226746808,1.3942663108745426
PLEASE ONE PERSON METAL SIGN,GIN + TONIC DIET METAL SIGN,PLEASE ONE PERSON METAL SIGN  -->  GIN + TONIC DIET METAL SIGN,0.015594979664146517,0.3453038674033149,8.600834738298728,0.04516306110736831,0.0401477156473788,0.013781785929042702,1.466103489179953
GIN + TONIC DIET METAL SIGN,PLEASE ONE PERSON METAL SIGN,GIN + TONIC DIET METAL SIGN  -->  PLEASE ONE PERSON METAL SIGN,0.015594979664146517,0.38844002486016155,8.600834738298726,0.0401477156473788,0.04516306110736831,0.013781785929042702,1.5613136531282972
JUMBO BAG SPACEBOY DESIGN,JUMBO STORAGE BAG SUKI,JUMBO BAG SPACEBOY DESIGN  -->  JUMBO STORAGE BAG SUKI,0.01554507572922125,0.49919871794871795,8.5901189434224,0.03114005539336777,0.05811313222047559,0.013735429572793535,1.8807596975821546
JUMBO STORAGE BAG SUKI,JUMBO BAG SPACEBOY DESIGN,JUMBO STORAGE BAG SUKI  -->  JUMBO BAG SPACEBOY DESIGN,0.01554507572922125,0.2674967797337913,8.5901189434224,0.05811313222047559,0.03114005539336777,0.013735429572793535,1.3226698774846697
CHOCOLATE HOT WATER BOTTLE,SCOTTIE DOG HOT WATER BOTTLE,CHOCOLATE HOT WATER BOTTLE  -->  SCOTTIE DOG HOT WATER BOTTLE,0.015470219826833345,0.3602556653108658,8.548233450955339,0.04294233600319385,0.04214387304438955,0.013660463470085225,1.4972483147053637
SCOTTIE DOG HOT WATER BOTTLE,CHOCOLATE HOT WATER BOTTLE,SCOTTIE DOG HOT WATER BOTTLE  -->  CHOCOLATE HOT WATER BOTTLE,0.015470219826833345,0.36708111308466546,8.548233450955339,0.04214387304438955,0.04294233600319385,0.013660463470085225,1.5121332034523904
WOODEN PICTURE FRAME WHITE FINISH,WOOD 2 DRAWER CABINET WHITE FINISH,WOODEN PICTURE FRAME WHITE FINISH  -->  WOOD 2 DRAWER CABINET WHITE FINISH,0.011927040447139258,0.23828514456630112,8.503787835070035,0.050053646730044664,0.028021059460538462,0.01052448423589989,1.2760404153940836
WOOD 2 DRAWER CABINET WHITE FINISH,WOODEN PICTURE FRAME WHITE FINISH,WOOD 2 DRAWER CABINET WHITE FINISH  -->  WOODEN PICTURE FRAME WHITE FINISH,0.011927040447139258,0.4256455921638469,8.503787835070035,0.028021059460538462,0.050053646730044664,0.01052448423589989,1.653937604220403
LUNCH BAG DOLLY GIRL DESIGN,LUNCH BAG WOODLAND,LUNCH BAG DOLLY GIRL DESIGN  -->  LUNCH BAG WOODLAND,0.010130498789829578,0.4084507042253522,8.49921021455838,0.02480225565785862,0.04805748933303391,0.008938564653116859,1.6092361489846336
LUNCH BAG WOODLAND,LUNCH BAG DOLLY GIRL DESIGN,LUNCH BAG WOODLAND  -->  LUNCH BAG DOLLY GIRL DESIGN,0.010130498789829578,0.21079958463136034,8.49921021455838,0.04805748933303391,0.02480225565785862,0.008938564653116859,1.2356781944756345
JUMBO BAG OWLS,JUMBO STORAGE BAG SUKI,JUMBO BAG OWLS  -->  JUMBO STORAGE BAG SUKI,0.016193826883249746,0.4939117199391172,8.499141262344354,0.03278688524590164,0.05811313222047559,0.014288478285857104,1.8611117958831507
JUMBO STORAGE BAG SUKI,JUMBO BAG OWLS,JUMBO STORAGE BAG SUKI  -->  JUMBO BAG OWLS,0.016193826883249746,0.27866036925719195,8.499141262344354,0.05811313222047559,0.03278688524590164,0.014288478285857104,1.3408567525370805
LUNCH BAG BLACK SKULL.,LUNCH BAG PINK POLKADOT,LUNCH BAG BLACK SKULL.  -->  LUNCH BAG PINK POLKADOT,0.015919355241160765,0.2713738834538494,8.49012578234186,0.05866207550465354,0.0319634703196347,0.0140443117318796,1.328577864143922
LUNCH BAG PINK POLKADOT,LUNCH BAG BLACK SKULL.,LUNCH BAG PINK POLKADOT  -->  LUNCH BAG BLACK SKULL.,0.015919355241160765,0.49804839968774395,8.49012578234186,0.0319634703196347,0.05866207550465354,0.0140443117318796,1.8753559584425177
JUMBO BAG RED RETROSPOT + JUMBO STORAGE BAG SUKI,JUMBO BAG STRAWBERRY,JUMBO BAG RED RETROSPOT + JUMBO STORAGE BAG SUKI  -->  JUMBO BAG STRAWBERRY,0.01070439404147017,0.3914233576642336,8.456643614614281,0.027347356339047335,0.04628589964318686,0.009438597050454555,1.5671224197767126
JUMBO BAG STRAWBERRY,JUMBO BAG RED RETROSPOT + JUMBO STORAGE BAG SUKI,JUMBO BAG STRAWBERRY  -->  JUMBO BAG RED RETROSPOT + JUMBO STORAGE BAG SUKI,0.01070439404147017,0.231266846361186,8.45664361461428,0.04628589964318686,0.027347356339047335,0.009438597050454555,1.2652669382826558
JUMBO STORAGE BAG SUKI,JUMBO BAG PINK POLKADOT + JUMBO BAG RED RETROSPOT,JUMBO STORAGE BAG SUKI  -->  JUMBO BAG PINK POLKADOT + JUMBO BAG RED RETROSPOT,0.011827232577288719,0.2035208243881494,8.443586003109589,0.05811313222047559,0.024103600568904857,0.01042649685043842,1.225262918746642
JUMBO BAG PINK POLKADOT + JUMBO BAG RED RETROSPOT,JUMBO STORAGE BAG SUKI,JUMBO BAG PINK POLKADOT + JUMBO BAG RED RETROSPOT  -->  JUMBO STORAGE BAG SUKI,0.011827232577288719,0.4906832298136646,8.443586003109589,0.024103600568904857,0.05811313222047559,0.01042649685043842,1.8493144599085782
DOTCOM POSTAGE,RED TOADSTOOL LED NIGHT LIGHT,DOTCOM POSTAGE  -->  RED TOADSTOOL LED NIGHT LIGHT,0.011428001097886569,0.3236749116607774,8.439765409647999,0.03530703395962772,0.03835117399006912,0.010073934895427607,1.4218736560125935
RED TOADSTOOL LED NIGHT LIGHT,DOTCOM POSTAGE,RED TOADSTOOL LED NIGHT LIGHT  -->  DOTCOM POSTAGE,0.011428001097886569,0.2979830839297332,8.439765409647999,0.03835117399006912,0.03530703395962772,0.010073934895427607,1.3741733909212717
LUNCH BAG SUKI DESIGN,LUNCH BAG DOLLY GIRL DESIGN,LUNCH BAG SUKI DESIGN  -->  LUNCH BAG DOLLY GIRL DESIGN,0.01227636799161614,0.20820990266610243,8.394797051458136,0.05896149911420515,0.02480225565785862,0.010813989816615018,1.231636702234356
LUNCH BAG DOLLY GIRL DESIGN,LUNCH BAG SUKI DESIGN,LUNCH BAG DOLLY GIRL DESIGN  -->  LUNCH BAG SUKI DESIGN,0.01227636799161614,0.49496981891348096,8.394797051458136,0.02480225565785862,0.05896149911420515,0.010813989816615018,1.8633312149013552
WOOD 2 DRAWER CABINET WHITE FINISH,WOODEN FRAME ANTIQUE WHITE,WOOD 2 DRAWER CABINET WHITE FINISH  -->  WOODEN FRAME ANTIQUE WHITE,0.01200189634952716,0.42831700801424755,8.336892049629432,0.028021059460538462,0.051376101005564286,0.010562283568399614,1.6593530195806094
WOODEN FRAME ANTIQUE WHITE,WOOD 2 DRAWER CABINET WHITE FINISH,WOODEN FRAME ANTIQUE WHITE  -->  WOOD 2 DRAWER CABINET WHITE FINISH,0.01200189634952716,0.2336085478387567,8.336892049629432,0.051376101005564286,0.028021059460538462,0.010562283568399614,1.2682538900955331
72 SWEETHEART FAIRY CAKE CASES,PACK OF 72 SKULL CAKE CASES,72 SWEETHEART FAIRY CAKE CASES  -->  PACK OF 72 SKULL CAKE CASES,0.011178481423260224,0.3068493150684931,8.303578663065494,0.03642987249544627,0.03695386381216159,0.009832256876369091,1.3893748605081462
PACK OF 72 SKULL CAKE CASES,72 SWEETHEART FAIRY CAKE CASES,PACK OF 72 SKULL CAKE CASES  -->  72 SWEETHEART FAIRY CAKE CASES,0.011178481423260224,0.30249831195138416,8.303578663065494,0.03695386381216159,0.03642987249544627,0.009832256876369091,1.381459205067032
JUMBO BAG SCANDINAVIAN BLUE PAISLEY,JUMBO BAG RED RETROSPOT,JUMBO BAG SCANDINAVIAN BLUE PAISLEY  -->  JUMBO BAG RED RETROSPOT,0.011178481423260224,0.676737160120846,8.296602987507844,0.016518202460263993,0.08156798163535195,0.009831124988332385,2.8411308231654067
JUMBO BAG RED RETROSPOT,JUMBO BAG SCANDINAVIAN BLUE PAISLEY,JUMBO BAG RED RETROSPOT  -->  JUMBO BAG SCANDINAVIAN BLUE PAISLEY,0.011178481423260224,0.13704496788008566,8.296602987507844,0.08156798163535195,0.016518202460263993,0.009831124988332385,1.139667492434384
LUNCH BAG CARS BLUE,LUNCH BAG WOODLAND,LUNCH BAG CARS BLUE  -->  LUNCH BAG WOODLAND,0.0205105172542855,0.39767779390420904,8.27504306661422,0.051575716745265364,0.04805748933303391,0.018031917796956332,1.580453951444674
LUNCH BAG WOODLAND,LUNCH BAG CARS BLUE,LUNCH BAG WOODLAND  -->  LUNCH BAG CARS BLUE,0.0205105172542855,0.426791277258567,8.275043066614218,0.04805748933303391,0.051575716745265364,0.018031917796956332,1.6545880158954882
JUMBO BAG PINK POLKADOT + JUMBO BAG RED RETROSPOT,JUMBO SHOPPER VINTAGE RED PAISLEY,JUMBO BAG PINK POLKADOT + JUMBO BAG RED RETROSPOT  -->  JUMBO SHOPPER VINTAGE RED PAISLEY,0.010904009781171245,0.4523809523809524,8.271017987486966,0.024103600568904857,0.05469471267809467,0.009585670273547434,1.726209655109566
JUMBO SHOPPER VINTAGE RED PAISLEY,JUMBO BAG PINK POLKADOT + JUMBO BAG RED RETROSPOT,JUMBO SHOPPER VINTAGE RED PAISLEY  -->  JUMBO BAG PINK POLKADOT + JUMBO BAG RED RETROSPOT,0.010904009781171245,0.1993613138686131,8.271017987486966,0.05469471267809467,0.024103600568904857,0.009585670273547434,1.2188973832210601
JUMBO BAG BAROQUE BLACK WHITE,JUMBO BAG TOYS,JUMBO BAG BAROQUE BLACK WHITE  -->  JUMBO BAG TOYS,0.010155450757292213,0.21671991480298192,8.256163522394589,0.04685979489482746,0.026249469770691418,0.00892540598773964,1.2431702894429921
JUMBO BAG TOYS,JUMBO BAG BAROQUE BLACK WHITE,JUMBO BAG TOYS  -->  JUMBO BAG BAROQUE BLACK WHITE,0.010155450757292213,0.3868821292775666,8.256163522394589,0.026249469770691418,0.04685979489482746,0.00892540598773964,1.554579063210297
JUMBO BAG WOODLAND ANIMALS,JUMBO STORAGE BAG SUKI,JUMBO BAG WOODLAND ANIMALS  -->  JUMBO STORAGE BAG SUKI,0.016867530004740873,0.47773851590106003,8.220835767181958,0.03530703395962772,0.05811313222047559,0.014815727671932205,1.803477561445233
JUMBO STORAGE BAG SUKI,JUMBO BAG WOODLAND ANIMALS,JUMBO STORAGE BAG SUKI  -->  JUMBO BAG WOODLAND ANIMALS,0.016867530004740873,0.2902533276084156,8.220835767181958,0.05811313222047559,0.03530703395962772,0.014815727671932205,1.359207451849986
JUMBO BAG PINK POLKADOT,JUMBO BAG RED RETROSPOT,JUMBO BAG PINK POLKADOT  -->  JUMBO BAG RED RETROSPOT,0.024103600568904857,0.6694386694386694,8.207125590423233,0.03600568904858148,0.08156798163535195,0.02116668918582197,2.778401263103117
JUMBO BAG RED RETROSPOT,JUMBO BAG PINK POLKADOT,JUMBO BAG RED RETROSPOT  -->  JUMBO BAG PINK POLKADOT,0.024103600568904857,0.29550321199143464,8.207125590423233,0.08156798163535195,0.03600568904858148,0.02116668918582197,1.36834450825019
LUNCH BAG WOODLAND,LUNCH BAG SPACEBOY DESIGN,LUNCH BAG WOODLAND  -->  LUNCH BAG SPACEBOY DESIGN,0.02056042118921077,0.4278296988577363,8.13383815992481,0.04805748933303391,0.052598747411233375,0.018032657446564477,1.655802915141529
LUNCH BAG SPACEBOY DESIGN,LUNCH BAG WOODLAND,LUNCH BAG SPACEBOY DESIGN  -->  LUNCH BAG WOODLAND,0.02056042118921077,0.39089184060721066,8.133838159924808,0.052598747411233375,0.04805748933303391,0.018032657446564477,1.5628464271697542
HAND OVER THE CHOCOLATE SIGN,PLEASE ONE PERSON METAL SIGN,HAND OVER THE CHOCOLATE SIGN  -->  PLEASE ONE PERSON METAL SIGN,0.013324350625046786,0.36575342465753424,8.098508287292818,0.03642987249544627,0.04516306110736831,0.011679066067401309,1.5054664479300672
PLEASE ONE PERSON METAL SIGN,HAND OVER THE CHOCOLATE SIGN,PLEASE ONE PERSON METAL SIGN  -->  HAND OVER THE CHOCOLATE SIGN,0.013324350625046786,0.2950276243093923,8.098508287292818,0.04516306110736831,0.03642987249544627,0.011679066067401309,1.366819694971193
PLEASE ONE PERSON METAL SIGN,NO SINGING METAL SIGN,PLEASE ONE PERSON METAL SIGN  -->  NO SINGING METAL SIGN,0.010504778301769095,0.23259668508287296,8.091820614640884,0.04516306110736831,0.028744666516954863,0.009206581171352939,1.2656386994991444
NO SINGING METAL SIGN,PLEASE ONE PERSON METAL SIGN,NO SINGING METAL SIGN  -->  PLEASE ONE PERSON METAL SIGN,0.010504778301769095,0.3654513888888889,8.091820614640884,0.028744666516954863,0.04516306110736831,0.009206581171352939,1.5047498681317533
LUNCH BAG SPACEBOY DESIGN,LUNCH BAG SUKI DESIGN,LUNCH BAG SPACEBOY DESIGN  -->  LUNCH BAG SUKI DESIGN,0.025051775332484965,0.476280834914611,8.077827770153561,0.052598747411233375,0.05896149911420515,0.021950474333589227,1.7968380071261374
LUNCH BAG SUKI DESIGN,LUNCH BAG SPACEBOY DESIGN,LUNCH BAG SUKI DESIGN  -->  LUNCH BAG SPACEBOY DESIGN,0.025051775332484965,0.42488362251375367,8.077827770153561,0.05896149911420515,0.052598747411233375,0.021950474333589227,1.6473209417713433
PACK OF 60 SPACEBOY CAKE CASES,PACK OF 60 PINK PAISLEY CAKE CASES,PACK OF 60 SPACEBOY CAKE CASES  -->  PACK OF 60 PINK PAISLEY CAKE CASES,0.011028769618484417,0.40072529465095197,8.058137297404016,0.027522020111285773,0.04972927115303041,0.009660119617691131,1.5857013826296633
PACK OF 60 PINK PAISLEY CAKE CASES,PACK OF 60 SPACEBOY CAKE CASES,PACK OF 60 PINK PAISLEY CAKE CASES  -->  PACK OF 60 SPACEBOY CAKE CASES,0.011028769618484417,0.2217762167586553,8.058137297404015,0.04972927115303041,0.027522020111285773,0.009660119617691131,1.2496122591348855
60 TEATIME FAIRY CAKE CASES,PACK OF 72 RETRO SPOT CAKE CASES,60 TEATIME FAIRY CAKE CASES  -->  PACK OF 72 RETRO SPOT CAKE CASES,0.01504603637996856,0.2834978843441467,8.057974972241395,0.05307283479302343,0.03518227412231455,0.013178813357832097,1.3465664717466121
PACK OF 72 RETRO SPOT CAKE CASES,60 TEATIME FAIRY CAKE CASES,PACK OF 72 RETRO SPOT CAKE CASES  -->  60 TEATIME FAIRY CAKE CASES,0.01504603637996856,0.42765957446808506,8.057974972241393,0.03518227412231455,0.05307283479302343,0.013178813357832097,1.6544824076107028
RED RETROSPOT CHARLOTTE BAG,LUNCH BAG RED RETROSPOT,RED RETROSPOT CHARLOTTE BAG  -->  LUNCH BAG RED RETROSPOT,0.011552760935199741,0.36892430278884464,8.04865502605799,0.03131471916560621,0.04583676422885945,0.010117395535912902,1.5119632081979566
LUNCH BAG RED RETROSPOT,RED RETROSPOT CHARLOTTE BAG,LUNCH BAG RED RETROSPOT  -->  RED RETROSPOT CHARLOTTE BAG,0.011552760935199741,0.2520413718018508,8.048655026057988,0.04583676422885945,0.03131471916560621,0.010117395535912902,1.2951054300529703
JUMBO BAG PINK VINTAGE PAISLEY,JUMBO BAG STRAWBERRY,JUMBO BAG PINK VINTAGE PAISLEY  -->  JUMBO BAG STRAWBERRY,0.015021084412505926,0.37183446571957995,8.03342850816367,0.04039723532200514,0.04628589964318686,0.013151262032529393,1.5182528303615344
JUMBO BAG STRAWBERRY,JUMBO BAG PINK VINTAGE PAISLEY,JUMBO BAG STRAWBERRY  -->  JUMBO BAG PINK VINTAGE PAISLEY,0.015021084412505926,0.32452830188679244,8.033428508163668,0.04628589964318686,0.04039723532200514,0.013151262032529393,1.4206409644674225
JUMBO STORAGE BAG SUKI,JUMBO BAG RED RETROSPOT + JUMBO BAG STRAWBERRY,JUMBO STORAGE BAG SUKI  -->  JUMBO BAG RED RETROSPOT + JUMBO BAG STRAWBERRY,0.01070439404147017,0.18419922713610992,7.980705325333922,0.05811313222047559,0.023080569902936846,0.009363109830976872,1.197497554050558
JUMBO BAG RED RETROSPOT + JUMBO BAG STRAWBERRY,JUMBO STORAGE BAG SUKI,JUMBO BAG RED RETROSPOT + JUMBO BAG STRAWBERRY  -->  JUMBO STORAGE BAG SUKI,0.01070439404147017,0.4637837837837838,7.980705325333922,0.023080569902936846,0.05811313222047559,0.009363109830976872,1.756543049790444
DOTCOM POSTAGE,BATHROOM METAL SIGN,DOTCOM POSTAGE  -->  BATHROOM METAL SIGN,0.010529730269231728,0.29823321554770316,7.962886462028846,0.03530703395962772,0.03745290316141428,0.009207379345425025,1.3716053796843897
BATHROOM METAL SIGN,DOTCOM POSTAGE,BATHROOM METAL SIGN  -->  DOTCOM POSTAGE,0.010529730269231728,0.2811459027315123,7.962886462028846,0.03745290316141428,0.03530703395962772,0.009207379345425025,1.3419871566511572
LUNCH BAG CARS BLUE,LUNCH BAG DOLLY GIRL DESIGN,LUNCH BAG CARS BLUE  -->  LUNCH BAG DOLLY GIRL DESIGN,0.010080594854904309,0.1954523463957426,7.880426243965973,0.051575716745265364,0.02480225565785862,0.008801400742450937,1.2121068776639845
LUNCH BAG DOLLY GIRL DESIGN,LUNCH BAG CARS BLUE,LUNCH BAG DOLLY GIRL DESIGN  -->  LUNCH BAG CARS BLUE,0.010080594854904309,0.40643863179074446,7.880426243965973,0.02480225565785862,0.051575716745265364,0.008801400742450937,1.597853792466451
60 CAKE CASES VINTAGE CHRISTMAS,PAPER CHAIN KIT 50'S CHRISTMAS,60 CAKE CASES VINTAGE CHRISTMAS  -->  PAPER CHAIN KIT 50'S CHRISTMAS,0.01025525862714275,0.3955726660250241,7.855979056632751,0.02592509419367717,0.050353070339596274,0.008949850535647865,1.5711515285305087
PAPER CHAIN KIT 50'S CHRISTMAS,60 CAKE CASES VINTAGE CHRISTMAS,PAPER CHAIN KIT 50'S CHRISTMAS  -->  60 CAKE CASES VINTAGE CHRISTMAS,0.01025525862714275,0.2036669970267592,7.855979056632751,0.050353070339596274,0.02592509419367717,0.008949850535647865,1.2232004728793775
60 TEATIME FAIRY CAKE CASES,PACK OF 72 SKULL CAKE CASES,60 TEATIME FAIRY CAKE CASES  -->  PACK OF 72 SKULL CAKE CASES,0.015395363924445443,0.29007992477668076,7.849786053528045,0.05307283479302343,0.03695386381216159,0.013434117615378703,1.3565557163387632
PACK OF 72 SKULL CAKE CASES,60 TEATIME FAIRY CAKE CASES,PACK OF 72 SKULL CAKE CASES  -->  60 TEATIME FAIRY CAKE CASES,0.015395363924445443,0.4166103983794733,7.849786053528044,0.03695386381216159,0.05307283479302343,0.013434117615378703,1.6231471431383477
WOODEN FRAME ANTIQUE WHITE,WOOD S/3 CABINET ANT WHITE FINISH,WOODEN FRAME ANTIQUE WHITE  -->  WOOD S/3 CABINET ANT WHITE FINISH,0.010754297976395438,0.2093249150072851,7.8256666219654525,0.051376101005564286,0.026748509119944107,0.009380063870100932,1.2309120514263114
WOOD S/3 CABINET ANT WHITE FINISH,WOODEN FRAME ANTIQUE WHITE,WOOD S/3 CABINET ANT WHITE FINISH  -->  WOODEN FRAME ANTIQUE WHITE,0.010754297976395438,0.40205223880597013,7.8256666219654525,0.026748509119944107,0.051376101005564286,0.009380063870100932,1.5864661774134712
JUMBO BAG BAROQUE BLACK WHITE,JUMBO STORAGE BAG SKULLS,JUMBO BAG BAROQUE BLACK WHITE  -->  JUMBO STORAGE BAG SKULLS,0.012076752251915063,0.2577209797657082,7.8188370220062735,0.04685979489482746,0.03296154901814008,0.010532180825509217,1.302796421050167
JUMBO STORAGE BAG SKULLS,JUMBO BAG BAROQUE BLACK WHITE,JUMBO STORAGE BAG SKULLS  -->  JUMBO BAG BAROQUE BLACK WHITE,0.012076752251915063,0.3663890991672975,7.8188370220062735,0.03296154901814008,0.04685979489482746,0.010532180825509217,1.5042989378063716
PACK OF 72 RETROSPOT CAKE CASES,PACK OF 72 SKULL CAKE CASES,PACK OF 72 RETROSPOT CAKE CASES  -->  PACK OF 72 SKULL CAKE CASES,0.012301319959078773,0.2886416861826698,7.810866210089707,0.0426179604261796,0.03695386381216159,0.01072642165353764,1.3538130046163193
PACK OF 72 SKULL CAKE CASES,PACK OF 72 RETROSPOT CAKE CASES,PACK OF 72 SKULL CAKE CASES  -->  PACK OF 72 RETROSPOT CAKE CASES,0.012301319959078773,0.33288318703578657,7.810866210089706,0.03695386381216159,0.0426179604261796,0.01072642165353764,1.4351040491992184
JUMBO BAG RED RETROSPOT,JUMBO BAG BAROQUE BLACK WHITE + JUMBO SHOPPER VINTAGE RED PAISLEY,JUMBO BAG RED RETROSPOT  -->  JUMBO BAG BAROQUE BLACK WHITE + JUMBO SHOPPER VINTAGE RED PAISLEY,0.011278289293110762,0.13826858366472927,7.750195842701196,0.08156798163535195,0.017840656735783618,0.009823062932123745,1.1397511157723548
JUMBO BAG BAROQUE BLACK WHITE + JUMBO SHOPPER VINTAGE RED PAISLEY,JUMBO BAG RED RETROSPOT,JUMBO BAG BAROQUE BLACK WHITE + JUMBO SHOPPER VINTAGE RED PAISLEY  -->  JUMBO BAG RED RETROSPOT,0.011278289293110762,0.6321678321678321,7.750195842701196,0.017840656735783618,0.08156798163535195,0.009823062932123745,2.496877920649138
JUMBO BAG PINK VINTAGE PAISLEY,JUMBO SHOPPER VINTAGE RED PAISLEY,JUMBO BAG PINK VINTAGE PAISLEY  -->  JUMBO SHOPPER VINTAGE RED PAISLEY,0.017092097711904584,0.423100679431748,7.735677887584929,0.04039723532200514,0.05469471267809467,0.014882582532978136,1.6385966383021036
JUMBO SHOPPER VINTAGE RED PAISLEY,JUMBO BAG PINK VINTAGE PAISLEY,JUMBO SHOPPER VINTAGE RED PAISLEY  -->  JUMBO BAG PINK VINTAGE PAISLEY,0.017092097711904584,0.3125,7.735677887584929,0.05469471267809467,0.04039723532200514,0.014882582532978136,1.395785839531629
JUMBO SHOPPER VINTAGE RED PAISLEY,JUMBO BAG TOYS,JUMBO SHOPPER VINTAGE RED PAISLEY  -->  JUMBO BAG TOYS,0.011003817651021782,0.20118613138686128,7.664388391246426,0.05469471267809467,0.026249469770691418,0.009568110443961483,1.218995523850739
JUMBO BAG TOYS,JUMBO SHOPPER VINTAGE RED PAISLEY,JUMBO BAG TOYS  -->  JUMBO SHOPPER VINTAGE RED PAISLEY,0.011003817651021782,0.41920152091254753,7.664388391246426,0.026249469770691418,0.05469471267809467,0.009568110443961483,1.627596010249827
LUNCH BAG SUKI DESIGN,LUNCH BAG CARS BLUE,LUNCH BAG SUKI DESIGN  -->  LUNCH BAG CARS BLUE,0.023230281707712654,0.39399068980110036,7.6390734761290275,0.05896149911420515,0.051575716745265364,0.020189300130522194,1.5650325288623868
LUNCH BAG CARS BLUE,LUNCH BAG SUKI DESIGN,LUNCH BAG CARS BLUE  -->  LUNCH BAG SUKI DESIGN,0.023230281707712654,0.4504112239961297,7.639073476129027,0.051575716745265364,0.05896149911420515,0.020189300130522194,1.7122593145518823
JUMBO BAG BAROQUE BLACK WHITE,JUMBO BAG OWLS,JUMBO BAG BAROQUE BLACK WHITE  -->  JUMBO BAG OWLS,0.011727424707438181,0.25026624068157616,7.633120340788072,0.04685979489482746,0.03278688524590164,0.010191037989574986,1.2900754470938895
JUMBO BAG OWLS,JUMBO BAG BAROQUE BLACK WHITE,JUMBO BAG OWLS  -->  JUMBO BAG BAROQUE BLACK WHITE,0.011727424707438181,0.3576864535768645,7.6331203407880714,0.03278688524590164,0.04685979489482746,0.010191037989574986,1.4839173335405171
JUMBO STORAGE BAG SKULLS,JUMBO BAG PINK VINTAGE PAISLEY,JUMBO STORAGE BAG SKULLS  -->  JUMBO BAG PINK VINTAGE PAISLEY,0.010155450757292213,0.30809992429977295,7.626757669031501,0.03296154901814008,0.04039723532200514,0.008823895305028601,1.3869094662359205
JUMBO BAG PINK VINTAGE PAISLEY,JUMBO STORAGE BAG SKULLS,JUMBO BAG PINK VINTAGE PAISLEY  -->  JUMBO STORAGE BAG SKULLS,0.010155450757292213,0.25138974675725756,7.6267576690315,0.04039723532200514,0.03296154901814008,0.008823895305028601,1.2917782608412798
PACK OF 72 RETRO SPOT CAKE CASES,PACK OF 60 PINK PAISLEY CAKE CASES,PACK OF 72 RETRO SPOT CAKE CASES  -->  PACK OF 60 PINK PAISLEY CAKE CASES,0.013324350625046786,0.37872340425531914,7.615703899819581,0.03518227412231455,0.04972927115303041,0.01157476177543796,1.5295453512262867
PACK OF 60 PINK PAISLEY CAKE CASES,PACK OF 72 RETRO SPOT CAKE CASES,PACK OF 60 PINK PAISLEY CAKE CASES  -->  PACK OF 72 RETRO SPOT CAKE CASES,0.013324350625046786,0.26793778223783243,7.615703899819581,0.04972927115303041,0.03518227412231455,0.01157476177543796,1.317944981270889
JUMBO BAG PINK POLKADOT,JUMBO BAG PINK VINTAGE PAISLEY,JUMBO BAG PINK POLKADOT  -->  JUMBO BAG PINK VINTAGE PAISLEY,0.011053721585947052,0.306999306999307,7.599512802106996,0.03600568904858148,0.04039723532200514,0.009599191292520563,1.3847067894303466
JUMBO BAG PINK VINTAGE PAISLEY,JUMBO BAG PINK POLKADOT,JUMBO BAG PINK VINTAGE PAISLEY  -->  JUMBO BAG PINK POLKADOT,0.011053721585947052,0.2736256948733786,7.599512802106996,0.04039723532200514,0.03600568904858148,0.009599191292520563,1.3271316236652606
JUMBO BAG RED RETROSPOT,JUMBO BAG BAROQUE BLACK WHITE + JUMBO STORAGE BAG SUKI,JUMBO BAG RED RETROSPOT  -->  JUMBO BAG BAROQUE BLACK WHITE + JUMBO STORAGE BAG SUKI,0.012076752251915063,0.14805750994187825,7.568495951454916,0.08156798163535195,0.019562342490705393,0.010481091458888741,1.1508261049902635
JUMBO BAG BAROQUE BLACK WHITE + JUMBO STORAGE BAG SUKI,JUMBO BAG RED RETROSPOT,JUMBO BAG BAROQUE BLACK WHITE + JUMBO STORAGE BAG SUKI  -->  JUMBO BAG RED RETROSPOT,0.012076752251915063,0.6173469387755102,7.568495951454916,0.019562342490705393,0.08156798163535195,0.010481091458888741,2.4001690079929467
JUMBO BAG RED RETROSPOT,JUMBO BAG WOODLAND ANIMALS + JUMBO STORAGE BAG SUKI,JUMBO BAG RED RETROSPOT  -->  JUMBO BAG WOODLAND ANIMALS + JUMBO STORAGE BAG SUKI,0.010404970431918556,0.12756194554909758,7.562574100253231,0.08156798163535195,0.016867530004740873,0.009029120054258105,1.126879398462308
JUMBO BAG WOODLAND ANIMALS + JUMBO STORAGE BAG SUKI,JUMBO BAG RED RETROSPOT,JUMBO BAG WOODLAND ANIMALS + JUMBO STORAGE BAG SUKI  -->  JUMBO BAG RED RETROSPOT,0.010404970431918556,0.6168639053254438,7.56257410025323,0.016867530004740873,0.08156798163535195,0.009029120054258105,2.397143028627421
LUNCH BAG PINK POLKADOT,LUNCH BAG WOODLAND,LUNCH BAG PINK POLKADOT  -->  LUNCH BAG WOODLAND,0.011552760935199741,0.36143637782982047,7.520916777926124,0.0319634703196347,0.04805748933303391,0.01001667680126715,1.4907559366312757
LUNCH BAG WOODLAND,LUNCH BAG PINK POLKADOT,LUNCH BAG WOODLAND  -->  LUNCH BAG PINK POLKADOT,0.011552760935199741,0.24039460020768433,7.520916777926124,0.04805748933303391,0.0319634703196347,0.01001667680126715,1.2743939549995786
RED RETROSPOT CHARLOTTE BAG,PACK OF 72 RETROSPOT CAKE CASES,RED RETROSPOT CHARLOTTE BAG  -->  PACK OF 72 RETROSPOT CAKE CASES,0.010005738952516406,0.3195219123505976,7.497353443369381,0.03131471916560621,0.0426179604261796,0.008671169490359672,1.4069255967975933
PACK OF 72 RETROSPOT CAKE CASES,RED RETROSPOT CHARLOTTE BAG,PACK OF 72 RETROSPOT CAKE CASES  -->  RED RETROSPOT CHARLOTTE BAG,0.010005738952516406,0.23477751756440282,7.49735344336938,0.0426179604261796,0.03131471916560621,0.008671169490359672,1.2658871152755504
JUMBO SHOPPER VINTAGE RED PAISLEY + JUMBO STORAGE BAG SUKI,JUMBO BAG RED RETROSPOT,JUMBO SHOPPER VINTAGE RED PAISLEY + JUMBO STORAGE BAG SUKI  -->  JUMBO BAG RED RETROSPOT,0.013673678169523668,0.6109253065774806,7.489768587245545,0.02238191481398308,0.08156798163535195,0.011848030553012683,2.3605544999228925
JUMBO BAG RED RETROSPOT,JUMBO SHOPPER VINTAGE RED PAISLEY + JUMBO STORAGE BAG SUKI,JUMBO BAG RED RETROSPOT  -->  JUMBO SHOPPER VINTAGE RED PAISLEY + JUMBO STORAGE BAG SUKI,0.013673678169523668,0.1676353624961762,7.489768587245544,0.08156798163535195,0.02238191481398308,0.011848030553012683,1.1745069902510434
WOOD S/3 CABINET ANT WHITE FINISH,WOODEN PICTURE FRAME WHITE FINISH,WOOD S/3 CABINET ANT WHITE FINISH  -->  WOODEN PICTURE FRAME WHITE FINISH,0.010005738952516406,0.3740671641791045,7.4733248947188295,0.026748509119944107,0.050053646730044664,0.008666878526471345,1.5176490174446977
WOODEN PICTURE FRAME WHITE FINISH,WOOD S/3 CABINET ANT WHITE FINISH,WOODEN PICTURE FRAME WHITE FINISH  -->  WOOD S/3 CABINET ANT WHITE FINISH,0.010005738952516406,0.19990029910269194,7.4733248947188295,0.050053646730044664,0.026748509119944107,0.008666878526471345,1.216412766794637
JUMBO SHOPPER VINTAGE RED PAISLEY,JUMBO BAG SPACEBOY DESIGN,JUMBO SHOPPER VINTAGE RED PAISLEY  -->  JUMBO BAG SPACEBOY DESIGN,0.012700551438480924,0.23220802919708028,7.4568919760668155,0.05469471267809467,0.03114005539336777,0.010997355055960722,1.2618781928566476
JUMBO BAG SPACEBOY DESIGN,JUMBO SHOPPER VINTAGE RED PAISLEY,JUMBO BAG SPACEBOY DESIGN  -->  JUMBO SHOPPER VINTAGE RED PAISLEY,0.012700551438480924,0.4078525641025641,7.4568919760668155,0.03114005539336777,0.05469471267809467,0.010997355055960722,1.5964018925273855
LUNCH BAG PINK POLKADOT,LUNCH BAG SPACEBOY DESIGN,LUNCH BAG PINK POLKADOT  -->  LUNCH BAG SPACEBOY DESIGN,0.01250093569877985,0.39110070257611246,7.435551640010844,0.0319634703196347,0.052598747411233375,0.010819697197050929,1.5559243648284744
LUNCH BAG SPACEBOY DESIGN,LUNCH BAG PINK POLKADOT,LUNCH BAG SPACEBOY DESIGN  -->  LUNCH BAG PINK POLKADOT,0.01250093569877985,0.23766603415559773,7.435551640010844,0.052598747411233375,0.0319634703196347,0.010819697197050929,1.2698326101843247
LUNCH BAG SPACEBOY DESIGN,LUNCH BAG CARS BLUE,LUNCH BAG SPACEBOY DESIGN  -->  LUNCH BAG CARS BLUE,0.020161189709808618,0.38330170777988615,7.431825129508707,0.052598747411233375,0.051575716745265364,0.017448371612171085,1.5379064531546005
LUNCH BAG CARS BLUE,LUNCH BAG SPACEBOY DESIGN,LUNCH BAG CARS BLUE  -->  LUNCH BAG SPACEBOY DESIGN,0.020161189709808618,0.3909046927914852,7.431825129508706,0.051575716745265364,0.052598747411233375,0.017448371612171085,1.555423660922145
JUMBO BAG STRAWBERRY,JUMBO BAG BAROQUE BLACK WHITE,JUMBO BAG STRAWBERRY  -->  JUMBO BAG BAROQUE BLACK WHITE,0.016019163111011304,0.3460916442048518,7.385684145259768,0.04628589964318686,0.04685979489482746,0.013850215347209,1.457605177634044
JUMBO BAG BAROQUE BLACK WHITE,JUMBO BAG STRAWBERRY,JUMBO BAG BAROQUE BLACK WHITE  -->  JUMBO BAG STRAWBERRY,0.016019163111011304,0.34185303514376997,7.385684145259768,0.04685979489482746,0.04628589964318686,0.013850215347209,1.4490898709304976
LUNCH BAG SUKI DESIGN,LUNCH BAG APPLE DESIGN,LUNCH BAG SUKI DESIGN  -->  LUNCH BAG APPLE DESIGN,0.011203433390722859,0.19001269572577234,7.35052008359245,0.05896149911420515,0.025850238291289268,0.009679264588609016,1.202672877177473
LUNCH BAG APPLE DESIGN,LUNCH BAG SUKI DESIGN,LUNCH BAG APPLE DESIGN  -->  LUNCH BAG SUKI DESIGN,0.011203433390722859,0.4333976833976834,7.35052008359245,0.025850238291289268,0.05896149911420515,0.009679264588609016,1.6608447818018457
WOODLAND CHARLOTTE BAG,JUMBO BAG WOODLAND ANIMALS,WOODLAND CHARLOTTE BAG  -->  JUMBO BAG WOODLAND ANIMALS,0.010155450757292213,0.25874125874125875,7.328320442808075,0.03924944481872396,0.03530703395962772,0.008769669276180992,1.3014254164506909
JUMBO BAG WOODLAND ANIMALS,WOODLAND CHARLOTTE BAG,JUMBO BAG WOODLAND ANIMALS  -->  WOODLAND CHARLOTTE BAG,0.010155450757292213,0.2876325088339223,7.328320442808075,0.03530703395962772,0.03924944481872396,0.008769669276180992,1.3486726543467318
LUNCH BAG DOLLY GIRL DESIGN,LUNCH BAG BLACK SKULL.,LUNCH BAG DOLLY GIRL DESIGN  -->  LUNCH BAG BLACK SKULL.,0.0106544901065449,0.4295774647887324,7.322916229833274,0.02480225565785862,0.05866207550465354,0.009199538312457877,1.650246731831348
LUNCH BAG BLACK SKULL.,LUNCH BAG DOLLY GIRL DESIGN,LUNCH BAG BLACK SKULL.  -->  LUNCH BAG DOLLY GIRL DESIGN,0.0106544901065449,0.18162484049340705,7.322916229833274,0.05866207550465354,0.02480225565785862,0.009199538312457877,1.1916267655656831
JUMBO BAG PINK POLKADOT,JUMBO BAG BAROQUE BLACK WHITE,JUMBO BAG PINK POLKADOT  -->  JUMBO BAG BAROQUE BLACK WHITE,0.012351223894004042,0.34303534303534305,7.3204618971392135,0.03600568904858148,0.04685979489482746,0.01066400469014058,1.4508241729607214
JUMBO BAG BAROQUE BLACK WHITE,JUMBO BAG PINK POLKADOT,JUMBO BAG BAROQUE BLACK WHITE  -->  JUMBO BAG PINK POLKADOT,0.012351223894004042,0.26357827476038337,7.3204618971392135,0.04685979489482746,0.03600568904858148,0.01066400469014058,1.3090248127019264
LUNCH BAG BLACK SKULL.,LUNCH BAG WOODLAND,LUNCH BAG BLACK SKULL.  -->  LUNCH BAG WOODLAND,0.020585373156673404,0.3509145044661846,7.301973310223926,0.05866207550465354,0.04805748933303391,0.017766221088854887,1.4665903293434057
LUNCH BAG WOODLAND,LUNCH BAG BLACK SKULL.,LUNCH BAG WOODLAND  -->  LUNCH BAG BLACK SKULL.,0.020585373156673404,0.4283489096573209,7.301973310223926,0.04805748933303391,0.05866207550465354,0.017766221088854887,1.6467001294986718
PACK OF 60 DINOSAUR CAKE CASES,PACK OF 72 RETROSPOT CAKE CASES,PACK OF 60 DINOSAUR CAKE CASES  -->  PACK OF 72 RETROSPOT CAKE CASES,0.010105546822366944,0.3108211818879509,7.293197017870848,0.032512413603812663,0.0426179604261796,0.008719934066040071,1.3891634716755992
PACK OF 72 RETROSPOT CAKE CASES,PACK OF 60 DINOSAUR CAKE CASES,PACK OF 72 RETROSPOT CAKE CASES  -->  PACK OF 60 DINOSAUR CAKE CASES,0.010105546822366944,0.23711943793911008,7.293197017870847,0.0426179604261796,0.032512413603812663,0.008719934066040071,1.2682032214617713
LUNCH BAG CARS BLUE,LUNCH BAG BLACK SKULL.,LUNCH BAG CARS BLUE  -->  LUNCH BAG BLACK SKULL.,0.022057539236968834,0.4276729559748428,7.290450470694927,0.051575716745265364,0.05866207550465354,0.019032000647051454,1.6447552746676934
LUNCH BAG BLACK SKULL.,LUNCH BAG CARS BLUE,LUNCH BAG BLACK SKULL.  -->  LUNCH BAG CARS BLUE,0.022057539236968834,0.3760102084219481,7.290450470694927,0.05866207550465354,0.051575716745265364,0.019032000647051454,1.5199355759590192
SCOTTIE DOG HOT WATER BOTTLE,HOT WATER BOTTLE TEA AND SYMPATHY,SCOTTIE DOG HOT WATER BOTTLE  -->  HOT WATER BOTTLE TEA AND SYMPATHY,0.012126656186840333,0.28774422735346356,7.284854958714313,0.04214387304438955,0.0394989644933503,0.010462016841847726,1.3485338727936254
HOT WATER BOTTLE TEA AND SYMPATHY,SCOTTIE DOG HOT WATER BOTTLE,HOT WATER BOTTLE TEA AND SYMPATHY  -->  SCOTTIE DOG HOT WATER BOTTLE,0.012126656186840333,0.30701200252684774,7.284854958714313,0.0394989644933503,0.04214387304438955,0.010462016841847726,1.3822117128265552
JUMBO BAG PINK VINTAGE PAISLEY + JUMBO SHOPPER VINTAGE RED PAISLEY,JUMBO BAG RED RETROSPOT,JUMBO BAG PINK VINTAGE PAISLEY + JUMBO SHOPPER VINTAGE RED PAISLEY  -->  JUMBO BAG RED RETROSPOT,0.010155450757292213,0.5941605839416059,7.2842379084208435,0.017092097711904584,0.08156798163535195,0.00876128284501794,2.263042922948863
JUMBO BAG RED RETROSPOT,JUMBO BAG PINK VINTAGE PAISLEY + JUMBO SHOPPER VINTAGE RED PAISLEY,JUMBO BAG RED RETROSPOT  -->  JUMBO BAG PINK VINTAGE PAISLEY + JUMBO SHOPPER VINTAGE RED PAISLEY,0.010155450757292213,0.12450290608748854,7.2842379084208435,0.08156798163535195,0.017092097711904584,0.00876128284501794,1.1226855110341663
JUMBO BAG STRAWBERRY,JUMBO BAG OWLS,JUMBO BAG STRAWBERRY  -->  JUMBO BAG OWLS,0.011028769618484417,0.23827493261455526,7.267385444743935,0.04628589964318686,0.03278688524590164,0.00951119913837993,1.269766686389846
JUMBO BAG OWLS,JUMBO BAG STRAWBERRY,JUMBO BAG OWLS  -->  JUMBO BAG STRAWBERRY,0.011028769618484417,0.3363774733637747,7.267385444743935,0.03278688524590164,0.04628589964318686,0.00951119913837993,1.4371334035193264
LUNCH BAG SUKI DESIGN,LUNCH BAG BLACK SKULL.,LUNCH BAG SUKI DESIGN  -->  LUNCH BAG BLACK SKULL.,0.025026823365022332,0.4244604316546763,7.235687247734777,0.05896149911420515,0.05866207550465354,0.021568019452117268,1.6355746438106646
LUNCH BAG BLACK SKULL.,LUNCH BAG SUKI DESIGN,LUNCH BAG BLACK SKULL.  -->  LUNCH BAG SUKI DESIGN,0.025026823365022332,0.4266269672479796,7.235687247734777,0.05866207550465354,0.05896149911420515,0.021568019452117268,1.6412325783252997
LUNCH BAG PINK POLKADOT,LUNCH BAG SUKI DESIGN,LUNCH BAG PINK POLKADOT  -->  LUNCH BAG SUKI DESIGN,0.013623774234598398,0.42622950819672134,7.228946254760898,0.0319634703196347,0.05896149911420515,0.011739160107660334,1.6400956729723855
LUNCH BAG SUKI DESIGN,LUNCH BAG PINK POLKADOT,LUNCH BAG SUKI DESIGN  -->  LUNCH BAG PINK POLKADOT,0.013623774234598398,0.23106220905628438,7.228946254760897,0.05896149911420515,0.0319634703196347,0.011739160107660334,1.2589269783350043
PACK OF 60 PINK PAISLEY CAKE CASES,PACK OF 72 SKULL CAKE CASES,PACK OF 60 PINK PAISLEY CAKE CASES  -->  PACK OF 72 SKULL CAKE CASES,0.013224542755196246,0.26593075765178126,7.196291002302793,0.04972927115303041,0.03695386381216159,0.011386854041529105,1.3119281950938908
PACK OF 72 SKULL CAKE CASES,PACK OF 60 PINK PAISLEY CAKE CASES,PACK OF 72 SKULL CAKE CASES  -->  PACK OF 60 PINK PAISLEY CAKE CASES,0.013224542755196246,0.3578663065496286,7.196291002302793,0.03695386381216159,0.04972927115303041,0.011386854041529105,1.4798643001286667
JUMBO STORAGE BAG SUKI,JUMBO BAG BAROQUE BLACK WHITE,JUMBO STORAGE BAG SUKI  -->  JUMBO BAG BAROQUE BLACK WHITE,0.019562342490705393,0.3366251610133104,7.183666974403856,0.05811313222047559,0.04685979489482746,0.01683917303415792,1.4368048787637195
JUMBO BAG BAROQUE BLACK WHITE,JUMBO STORAGE BAG SUKI,JUMBO BAG BAROQUE BLACK WHITE  -->  JUMBO STORAGE BAG SUKI,0.019562342490705393,0.4174653887113951,7.183666974403856,0.04685979489482746,0.05811313222047559,0.01683917303415792,1.6168770911242658
LUNCH BAG SPACEBOY DESIGN,LUNCH BAG BLACK SKULL.,LUNCH BAG SPACEBOY DESIGN  -->  LUNCH BAG BLACK SKULL.,0.022157347106819374,0.42125237191650855,7.18100013156015,0.052598747411233375,0.05866207550465354,0.0190717954147314,1.6265084793739266
LUNCH BAG BLACK SKULL.,LUNCH BAG SPACEBOY DESIGN,LUNCH BAG BLACK SKULL.  -->  LUNCH BAG SPACEBOY DESIGN,0.022157347106819374,0.377711612079966,7.18100013156015,0.05866207550465354,0.052598747411233375,0.0190717954147314,1.5224472623623992
JUMBO BAG PINK VINTAGE PAISLEY,JUMBO BAG WOODLAND ANIMALS,JUMBO BAG PINK VINTAGE PAISLEY  -->  JUMBO BAG WOODLAND ANIMALS,0.010205354692217481,0.2526250772081532,7.155092027753466,0.04039723532200514,0.03530703395962772,0.008779048132828373,1.2907751339002997
JUMBO BAG WOODLAND ANIMALS,JUMBO BAG PINK VINTAGE PAISLEY,JUMBO BAG WOODLAND ANIMALS  -->  JUMBO BAG PINK VINTAGE PAISLEY,0.010205354692217481,0.2890459363957597,7.155092027753466,0.03530703395962772,0.04039723532200514,0.008779048132828373,1.3497394751683527
LUNCH BAG SUKI DESIGN,LUNCH BAG WOODLAND,LUNCH BAG SUKI DESIGN  -->  LUNCH BAG WOODLAND,0.020260997579659157,0.3436309775708845,7.15041468749135,0.05896149911420515,0.04805748933303391,0.017427455964918556,1.4503160236660486
LUNCH BAG WOODLAND,LUNCH BAG SUKI DESIGN,LUNCH BAG WOODLAND  -->  LUNCH BAG SUKI DESIGN,0.020260997579659157,0.4215991692627207,7.150414687491349,0.04805748933303391,0.05896149911420515,0.017427455964918556,1.6269660257684389
JUMBO BAG PINK POLKADOT,JUMBO STORAGE BAG SUKI,JUMBO BAG PINK POLKADOT  -->  JUMBO STORAGE BAG SUKI,0.014896324575192754,0.41372141372141374,7.119241347236195,0.03600568904858148,0.05811313222047559,0.012803921206823207,1.6065517141913168
JUMBO STORAGE BAG SUKI,JUMBO BAG PINK POLKADOT,JUMBO STORAGE BAG SUKI  -->  JUMBO BAG PINK POLKADOT,0.014896324575192754,0.2563331902103907,7.119241347236194,0.05811313222047559,0.03600568904858148,0.012803921206823207,1.2962717957308625
JUMBO STORAGE BAG SUKI,JUMBO SHOPPER VINTAGE RED PAISLEY,JUMBO STORAGE BAG SUKI  -->  JUMBO SHOPPER VINTAGE RED PAISLEY,0.02238191481398308,0.3851438385573207,7.0417014680026195,0.05811313222047559,0.05469471267809467,0.019203433744360045,1.537441350679272
JUMBO SHOPPER VINTAGE RED PAISLEY,JUMBO STORAGE BAG SUKI,JUMBO SHOPPER VINTAGE RED PAISLEY  -->  JUMBO STORAGE BAG SUKI,0.02238191481398308,0.40921532846715325,7.0417014680026195,0.05469471267809467,0.05811313222047559,0.019203433744360045,1.5942980804422529
LUNCH BAG WOODLAND,LUNCH BAG RED RETROSPOT,LUNCH BAG WOODLAND  -->  LUNCH BAG RED RETROSPOT,0.015470219826833345,0.32191069574247144,7.022980377393047,0.04805748933303391,0.04583676422885945,0.013267420018844142,1.4071350628600434
LUNCH BAG RED RETROSPOT,LUNCH BAG WOODLAND,LUNCH BAG RED RETROSPOT  -->  LUNCH BAG WOODLAND,0.015470219826833345,0.3375068045726728,7.022980377393047,0.04583676422885945,0.04805748933303391,0.013267420018844142,1.4369091142935222
LUNCH BAG RED SPOTTY,LUNCH BAG WOODLAND,LUNCH BAG RED SPOTTY  -->  LUNCH BAG WOODLAND,0.010230306659680116,0.3363412633305989,6.998727315939986,0.03041644833695137,0.04805748933303391,0.008768568518178298,1.4343855630445386
LUNCH BAG WOODLAND,LUNCH BAG RED SPOTTY,LUNCH BAG WOODLAND  -->  LUNCH BAG RED SPOTTY,0.010230306659680116,0.21287642782969887,6.998727315939985,0.04805748933303391,0.03041644833695137,0.008768568518178298,1.2318060161629496
JUMBO STORAGE BAG SUKI,JUMBO BAG STRAWBERRY,JUMBO STORAGE BAG SUKI  -->  JUMBO BAG STRAWBERRY,0.01881378346682636,0.32374409617861744,6.99444320353124,0.05811313222047559,0.04628589964318686,0.016123964860918178,1.4102858030038208
JUMBO BAG STRAWBERRY,JUMBO STORAGE BAG SUKI,JUMBO BAG STRAWBERRY  -->  JUMBO STORAGE BAG SUKI,0.01881378346682636,0.4064690026954178,6.99444320353124,0.04628589964318686,0.05811313222047559,0.016123964860918178,1.5869211078392536
LUNCH BAG BLACK SKULL.,LUNCH BAG RED RETROSPOT,LUNCH BAG BLACK SKULL.  -->  LUNCH BAG RED RETROSPOT,0.018788831499363726,0.32028923862186304,6.987605779122703,0.05866207550465354,0.04583676422885945,0.01609995177528137,1.4037783274705578
LUNCH BAG RED RETROSPOT,LUNCH BAG BLACK SKULL.,LUNCH BAG RED RETROSPOT  -->  LUNCH BAG BLACK SKULL.,0.018788831499363726,0.40990745781164944,6.987605779122703,0.04583676422885945,0.05866207550465354,0.01609995177528137,1.5952377927102876
JUMBO BAG STRAWBERRY + JUMBO STORAGE BAG SUKI,JUMBO BAG RED RETROSPOT,JUMBO BAG STRAWBERRY + JUMBO STORAGE BAG SUKI  -->  JUMBO BAG RED RETROSPOT,0.01070439404147017,0.5689655172413793,6.975353635510174,0.01881378346682636,0.08156798163535195,0.00916979169715659,2.1307622826059838
JUMBO BAG RED RETROSPOT,JUMBO BAG STRAWBERRY + JUMBO STORAGE BAG SUKI,JUMBO BAG RED RETROSPOT  -->  JUMBO BAG STRAWBERRY + JUMBO STORAGE BAG SUKI,0.01070439404147017,0.13123279290302844,6.9753536355101735,0.08156798163535195,0.01881378346682636,0.00916979169715659,1.129400613326389
JUMBO STORAGE BAG SKULLS,JUMBO BAG STRAWBERRY,JUMBO STORAGE BAG SKULLS  -->  JUMBO BAG STRAWBERRY,0.010629538139082267,0.32248296744890237,6.967196704285532,0.03296154901814008,0.04628589964318686,0.009103883189144651,1.407660700079721
JUMBO BAG STRAWBERRY,JUMBO STORAGE BAG SKULLS,JUMBO BAG STRAWBERRY  -->  JUMBO STORAGE BAG SKULLS,0.010629538139082267,0.22964959568733156,6.967196704285532,0.04628589964318686,0.03296154901814008,0.009103883189144651,1.25532283175042
JUMBO BAG PINK VINTAGE PAISLEY,JUMBO STORAGE BAG SUKI,JUMBO BAG PINK VINTAGE PAISLEY  -->  JUMBO STORAGE BAG SUKI,0.01634353868802555,0.4045707226683138,6.961777952931735,0.04039723532200514,0.05811313222047559,0.013995928810416199,1.581861866115197
JUMBO STORAGE BAG SUKI,JUMBO BAG PINK VINTAGE PAISLEY,JUMBO STORAGE BAG SUKI  -->  JUMBO BAG PINK VINTAGE PAISLEY,0.01634353868802555,0.2812365822241305,6.961777952931734,0.05811313222047559,0.04039723532200514,0.013995928810416199,1.335074575230018
LUNCH BAG RED RETROSPOT,LUNCH BAG SUKI DESIGN,LUNCH BAG RED RETROSPOT  -->  LUNCH BAG SUKI DESIGN,0.01881378346682636,0.41045182362547633,6.961353252407201,0.04583676422885945,0.05896149911420515,0.016111179133348433,1.5962028865440494
LUNCH BAG SUKI DESIGN,LUNCH BAG RED RETROSPOT,LUNCH BAG SUKI DESIGN  -->  LUNCH BAG RED RETROSPOT,0.01881378346682636,0.3190859077443927,6.9613532524072,0.05896149911420515,0.04583676422885945,0.016111179133348433,1.4012975302220045
JUMBO BAG BAROQUE BLACK WHITE,JUMBO SHOPPER VINTAGE RED PAISLEY,JUMBO BAG BAROQUE BLACK WHITE  -->  JUMBO SHOPPER VINTAGE RED PAISLEY,0.017840656735783618,0.38072417465388714,6.960895414052844,0.04685979489482746,0.05469471267809467,0.015277673717856582,1.5264688990460347
JUMBO SHOPPER VINTAGE RED PAISLEY,JUMBO BAG BAROQUE BLACK WHITE,JUMBO SHOPPER VINTAGE RED PAISLEY  -->  JUMBO BAG BAROQUE BLACK WHITE,0.017840656735783618,0.3261861313868613,6.960895414052843,0.05469471267809467,0.04685979489482746,0.015277673717856582,1.4145452468453201
JUMBO SHOPPER VINTAGE RED PAISLEY,JUMBO BAG WOODLAND ANIMALS,JUMBO SHOPPER VINTAGE RED PAISLEY  -->  JUMBO BAG WOODLAND ANIMALS,0.013424158494897323,0.24543795620437955,6.951531428129271,0.05469471267809467,0.03530703395962772,0.011493050416959754,1.2784806418140846
JUMBO BAG WOODLAND ANIMALS,JUMBO SHOPPER VINTAGE RED PAISLEY,JUMBO BAG WOODLAND ANIMALS  -->  JUMBO SHOPPER VINTAGE RED PAISLEY,0.013424158494897323,0.3802120141342756,6.951531428129271,0.03530703395962772,0.05469471267809467,0.011493050416959754,1.5252075046299838
JUMBO STORAGE BAG SKULLS,JUMBO SHOPPER VINTAGE RED PAISLEY,JUMBO STORAGE BAG SKULLS  -->  JUMBO SHOPPER VINTAGE RED PAISLEY,0.012475983731317215,0.3785011355034065,6.920250915862237,0.03296154901814008,0.05469471267809467,0.01067316127834511,1.5210088727798257
JUMBO SHOPPER VINTAGE RED PAISLEY,JUMBO STORAGE BAG SKULLS,JUMBO SHOPPER VINTAGE RED PAISLEY  -->  JUMBO STORAGE BAG SKULLS,0.012475983731317215,0.2281021897810219,6.920250915862237,0.05469471267809467,0.03296154901814008,0.01067316127834511,1.252806314747185
JUMBO STORAGE BAG SUKI,DOTCOM POSTAGE,JUMBO STORAGE BAG SUKI  -->  DOTCOM POSTAGE,0.014072909648925817,0.2421640188922284,6.858803805755362,0.05811313222047559,0.03530703395962772,0.01202110731611715,1.27295746057112
DOTCOM POSTAGE,JUMBO STORAGE BAG SUKI,DOTCOM POSTAGE  -->  JUMBO STORAGE BAG SUKI,0.014072909648925817,0.3985865724381625,6.858803805755361,0.03530703395962772,0.05811313222047559,0.01202110731611715,1.5661221127003844
JUMBO BAG APPLES,JUMBO BAG RED RETROSPOT,JUMBO BAG APPLES  -->  JUMBO BAG RED RETROSPOT,0.013623774234598398,0.558282208588957,6.844379343413776,0.02440302417845647,0.08156798163535195,0.011633268806563011,2.0792280415755227
JUMBO BAG RED RETROSPOT,JUMBO BAG APPLES,JUMBO BAG RED RETROSPOT  -->  JUMBO BAG APPLES,0.013623774234598398,0.16702355460385437,6.844379343413775,0.08156798163535195,0.02440302417845647,0.011633268806563011,1.1712179632613386
JUMBO BAG PINK POLKADOT,JUMBO SHOPPER VINTAGE RED PAISLEY,JUMBO BAG PINK POLKADOT  -->  JUMBO SHOPPER VINTAGE RED PAISLEY,0.013474062429822591,0.37422037422037424,6.841984460597599,0.03600568904858148,0.05469471267809467,0.011504741612533606,1.5106041302386595
JUMBO SHOPPER VINTAGE RED PAISLEY,JUMBO BAG PINK POLKADOT,JUMBO SHOPPER VINTAGE RED PAISLEY  -->  JUMBO BAG PINK POLKADOT,0.013474062429822591,0.24635036496350363,6.841984460597599,0.05469471267809467,0.03600568904858148,0.011504741612533606,1.2791014101728264
LUNCH BAG APPLE DESIGN,LUNCH BAG BLACK SKULL.,LUNCH BAG APPLE DESIGN  -->  LUNCH BAG BLACK SKULL.,0.010355066496993288,0.4005791505791506,6.82858809772889,0.025850238291289268,0.05866207550465354,0.008838637866536391,1.570412382894008
LUNCH BAG BLACK SKULL.,LUNCH BAG APPLE DESIGN,LUNCH BAG BLACK SKULL.  -->  LUNCH BAG APPLE DESIGN,0.010355066496993288,0.17652062951935346,6.828588097728889,0.05866207550465354,0.025850238291289268,0.008838637866536391,1.1829680215791212
JUMBO BAG BAROQUE BLACK WHITE,JUMBO BAG PINK VINTAGE PAISLEY,JUMBO BAG BAROQUE BLACK WHITE  -->  JUMBO BAG PINK VINTAGE PAISLEY,0.012925119145644634,0.27582534611288606,6.8278272984349195,0.04685979489482746,0.04039723532200514,0.011032112984137393,1.3250985235774078
JUMBO BAG PINK VINTAGE PAISLEY,JUMBO BAG BAROQUE BLACK WHITE,JUMBO BAG PINK VINTAGE PAISLEY  -->  JUMBO BAG BAROQUE BLACK WHITE,0.012925119145644634,0.31995058678196414,6.827827298434919,0.04039723532200514,0.04685979489482746,0.011032112984137393,1.4015749246732734
PACK OF 60 PINK PAISLEY CAKE CASES,PACK OF 72 RETROSPOT CAKE CASES,PACK OF 60 PINK PAISLEY CAKE CASES  -->  PACK OF 72 RETROSPOT CAKE CASES,0.014397285225940065,0.2895132965378826,6.793222708049603,0.04972927115303041,0.0426179604261796,0.01227792511591746,1.3475016983549606
PACK OF 72 RETROSPOT CAKE CASES,PACK OF 60 PINK PAISLEY CAKE CASES,PACK OF 72 RETROSPOT CAKE CASES  -->  PACK OF 60 PINK PAISLEY CAKE CASES,0.014397285225940065,0.33782201405152223,6.793222708049602,0.0426179604261796,0.04972927115303041,0.01227792511591746,1.4350684393197384
LUNCH BAG CARS BLUE,LUNCH BAG RED RETROSPOT,LUNCH BAG CARS BLUE  -->  LUNCH BAG RED RETROSPOT,0.016019163111011304,0.31059506531204645,6.776112374801788,0.051575716745265364,0.04583676422885945,0.013655099142624137,1.3840388830448753
LUNCH BAG RED RETROSPOT,LUNCH BAG CARS BLUE,LUNCH BAG RED RETROSPOT  -->  LUNCH BAG CARS BLUE,0.016019163111011304,0.34948285247686445,6.776112374801788,0.04583676422885945,0.051575716745265364,0.013655099142624137,1.4579543166016298
JUMBO BAG WOODLAND ANIMALS,JUMBO BAG BAROQUE BLACK WHITE,JUMBO BAG WOODLAND ANIMALS  -->  JUMBO BAG BAROQUE BLACK WHITE,0.011028769618484417,0.3123674911660777,6.666002099820498,0.03530703395962772,0.04685979489482746,0.009374289248791554,1.3861185922135857
JUMBO BAG BAROQUE BLACK WHITE,JUMBO BAG WOODLAND ANIMALS,JUMBO BAG BAROQUE BLACK WHITE  -->  JUMBO BAG WOODLAND ANIMALS,0.011028769618484417,0.23535676251331203,6.666002099820498,0.04685979489482746,0.03530703395962772,0.009374289248791554,1.2616249235541916
LUNCH BAG SPACEBOY DESIGN,LUNCH BAG RED RETROSPOT,LUNCH BAG SPACEBOY DESIGN  -->  LUNCH BAG RED RETROSPOT,0.0159443072086234,0.3031309297912714,6.61327069855459,0.052598747411233375,0.04583676422885945,0.013533350824801366,1.3692145003441556
LUNCH BAG RED RETROSPOT,LUNCH BAG SPACEBOY DESIGN,LUNCH BAG RED RETROSPOT  -->  LUNCH BAG SPACEBOY DESIGN,0.0159443072086234,0.3478497550353838,6.61327069855459,0.04583676422885945,0.052598747411233375,0.013533350824801366,1.4527346419078166
PACK OF 72 RETROSPOT CAKE CASES,72 SWEETHEART FAIRY CAKE CASES,PACK OF 72 RETROSPOT CAKE CASES  -->  72 SWEETHEART FAIRY CAKE CASES,0.01025525862714275,0.24063231850117098,6.605357142857143,0.0426179604261796,0.03642987249544627,0.008702691762801053,1.2689111625117793
72 SWEETHEART FAIRY CAKE CASES,PACK OF 72 RETROSPOT CAKE CASES,72 SWEETHEART FAIRY CAKE CASES  -->  PACK OF 72 RETROSPOT CAKE CASES,0.01025525862714275,0.2815068493150685,6.605357142857143,0.03642987249544627,0.0426179604261796,0.008702691762801053,1.3324859654697596
WOODLAND CHARLOTTE BAG,LUNCH BAG WOODLAND,WOODLAND CHARLOTTE BAG  -->  LUNCH BAG WOODLAND,0.01240112782892931,0.31595677050222504,6.574558406758917,0.03924944481872396,0.04805748933303391,0.01051489805322598,1.3916408636423212
LUNCH BAG WOODLAND,WOODLAND CHARLOTTE BAG,LUNCH BAG WOODLAND  -->  WOODLAND CHARLOTTE BAG,0.01240112782892931,0.2580477673935618,6.574558406758916,0.04805748933303391,0.03924944481872396,0.01051489805322598,1.2948954298664364
60 TEATIME FAIRY CAKE CASES,PACK OF 72 RETROSPOT CAKE CASES,60 TEATIME FAIRY CAKE CASES  -->  PACK OF 72 RETROSPOT CAKE CASES,0.01482146867280485,0.27926657263751764,6.552790650816039,0.05307283479302343,0.0426179604261796,0.01255961269989061,1.3283441605828545
PACK OF 72 RETROSPOT CAKE CASES,60 TEATIME FAIRY CAKE CASES,PACK OF 72 RETROSPOT CAKE CASES  -->  60 TEATIME FAIRY CAKE CASES,0.01482146867280485,0.3477751756440281,6.552790650816038,0.0426179604261796,0.05307283479302343,0.01255961269989061,1.451841650065993
JUMBO BAG WOODLAND ANIMALS,JUMBO BAG STRAWBERRY,JUMBO BAG WOODLAND ANIMALS  -->  JUMBO BAG STRAWBERRY,0.010554682236694363,0.2989399293286219,6.45855285590468,0.03530703395962772,0.04628589964318686,0.008920464406140444,1.360388560488801
JUMBO BAG STRAWBERRY,JUMBO BAG WOODLAND ANIMALS,JUMBO BAG STRAWBERRY  -->  JUMBO BAG WOODLAND ANIMALS,0.010554682236694363,0.22803234501347708,6.458552855904679,0.04628589964318686,0.03530703395962772,0.008920464406140444,1.2496546452548118
LUNCH BAG RED SPOTTY,LUNCH BAG CARS BLUE,LUNCH BAG RED SPOTTY  -->  LUNCH BAG CARS BLUE,0.010080594854904309,0.33141919606234616,6.425876691142064,0.03041644833695137,0.051575716745265364,0.008511844731080707,1.418563437162603
LUNCH BAG CARS BLUE,LUNCH BAG RED SPOTTY,LUNCH BAG CARS BLUE  -->  LUNCH BAG RED SPOTTY,0.010080594854904309,0.1954523463957426,6.425876691142064,0.051575716745265364,0.03041644833695137,0.008511844731080707,1.2051288041416246
JUMBO BAG STRAWBERRY,STRAWBERRY CHARLOTTE BAG,JUMBO BAG STRAWBERRY  -->  STRAWBERRY CHARLOTTE BAG,0.010180402724754846,0.21994609164420484,6.392153382759099,0.04628589964318686,0.03440876313097288,0.008587762167628448,1.2378519311624363
STRAWBERRY CHARLOTTE BAG,JUMBO BAG STRAWBERRY,STRAWBERRY CHARLOTTE BAG  -->  JUMBO BAG STRAWBERRY,0.010180402724754846,0.29586656997824506,6.392153382759099,0.03440876313097288,0.04628589964318686,0.008587762167628448,1.3544508181174513
SPOTTY BUNTING,PARTY BUNTING,SPOTTY BUNTING  -->  PARTY BUNTING,0.012051800284452428,0.4236842105263158,6.35003444475062,0.02844524290740325,0.06672156099508446,0.010153889274786129,1.619387245761954
PARTY BUNTING,SPOTTY BUNTING,PARTY BUNTING  -->  SPOTTY BUNTING,0.012051800284452428,0.1806282722513089,6.35003444475062,0.06672156099508446,0.02844524290740325,0.010153889274786129,1.1857313648861723
JUMBO BAG OWLS,JUMBO SHOPPER VINTAGE RED PAISLEY,JUMBO BAG OWLS  -->  JUMBO SHOPPER VINTAGE RED PAISLEY,0.011353145195498664,0.34627092846270924,6.330976277372262,0.03278688524590164,0.05469471267809467,0.009559875927364413,1.4460199622130192
JUMBO SHOPPER VINTAGE RED PAISLEY,JUMBO BAG OWLS,JUMBO SHOPPER VINTAGE RED PAISLEY  -->  JUMBO BAG OWLS,0.011353145195498664,0.2075729927007299,6.330976277372262,0.05469471267809467,0.03278688524590164,0.009559875927364413,1.2205706088318846
JUMBO BAG PINK POLKADOT,JUMBO BAG STRAWBERRY,JUMBO BAG PINK POLKADOT  -->  JUMBO BAG STRAWBERRY,0.010504778301769095,0.2917532917532918,6.303286616494165,0.03600568904858148,0.04628589964318686,0.00883822259188266,1.3465845859245416
JUMBO BAG STRAWBERRY,JUMBO BAG PINK POLKADOT,JUMBO BAG STRAWBERRY  -->  JUMBO BAG PINK POLKADOT,0.010504778301769095,0.22695417789757416,6.303286616494165,0.04628589964318686,0.03600568904858148,0.00883822259188266,1.2470079824371558
CHARLOTTE BAG SUKI DESIGN,LUNCH BAG SUKI DESIGN,CHARLOTTE BAG SUKI DESIGN  -->  LUNCH BAG SUKI DESIGN,0.012975023080569904,0.37063435495367075,6.286040221531216,0.0350076103500761,0.05896149911420515,0.010910921893923453,1.4952174595048362
LUNCH BAG SUKI DESIGN,CHARLOTTE BAG SUKI DESIGN,LUNCH BAG SUKI DESIGN  -->  CHARLOTTE BAG SUKI DESIGN,0.012975023080569904,0.22005924672027086,6.286040221531215,0.05896149911420515,0.0350076103500761,0.010910921893923453,1.2372637095728543
LUNCH BAG RED SPOTTY,LUNCH BAG BLACK SKULL.,LUNCH BAG RED SPOTTY  -->  LUNCH BAG BLACK SKULL.,0.011203433390722859,0.3683347005742412,6.2789237749527285,0.03041644833695137,0.05866207550465354,0.009419141401797225,1.490247960986789
LUNCH BAG BLACK SKULL.,LUNCH BAG RED SPOTTY,LUNCH BAG BLACK SKULL.  -->  LUNCH BAG RED SPOTTY,0.011203433390722859,0.19098256061250532,6.2789237749527285,0.05866207550465354,0.03041644833695137,0.009419141401797225,1.1984705204836106
CHARLOTTE BAG SUKI DESIGN,LUNCH BAG RED RETROSPOT,CHARLOTTE BAG SUKI DESIGN  -->  LUNCH BAG RED RETROSPOT,0.010055642887441674,0.2872416250890948,6.266620908380866,0.0350076103500761,0.04583676422885945,0.008451007305609456,1.3386910197869102
LUNCH BAG RED RETROSPOT,CHARLOTTE BAG SUKI DESIGN,LUNCH BAG RED RETROSPOT  -->  CHARLOTTE BAG SUKI DESIGN,0.010055642887441674,0.2193794229722373,6.266620908380866,0.04583676422885945,0.0350076103500761,0.008451007305609456,1.2361862062670226
JUMBO BAG SPACEBOY DESIGN,JUMBO BAG RED RETROSPOT,JUMBO BAG SPACEBOY DESIGN  -->  JUMBO BAG RED RETROSPOT,0.015694787533997057,0.5040064102564102,6.178973662846789,0.03114005539336777,0.08156798163535195,0.013154756067546992,1.8517013875914068
JUMBO BAG RED RETROSPOT,JUMBO BAG SPACEBOY DESIGN,JUMBO BAG RED RETROSPOT  -->  JUMBO BAG SPACEBOY DESIGN,0.015694787533997057,0.19241358213520954,6.178973662846789,0.08156798163535195,0.03114005539336777,0.013154756067546992,1.1996981662572277
JUMBO BAG RED RETROSPOT,JUMBO BAG WOODLAND ANIMALS,JUMBO BAG RED RETROSPOT  -->  JUMBO BAG WOODLAND ANIMALS,0.017715896898470446,0.2171918017742429,6.151516494492108,0.08156798163535195,0.03530703395962772,0.014835973400852784,1.2323490840117144
JUMBO BAG WOODLAND ANIMALS,JUMBO BAG RED RETROSPOT,JUMBO BAG WOODLAND ANIMALS  -->  JUMBO BAG RED RETROSPOT,0.017715896898470446,0.5017667844522968,6.151516494492108,0.03530703395962772,0.08156798163535195,0.014835973400852784,1.8433777389872015
STRAWBERRY CHARLOTTE BAG,LUNCH BAG WOODLAND,STRAWBERRY CHARLOTTE BAG  -->  LUNCH BAG WOODLAND,0.010155450757292213,0.2951414068165337,6.141423759598246,0.03440876313097288,0.04805748933303391,0.008501851990162594,1.3505439528906853
LUNCH BAG WOODLAND,STRAWBERRY CHARLOTTE BAG,LUNCH BAG WOODLAND  -->  STRAWBERRY CHARLOTTE BAG,0.010155450757292213,0.21131879543094498,6.141423759598246,0.04805748933303391,0.03440876313097288,0.008501851990162594,1.2243112061946981
LUNCH BAG WOODLAND,ROUND SNACK BOXES SET OF4 WOODLAND,LUNCH BAG WOODLAND  -->  ROUND SNACK BOXES SET OF4 WOODLAND,0.010180402724754846,0.2118380062305296,6.116593498343613,0.04805748933303391,0.034633330838136585,0.008516011797433663,1.2248328094899532
ROUND SNACK BOXES SET OF4 WOODLAND,LUNCH BAG WOODLAND,ROUND SNACK BOXES SET OF4 WOODLAND  -->  LUNCH BAG WOODLAND,0.010180402724754846,0.29394812680115273,6.1165934983436125,0.034633330838136585,0.04805748933303391,0.008516011797433663,1.348261433475254
JUMBO BAG RED RETROSPOT,JUMBO BAG STRAWBERRY,JUMBO BAG RED RETROSPOT  -->  JUMBO BAG STRAWBERRY,0.023080569902936846,0.28296115019883755,6.1133337016273925,0.08156798163535195,0.04628589964318686,0.019305122490865637,1.3300731203355045
JUMBO BAG STRAWBERRY,JUMBO BAG RED RETROSPOT,JUMBO BAG STRAWBERRY  -->  JUMBO BAG RED RETROSPOT,0.023080569902936846,0.49865229110512127,6.113333701627392,0.04628589964318686,0.08156798163535195,0.019305122490865637,1.8319262301789483
JUMBO BAG RED RETROSPOT,JUMBO BAG TOYS,JUMBO BAG RED RETROSPOT  -->  JUMBO BAG TOYS,0.012875215210719364,0.15784643621902722,6.013319034553188,0.08156798163535195,0.026249469770691418,0.010734098942525881,1.156262434914497
JUMBO BAG TOYS,JUMBO BAG RED RETROSPOT,JUMBO BAG TOYS  -->  JUMBO BAG RED RETROSPOT,0.012875215210719364,0.49049429657794674,6.013319034553188,0.026249469770691418,0.08156798163535195,0.010734098942525881,1.8025941852977794
REGENCY CAKESTAND 3 TIER,GREEN REGENCY TEACUP AND SAUCER + PINK REGENCY TEACUP AND SAUCER + ROSES REGENCY TEACUP AND SAUCER,REGENCY CAKESTAND 3 TIER  -->  GREEN REGENCY TEACUP AND SAUCER + PINK REGENCY TEACUP AND SAUCER + ROSES REGENCY TEACUP AND SAUCER,0.010604586171619633,0.10847371107708015,5.98801779454014,0.0977618085186017,0.018115128377872595,0.008833618459852165,1.101352684516317
GREEN REGENCY TEACUP AND SAUCER + PINK REGENCY TEACUP AND SAUCER + ROSES REGENCY TEACUP AND SAUCER,REGENCY CAKESTAND 3 TIER,GREEN REGENCY TEACUP AND SAUCER + PINK REGENCY TEACUP AND SAUCER + ROSES REGENCY TEACUP AND SAUCER  -->  REGENCY CAKESTAND 3 TIER,0.010604586171619633,0.5853994490358126,5.988017794540139,0.018115128377872595,0.0977618085186017,0.008833618459852165,2.1761625482242364
JUMBO BAG RED RETROSPOT,JUMBO BAG BAROQUE BLACK WHITE,JUMBO BAG RED RETROSPOT  -->  JUMBO BAG BAROQUE BLACK WHITE,0.022856002195773138,0.2802080146833894,5.97971065200543,0.08156798163535195,0.04685979489482746,0.019033743306355492,1.324188410747475
JUMBO BAG BAROQUE BLACK WHITE,JUMBO BAG RED RETROSPOT,JUMBO BAG BAROQUE BLACK WHITE  -->  JUMBO BAG RED RETROSPOT,0.022856002195773138,0.48775292864749736,5.97971065200543,0.04685979489482746,0.08156798163535195,0.019033743306355492,1.7929473289904458
JUMBO STORAGE BAG SKULLS,LUNCH BAG BLACK SKULL.,JUMBO STORAGE BAG SKULLS  -->  LUNCH BAG BLACK SKULL.,0.011502857000274471,0.3489780469341408,5.94895499233499,0.03296154901814008,0.05866207550465354,0.009569264123022,1.4459388351841311
LUNCH BAG BLACK SKULL.,JUMBO STORAGE BAG SKULLS,LUNCH BAG BLACK SKULL.  -->  JUMBO STORAGE BAG SKULLS,0.011502857000274471,0.1960867715865589,5.94895499233499,0.05866207550465354,0.03296154901814008,0.009569264123022,1.2029139673324616
JUMBO BAG RED RETROSPOT,JUMBO BAG VINTAGE LEAF,JUMBO BAG RED RETROSPOT  -->  JUMBO BAG VINTAGE LEAF,0.010604586171619633,0.13000917711838483,5.9276197854078605,0.08156798163535195,0.021932779399655662,0.008815573624336295,1.1242270549024354
JUMBO BAG VINTAGE LEAF,JUMBO BAG RED RETROSPOT,JUMBO BAG VINTAGE LEAF  -->  JUMBO BAG RED RETROSPOT,0.010604586171619633,0.4835039817974972,5.9276197854078605,0.021932779399655662,0.08156798163535195,0.008815573624336295,1.778197674322744
PINK REGENCY TEACUP AND SAUCER + ROSES REGENCY TEACUP AND SAUCER,REGENCY CAKESTAND 3 TIER,PINK REGENCY TEACUP AND SAUCER + ROSES REGENCY TEACUP AND SAUCER  -->  REGENCY CAKESTAND 3 TIER,0.011577712902662374,0.5771144278606964,5.903270782382116,0.020061381839958082,0.0977618085186017,0.009616475932605839,2.1335279586795415
REGENCY CAKESTAND 3 TIER,PINK REGENCY TEACUP AND SAUCER + ROSES REGENCY TEACUP AND SAUCER,REGENCY CAKESTAND 3 TIER  -->  PINK REGENCY TEACUP AND SAUCER + ROSES REGENCY TEACUP AND SAUCER,0.011577712902662374,0.11842776927003572,5.9032707823821156,0.0977618085186017,0.020061381839958082,0.009616475932605839,1.11158063287523
LUNCH BAG CARS BLUE,STRAWBERRY CHARLOTTE BAG,LUNCH BAG CARS BLUE  -->  STRAWBERRY CHARLOTTE BAG,0.010454874366843826,0.2027092404450895,5.891209738446593,0.051575716745265364,0.03440876313097288,0.008680217746045838,1.2110904651749268
STRAWBERRY CHARLOTTE BAG,LUNCH BAG CARS BLUE,STRAWBERRY CHARLOTTE BAG  -->  LUNCH BAG CARS BLUE,0.010454874366843826,0.3038433647570703,5.891209738446593,0.03440876313097288,0.051575716745265364,0.008680217746045838,1.3623719652169572
DOTCOM POSTAGE,JUMBO SHOPPER VINTAGE RED PAISLEY,DOTCOM POSTAGE  -->  JUMBO SHOPPER VINTAGE RED PAISLEY,0.011353145195498664,0.32155477031802115,5.87908327100152,0.03530703395962772,0.05469471267809467,0.009422037117561096,1.3933406057921833
JUMBO SHOPPER VINTAGE RED PAISLEY,DOTCOM POSTAGE,JUMBO SHOPPER VINTAGE RED PAISLEY  -->  DOTCOM POSTAGE,0.011353145195498664,0.2075729927007299,5.87908327100152,0.05469471267809467,0.03530703395962772,0.009422037117561096,1.217390317536267
CHARLOTTE BAG SUKI DESIGN,JUMBO STORAGE BAG SUKI,CHARLOTTE BAG SUKI DESIGN  -->  JUMBO STORAGE BAG SUKI,0.011927040447139258,0.34069850320741274,5.8626766479362304,0.0350076103500761,0.05811313222047559,0.009892638558142396,1.4286132708050518
JUMBO STORAGE BAG SUKI,CHARLOTTE BAG SUKI DESIGN,JUMBO STORAGE BAG SUKI  -->  CHARLOTTE BAG SUKI DESIGN,0.011927040447139258,0.20523829969944182,5.86267664793623,0.05811313222047559,0.0350076103500761,0.009892638558142396,1.2141908565611415
REGENCY CAKESTAND 3 TIER,GREEN REGENCY TEACUP AND SAUCER + PINK REGENCY TEACUP AND SAUCER,REGENCY CAKESTAND 3 TIER  -->  GREEN REGENCY TEACUP AND SAUCER + PINK REGENCY TEACUP AND SAUCER,0.012201512089228235,0.12480857580398162,5.857088164515424,0.0977618085186017,0.0213089802130898,0.010118307645909479,1.1182593804389367
GREEN REGENCY TEACUP AND SAUCER + PINK REGENCY TEACUP AND SAUCER,REGENCY CAKESTAND 3 TIER,GREEN REGENCY TEACUP AND SAUCER + PINK REGENCY TEACUP AND SAUCER  -->  REGENCY CAKESTAND 3 TIER,0.012201512089228235,0.572599531615925,5.857088164515423,0.0213089802130898,0.0977618085186017,0.010118307645909479,2.1109901795208605
JUMBO BAG PINK VINTAGE PAISLEY,JUMBO BAG RED RETROSPOT,JUMBO BAG PINK VINTAGE PAISLEY  -->  JUMBO BAG RED RETROSPOT,0.01903835117399007,0.471278567016677,5.777739715609472,0.04039723532200514,0.08156798163535195,0.015743230225125766,1.7370811188462212
JUMBO BAG RED RETROSPOT,JUMBO BAG PINK VINTAGE PAISLEY,JUMBO BAG RED RETROSPOT  -->  JUMBO BAG PINK VINTAGE PAISLEY,0.01903835117399007,0.2334047109207709,5.777739715609472,0.08156798163535195,0.04039723532200514,0.015743230225125766,1.251772321521295
JUMBO STORAGE BAG SUKI,JUMBO BAG RED RETROSPOT,JUMBO STORAGE BAG SUKI  -->  JUMBO BAG RED RETROSPOT,0.027347356339047335,0.47058823529411764,5.769276447195581,0.05811313222047559,0.08156798163535195,0.022607185437314804,1.7348160346887795
JUMBO BAG RED RETROSPOT,JUMBO STORAGE BAG SUKI,JUMBO BAG RED RETROSPOT  -->  JUMBO STORAGE BAG SUKI,0.027347356339047335,0.3352707249923524,5.76927644719558,0.08156798163535195,0.05811313222047559,0.022607185437314804,1.4169480767470157
JUMBO BAG RED RETROSPOT,JUMBO STORAGE BAG SKULLS,JUMBO BAG RED RETROSPOT  -->  JUMBO STORAGE BAG SKULLS,0.015470219826833345,0.1896604466197614,5.753990703391505,0.08156798163535195,0.03296154901814008,0.012781612801848943,1.1933743662739524
JUMBO STORAGE BAG SKULLS,JUMBO BAG RED RETROSPOT,JUMBO STORAGE BAG SKULLS  -->  JUMBO BAG RED RETROSPOT,0.015470219826833345,0.4693414080242241,5.753990703391504,0.03296154901814008,0.08156798163535195,0.012781612801848943,1.730739937602996
JUMBO BAG OWLS,JUMBO BAG RED RETROSPOT,JUMBO BAG OWLS  -->  JUMBO BAG RED RETROSPOT,0.015370411956982808,0.4687975646879756,5.747323340471092,0.03278688524590164,0.08156798163535195,0.012696051903364711,1.7289680116492083
JUMBO BAG RED RETROSPOT,JUMBO BAG OWLS,JUMBO BAG RED RETROSPOT  -->  JUMBO BAG OWLS,0.015370411956982808,0.18843683083511775,5.747323340471091,0.08156798163535195,0.03278688524590164,0.012696051903364711,1.1917903023487175
REGENCY CAKESTAND 3 TIER,GREEN REGENCY TEACUP AND SAUCER + ROSES REGENCY TEACUP AND SAUCER,REGENCY CAKESTAND 3 TIER  -->  GREEN REGENCY TEACUP AND SAUCER + ROSES REGENCY TEACUP AND SAUCER,0.014222621453701624,0.14548238897396631,5.699411244290956,0.0977618085186017,0.02552586271427502,0.011727166950756556,1.1403792323433304
GREEN REGENCY TEACUP AND SAUCER + ROSES REGENCY TEACUP AND SAUCER,REGENCY CAKESTAND 3 TIER,GREEN REGENCY TEACUP AND SAUCER + ROSES REGENCY TEACUP AND SAUCER  -->  REGENCY CAKESTAND 3 TIER,0.014222621453701624,0.5571847507331378,5.699411244290955,0.02552586271427502,0.0977618085186017,0.011727166950756556,2.0375047900341507
LUNCH BAG RED SPOTTY,LUNCH BAG SUKI DESIGN,LUNCH BAG RED SPOTTY  -->  LUNCH BAG SUKI DESIGN,0.010205354692217481,0.3355209187858901,5.690508617089343,0.03041644833695137,0.05896149911420515,0.008411955300541056,1.4162048550367703
LUNCH BAG SUKI DESIGN,LUNCH BAG RED SPOTTY,LUNCH BAG SUKI DESIGN  -->  LUNCH BAG RED SPOTTY,0.010205354692217481,0.17308506136267457,5.690508617089343,0.05896149911420515,0.03041644833695137,0.008411955300541056,1.1725311835106367
JUMBO SHOPPER VINTAGE RED PAISLEY,JUMBO BAG STRAWBERRY,JUMBO SHOPPER VINTAGE RED PAISLEY  -->  JUMBO BAG STRAWBERRY,0.014372333258477431,0.26277372262773724,5.677187321699098,0.05469471267809467,0.04628589964318686,0.011840739276446202,1.293651799493895
JUMBO BAG STRAWBERRY,JUMBO SHOPPER VINTAGE RED PAISLEY,JUMBO BAG STRAWBERRY  -->  JUMBO SHOPPER VINTAGE RED PAISLEY,0.014372333258477431,0.31051212938005396,5.677187321699098,0.04628589964318686,0.05469471267809467,0.011840739276446202,1.3710252603456876
JUMBO SHOPPER VINTAGE RED PAISLEY,JUMBO BAG RED RETROSPOT,JUMBO SHOPPER VINTAGE RED PAISLEY  -->  JUMBO BAG RED RETROSPOT,0.025151583202335504,0.45985401459854014,5.637677988089842,0.05469471267809467,0.08156798163535195,0.020690245883057828,1.7003403583237402
JUMBO BAG RED RETROSPOT,JUMBO SHOPPER VINTAGE RED PAISLEY,JUMBO BAG RED RETROSPOT  -->  JUMBO SHOPPER VINTAGE RED PAISLEY,0.025151583202335504,0.3083511777301927,5.637677988089842,0.08156798163535195,0.05469471267809467,0.020690245883057828,1.366741700245603
RED RETROSPOT CHARLOTTE BAG,LUNCH BAG BLACK SKULL.,RED RETROSPOT CHARLOTTE BAG  -->  LUNCH BAG BLACK SKULL.,0.010330114529530653,0.3298804780876494,5.623402773423533,0.03131471916560621,0.05866207550465354,0.00849312810943084,1.4047313855429964
LUNCH BAG BLACK SKULL.,RED RETROSPOT CHARLOTTE BAG,LUNCH BAG BLACK SKULL.  -->  RED RETROSPOT CHARLOTTE BAG,0.010330114529530653,0.176095278604849,5.623402773423533,0.05866207550465354,0.03131471916560621,0.00849312810943084,1.1757248813844396
NATURAL SLATE HEART CHALKBOARD,DOTCOM POSTAGE,NATURAL SLATE HEART CHALKBOARD  -->  DOTCOM POSTAGE,0.010130498789829578,0.198435972629521,5.620295742101281,0.05105172542855004,0.03530703395962772,0.008328013786426173,1.203513297877196
DOTCOM POSTAGE,NATURAL SLATE HEART CHALKBOARD,DOTCOM POSTAGE  -->  NATURAL SLATE HEART CHALKBOARD,0.010130498789829578,0.28692579505300353,5.620295742101281,0.03530703395962772,0.05105172542855004,0.008328013786426173,1.3307847458063444
JUMBO BAG ALPHABET,JUMBO BAG RED RETROSPOT,JUMBO BAG ALPHABET  -->  JUMBO BAG RED RETROSPOT,0.010330114529530653,0.45695364238410596,5.602120258742066,0.022606482521146793,0.08156798163535195,0.008486149378405847,1.6912589606470958
JUMBO BAG RED RETROSPOT,JUMBO BAG ALPHABET,JUMBO BAG RED RETROSPOT  -->  JUMBO BAG ALPHABET,0.010330114529530653,0.12664423371061487,5.602120258742066,0.08156798163535195,0.022606482521146793,0.008486149378405847,1.119124136125524
LUNCH BAG BLACK SKULL.,STRAWBERRY CHARLOTTE BAG,LUNCH BAG BLACK SKULL.  -->  STRAWBERRY CHARLOTTE BAG,0.011203433390722859,0.19098256061250532,5.550404700266407,0.05866207550465354,0.03440876313097288,0.009184943929911989,1.19353575072507
STRAWBERRY CHARLOTTE BAG,LUNCH BAG BLACK SKULL.,STRAWBERRY CHARLOTTE BAG  -->  LUNCH BAG BLACK SKULL.,0.011203433390722859,0.3255982596084119,5.550404700266407,0.03440876313097288,0.05866207550465354,0.009184943929911989,1.3958118256764331
PINK REGENCY TEACUP AND SAUCER,REGENCY CAKESTAND 3 TIER,PINK REGENCY TEACUP AND SAUCER  -->  REGENCY CAKESTAND 3 TIER,0.0136986301369863,0.5361328125,5.484072160939893,0.025550814681737654,0.0977618085186017,0.011200736284575987,1.9450355959514776
REGENCY CAKESTAND 3 TIER,PINK REGENCY TEACUP AND SAUCER,REGENCY CAKESTAND 3 TIER  -->  PINK REGENCY TEACUP AND SAUCER,0.0136986301369863,0.14012251148545174,5.484072160939892,0.0977618085186017,0.025550814681737654,0.011200736284575987,1.1332418842614875
PACK OF 72 RETROSPOT CAKE CASES,LUNCH BAG RED RETROSPOT,PACK OF 72 RETROSPOT CAKE CASES  -->  LUNCH BAG RED RETROSPOT,0.01070439404147017,0.25117096018735363,5.4796834901625315,0.0426179604261796,0.04583676422885945,0.008750924637500514,1.2742070419836655
LUNCH BAG RED RETROSPOT,PACK OF 72 RETROSPOT CAKE CASES,LUNCH BAG RED RETROSPOT  -->  PACK OF 72 RETROSPOT CAKE CASES,0.01070439404147017,0.2335329341317365,5.4796834901625315,0.04583676422885945,0.0426179604261796,0.008750924637500514,1.2490843797564688
DOTCOM POSTAGE,JUMBO BAG RED RETROSPOT,DOTCOM POSTAGE  -->  JUMBO BAG RED RETROSPOT,0.01576964343638496,0.446643109540636,5.475716090871847,0.03530703395962772,0.08156798163535195,0.012889719938767297,1.6597462400842617
JUMBO BAG RED RETROSPOT,DOTCOM POSTAGE,JUMBO BAG RED RETROSPOT  -->  DOTCOM POSTAGE,0.01576964343638496,0.19333129397369225,5.475716090871847,0.08156798163535195,0.03530703395962772,0.012889719938767297,1.1958973477383301
RECYCLING BAG RETROSPOT,JUMBO STORAGE BAG SUKI,RECYCLING BAG RETROSPOT  -->  JUMBO STORAGE BAG SUKI,0.01240112782892931,0.3165605095541401,5.447314530442797,0.03917458891633605,0.05811313222047559,0.010124569763551496,1.3781569267603482
JUMBO STORAGE BAG SUKI,RECYCLING BAG RETROSPOT,JUMBO STORAGE BAG SUKI  -->  RECYCLING BAG RETROSPOT,0.01240112782892931,0.2133963074280807,5.447314530442796,0.05811313222047559,0.03917458891633605,0.010124569763551496,1.2214860166014483
GREEN REGENCY TEACUP AND SAUCER,REGENCY CAKESTAND 3 TIER,GREEN REGENCY TEACUP AND SAUCER  -->  REGENCY CAKESTAND 3 TIER,0.017765800833395712,0.5313432835820895,5.435080341020776,0.033435636399930135,0.0977618085186017,0.014497072549968152,1.9251579244985246
REGENCY CAKESTAND 3 TIER,GREEN REGENCY TEACUP AND SAUCER,REGENCY CAKESTAND 3 TIER  -->  GREEN REGENCY TEACUP AND SAUCER,0.017765800833395712,0.18172537008677894,5.435080341020775,0.0977618085186017,0.033435636399930135,0.014497072549968152,1.181222450587983
CHARLOTTE BAG SUKI DESIGN,LUNCH BAG BLACK SKULL.,CHARLOTTE BAG SUKI DESIGN  -->  LUNCH BAG BLACK SKULL.,0.01115352945579759,0.31860299358517463,5.4311578791633535,0.0350076103500761,0.05866207550465354,0.009099910374203934,1.3814823306139865
LUNCH BAG BLACK SKULL.,CHARLOTTE BAG SUKI DESIGN,LUNCH BAG BLACK SKULL.  -->  CHARLOTTE BAG SUKI DESIGN,0.01115352945579759,0.1901318587834964,5.4311578791633535,0.05866207550465354,0.0350076103500761,0.009099910374203934,1.1915425987746697
REGENCY CAKESTAND 3 TIER,ROSES REGENCY TEACUP AND SAUCER,REGENCY CAKESTAND 3 TIER  -->  ROSES REGENCY TEACUP AND SAUCER,0.01836464805249894,0.18785094435936703,5.3393633312697535,0.0977618085186017,0.03518227412231455,0.01492516530650427,1.18798109679094
ROSES REGENCY TEACUP AND SAUCER,REGENCY CAKESTAND 3 TIER,ROSES REGENCY TEACUP AND SAUCER  -->  REGENCY CAKESTAND 3 TIER,0.01836464805249894,0.5219858156028369,5.339363331269753,0.03518227412231455,0.0977618085186017,0.01492516530650427,1.8874715875204324
STRAWBERRY CHARLOTTE BAG,LUNCH BAG SUKI DESIGN,STRAWBERRY CHARLOTTE BAG  -->  LUNCH BAG SUKI DESIGN,0.010804201911320708,0.3139956490210297,5.325435305042661,0.03440876313097288,0.05896149911420515,0.008775409654452955,1.3717675398747475
LUNCH BAG SUKI DESIGN,STRAWBERRY CHARLOTTE BAG,LUNCH BAG SUKI DESIGN  -->  STRAWBERRY CHARLOTTE BAG,0.010804201911320708,0.18324164198053322,5.325435305042661,0.05896149911420515,0.03440876313097288,0.008775409654452955,1.182223882239125
DOTCOM POSTAGE,STRAWBERRY CERAMIC TRINKET BOX,DOTCOM POSTAGE  -->  STRAWBERRY CERAMIC TRINKET BOX,0.010679442074007535,0.3024734982332155,5.2477187829838,0.03530703395962772,0.05763904483868553,0.008644378360487561,1.3510038009658156
STRAWBERRY CERAMIC TRINKET BOX,DOTCOM POSTAGE,STRAWBERRY CERAMIC TRINKET BOX  -->  DOTCOM POSTAGE,0.010679442074007535,0.18528138528138527,5.2477187829838,0.05763904483868553,0.03530703395962772,0.008644378360487561,1.1840811644810094
JUMBO SHOPPER VINTAGE RED PAISLEY,RECYCLING BAG RETROSPOT,JUMBO SHOPPER VINTAGE RED PAISLEY  -->  RECYCLING BAG RETROSPOT,0.011178481423260224,0.20437956204379562,5.217146310846623,0.05469471267809467,0.03917458891633605,0.009035838538198752,1.2076429478757977
RECYCLING BAG RETROSPOT,JUMBO SHOPPER VINTAGE RED PAISLEY,RECYCLING BAG RETROSPOT  -->  JUMBO SHOPPER VINTAGE RED PAISLEY,0.011178481423260224,0.28535031847133757,5.217146310846622,0.03917458891633605,0.05469471267809467,0.009035838538198752,1.3227533877855537
JUMBO STORAGE BAG SUKI,LUNCH BAG SUKI DESIGN,JUMBO STORAGE BAG SUKI  -->  LUNCH BAG SUKI DESIGN,0.01786560870324625,0.3074280807213396,5.214047901425784,0.05811313222047559,0.05896149911420515,0.014439171309304992,1.358759248954133
LUNCH BAG SUKI DESIGN,JUMBO STORAGE BAG SUKI,LUNCH BAG SUKI DESIGN  -->  JUMBO STORAGE BAG SUKI,0.01786560870324625,0.30300465509944985,5.214047901425784,0.05896149911420515,0.05811313222047559,0.014439171309304992,1.3513531685264215
CANDLEHOLDER PINK HANGING HEART,WHITE HANGING HEART T-LIGHT HOLDER,CANDLEHOLDER PINK HANGING HEART  -->  WHITE HANGING HEART T-LIGHT HOLDER,0.01047982633430646,0.7070707070707071,5.194733772185651,0.01482146867280485,0.13611298250867082,0.008462432028092161,2.949131542470399
WHITE HANGING HEART T-LIGHT HOLDER,CANDLEHOLDER PINK HANGING HEART,WHITE HANGING HEART T-LIGHT HOLDER  -->  CANDLEHOLDER PINK HANGING HEART,0.01047982633430646,0.076993583868011,5.194733772185651,0.13611298250867082,0.01482146867280485,0.008462432028092161,1.0673582697894437
PARTY BUNTING,DOTCOM POSTAGE,PARTY BUNTING  -->  DOTCOM POSTAGE,0.012201512089228235,0.18287210172026927,5.179480721302637,0.06672156099508446,0.03530703395962772,0.009845771669335417,1.1805899273189726
DOTCOM POSTAGE,PARTY BUNTING,DOTCOM POSTAGE  -->  PARTY BUNTING,0.012201512089228235,0.3455830388692579,5.179480721302636,0.03530703395962772,0.06672156099508446,0.009845771669335417,1.4261220207256537
WHITE HANGING HEART T-LIGHT HOLDER,RED HANGING HEART T-LIGHT HOLDER,WHITE HANGING HEART T-LIGHT HOLDER  -->  RED HANGING HEART T-LIGHT HOLDER,0.03094043965366669,0.22731439046746102,5.1761811515707015,0.13611298250867082,0.0439154627342366,0.02496297504266136,1.2373525861885502
RED HANGING HEART T-LIGHT HOLDER,WHITE HANGING HEART T-LIGHT HOLDER,RED HANGING HEART T-LIGHT HOLDER  -->  WHITE HANGING HEART T-LIGHT HOLDER,0.03094043965366669,0.7045454545454545,5.1761811515707015,0.0439154627342366,0.13611298250867082,0.02496297504266136,2.9239252899706516
WOODLAND CHARLOTTE BAG,LUNCH BAG CARS BLUE,WOODLAND CHARLOTTE BAG  -->  LUNCH BAG CARS BLUE,0.010205354692217481,0.2600127145581691,5.041378597652512,0.03924944481872396,0.051575716745265364,0.00818103644383805,1.2816764583846199
LUNCH BAG CARS BLUE,WOODLAND CHARLOTTE BAG,LUNCH BAG CARS BLUE  -->  WOODLAND CHARLOTTE BAG,0.010205354692217481,0.19787131107885825,5.041378597652512,0.051575716745265364,0.03924944481872396,0.00818103644383805,1.1977511444871518
LUNCH BAG BLACK SKULL.,WOODLAND CHARLOTTE BAG,LUNCH BAG BLACK SKULL.  -->  WOODLAND CHARLOTTE BAG,0.011552760935199741,0.19693747341556786,5.017586218738534,0.05866207550465354,0.03924944481872396,0.009250307039728024,1.1963583449317692
WOODLAND CHARLOTTE BAG,LUNCH BAG BLACK SKULL.,WOODLAND CHARLOTTE BAG  -->  LUNCH BAG BLACK SKULL.,0.011552760935199741,0.29434202161474887,5.017586218738533,0.03924944481872396,0.05866207550465354,0.009250307039728024,1.333986085793856
JUMBO BAG RED RETROSPOT,RED RETROSPOT CHARLOTTE BAG,JUMBO BAG RED RETROSPOT  -->  RED RETROSPOT CHARLOTTE BAG,0.012700551438480924,0.1557051085959009,4.972265846372845,0.08156798163535195,0.03131471916560621,0.010146273000664553,1.147330501104215
RED RETROSPOT CHARLOTTE BAG,JUMBO BAG RED RETROSPOT,RED RETROSPOT CHARLOTTE BAG  -->  JUMBO BAG RED RETROSPOT,0.012700551438480924,0.4055776892430279,4.972265846372845,0.03131471916560621,0.08156798163535195,0.010146273000664553,1.5450833552917336
PACK OF 72 SKULL CAKE CASES,LUNCH BAG BLACK SKULL.,PACK OF 72 SKULL CAKE CASES  -->  LUNCH BAG BLACK SKULL.,0.010629538139082267,0.28764348413234303,4.903397666342795,0.03695386381216159,0.05866207550465354,0.00846174778994456,1.3214421480356475
LUNCH BAG BLACK SKULL.,PACK OF 72 SKULL CAKE CASES,LUNCH BAG BLACK SKULL.  -->  PACK OF 72 SKULL CAKE CASES,0.010629538139082267,0.1811994895789026,4.903397666342795,0.05866207550465354,0.03695386381216159,0.00846174778994456,1.1761669954169394
RECYCLING BAG RETROSPOT,JUMBO BAG RED RETROSPOT,RECYCLING BAG RETROSPOT  -->  JUMBO BAG RED RETROSPOT,0.015594979664146517,0.3980891719745223,4.88045877798193,0.03917458891633605,0.08156798163535195,0.012399587514846357,1.5258606019391507
JUMBO BAG RED RETROSPOT,RECYCLING BAG RETROSPOT,JUMBO BAG RED RETROSPOT  -->  RECYCLING BAG RETROSPOT,0.015594979664146517,0.1911899663505659,4.8804587779819295,0.08156798163535195,0.03917458891633605,0.012399587514846357,1.1879494208897492
WOODLAND CHARLOTTE BAG,JUMBO STORAGE BAG SUKI,WOODLAND CHARLOTTE BAG  -->  JUMBO STORAGE BAG SUKI,0.0106544901065449,0.27145581691036236,4.671161345777841,0.03924944481872396,0.05811313222047559,0.008373581930214135,1.2928342434704991
JUMBO STORAGE BAG SUKI,WOODLAND CHARLOTTE BAG,JUMBO STORAGE BAG SUKI  -->  WOODLAND CHARLOTTE BAG,0.0106544901065449,0.1833404894804637,4.671161345777841,0.05811313222047559,0.03924944481872396,0.008373581930214135,1.1764395599459474
LUNCH BAG SUKI DESIGN,WOODLAND CHARLOTTE BAG,LUNCH BAG SUKI DESIGN  -->  WOODLAND CHARLOTTE BAG,0.010779249943858073,0.18281845112145578,4.6578608172883555,0.05896149911420515,0.03924944481872396,0.008465043837945836,1.1756880175522295
WOODLAND CHARLOTTE BAG,LUNCH BAG SUKI DESIGN,WOODLAND CHARLOTTE BAG  -->  LUNCH BAG SUKI DESIGN,0.010779249943858073,0.27463445645263823,4.657860817288355,0.03924944481872396,0.05896149911420515,0.008465043837945836,1.2973300279521078
LUNCH BAG RED RETROSPOT,JUMBO BAG RED RETROSPOT,LUNCH BAG RED RETROSPOT  -->  JUMBO BAG RED RETROSPOT,0.017316665419068292,0.3777898747958628,4.63159523162857,0.04583676422885945,0.08156798163535195,0.013577853076224729,1.4760801554994387
JUMBO BAG RED RETROSPOT,LUNCH BAG RED RETROSPOT,JUMBO BAG RED RETROSPOT  -->  LUNCH BAG RED RETROSPOT,0.017316665419068292,0.21229733863566838,4.631595231628569,0.08156798163535195,0.04583676422885945,0.013577853076224729,1.2113241233925665
CHARLOTTE BAG SUKI DESIGN,JUMBO BAG RED RETROSPOT,CHARLOTTE BAG SUKI DESIGN  -->  JUMBO BAG RED RETROSPOT,0.012376175861466677,0.353528153955809,4.334153510580286,0.0350076103500761,0.08156798163535195,0.009520675743334112,1.4206837064670357
JUMBO BAG RED RETROSPOT,CHARLOTTE BAG SUKI DESIGN,JUMBO BAG RED RETROSPOT  -->  CHARLOTTE BAG SUKI DESIGN,0.012376175861466677,0.1517283572958091,4.334153510580286,0.08156798163535195,0.0350076103500761,0.009520675743334112,1.1375983129338627
JUMBO BAG RED RETROSPOT,LUNCH BAG PINK POLKADOT,JUMBO BAG RED RETROSPOT  -->  LUNCH BAG PINK POLKADOT,0.010629538139082267,0.13031508106454573,4.077000393305074,0.08156798163535195,0.0319634703196347,0.008022342379048187,1.1130887849191395
LUNCH BAG PINK POLKADOT,JUMBO BAG RED RETROSPOT,LUNCH BAG PINK POLKADOT  -->  JUMBO BAG RED RETROSPOT,0.010629538139082267,0.33255269320843095,4.077000393305074,0.0319634703196347,0.08156798163535195,0.008022342379048187,1.376036743304227
LUNCH BAG WOODLAND,JUMBO STORAGE BAG SUKI,LUNCH BAG WOODLAND  -->  JUMBO STORAGE BAG SUKI,0.011353145195498664,0.23624091381100726,4.065189825162618,0.04805748933303391,0.05811313222047559,0.00856037396370397,1.2332250899682966
JUMBO STORAGE BAG SUKI,LUNCH BAG WOODLAND,JUMBO STORAGE BAG SUKI  -->  LUNCH BAG WOODLAND,0.011353145195498664,0.1953628166595105,4.065189825162618,0.05811313222047559,0.04805748933303391,0.00856037396370397,1.1830704948470459
60 TEATIME FAIRY CAKE CASES,STRAWBERRY CERAMIC TRINKET BOX,60 TEATIME FAIRY CAKE CASES  -->  STRAWBERRY CERAMIC TRINKET BOX,0.01227636799161614,0.231311706629055,4.0131079076072025,0.05307283479302343,0.05763904483868553,0.009217300487264914,1.2259337930447192
STRAWBERRY CERAMIC TRINKET BOX,60 TEATIME FAIRY CAKE CASES,STRAWBERRY CERAMIC TRINKET BOX  -->  60 TEATIME FAIRY CAKE CASES,0.01227636799161614,0.212987012987013,4.0131079076072025,0.05763904483868553,0.05307283479302343,0.009217300487264914,1.2031912825237163
LUNCH BAG CARS BLUE,JUMBO STORAGE BAG SUKI,LUNCH BAG CARS BLUE  -->  JUMBO STORAGE BAG SUKI,0.011877136512213988,0.23028543783260766,3.9627090991916774,0.051575716745265364,0.05811313222047559,0.008879910065630586,1.2236833159649763
JUMBO STORAGE BAG SUKI,LUNCH BAG CARS BLUE,JUMBO STORAGE BAG SUKI  -->  LUNCH BAG CARS BLUE,0.011877136512213988,0.20437956204379562,3.9627090991916774,0.05811313222047559,0.051575716745265364,0.008879910065630586,1.192056209228428
HEART OF WICKER SMALL,NATURAL SLATE HEART CHALKBOARD,HEART OF WICKER SMALL  -->  NATURAL SLATE HEART CHALKBOARD,0.010629538139082267,0.198047419804742,3.8793482128615078,0.05367168201212666,0.05105172542855004,0.007889506165710729,1.1832972397699644
NATURAL SLATE HEART CHALKBOARD,HEART OF WICKER SMALL,NATURAL SLATE HEART CHALKBOARD  -->  HEART OF WICKER SMALL,0.010629538139082267,0.20821114369501467,3.8793482128615073,0.05105172542855004,0.05367168201212666,0.007889506165710729,1.1951776164217216
JUMBO STORAGE BAG SUKI,LUNCH BAG BLACK SKULL.,JUMBO STORAGE BAG SUKI  -->  LUNCH BAG BLACK SKULL.,0.013224542755196246,0.227565478746243,3.879260608980511,0.05811313222047559,0.05866207550465354,0.009815505805066793,1.2186637165923635
LUNCH BAG BLACK SKULL.,JUMBO STORAGE BAG SUKI,LUNCH BAG BLACK SKULL.  -->  JUMBO STORAGE BAG SUKI,0.013224542755196246,0.22543598468736706,3.8792606089805104,0.05866207550465354,0.05811313222047559,0.009815505805066793,1.2160219803128292
LUNCH BAG RED RETROSPOT,JUMBO STORAGE BAG SUKI,LUNCH BAG RED RETROSPOT  -->  JUMBO STORAGE BAG SUKI,0.01025525862714275,0.22373434948285248,3.849979186013001,0.04583676422885945,0.05811313222047559,0.007591540686952275,1.2133563647342123
JUMBO STORAGE BAG SUKI,LUNCH BAG RED RETROSPOT,JUMBO STORAGE BAG SUKI  -->  LUNCH BAG RED RETROSPOT,0.01025525862714275,0.17647058823529413,3.849979186013001,0.05811313222047559,0.04583676422885945,0.007591540686952275,1.158626786293528
REGENCY CAKESTAND 3 TIER,RED RETROSPOT CAKE STAND,REGENCY CAKESTAND 3 TIER  -->  RED RETROSPOT CAKE STAND,0.011128577488334955,0.11383358856559468,3.843394042917724,0.0977618085186017,0.029617985378147065,0.008233069673089797,1.0950336213388305
RED RETROSPOT CAKE STAND,REGENCY CAKESTAND 3 TIER,RED RETROSPOT CAKE STAND  -->  REGENCY CAKESTAND 3 TIER,0.011128577488334955,0.37573715248525696,3.843394042917724,0.029617985378147065,0.0977618085186017,0.008233069673089797,1.4452857399303911
LUNCH BAG SUKI DESIGN,JUMBO SHOPPER VINTAGE RED PAISLEY,LUNCH BAG SUKI DESIGN  -->  JUMBO SHOPPER VINTAGE RED PAISLEY,0.012301319959078773,0.20863309352517986,3.814502047996639,0.05896149911420515,0.05469471267809467,0.009076437705957589,1.1945221357976805
JUMBO SHOPPER VINTAGE RED PAISLEY,LUNCH BAG SUKI DESIGN,JUMBO SHOPPER VINTAGE RED PAISLEY  -->  LUNCH BAG SUKI DESIGN,0.012301319959078773,0.22490875912408756,3.8145020479966387,0.05469471267809467,0.05896149911420515,0.009076437705957589,1.2141002907249336
JUMBO BAG STRAWBERRY,LUNCH BAG SUKI DESIGN,JUMBO BAG STRAWBERRY  -->  LUNCH BAG SUKI DESIGN,0.010105546822366944,0.2183288409703504,3.702905188137424,0.04628589964318686,0.05896149911420515,0.007376460791554993,1.203880289064241
LUNCH BAG SUKI DESIGN,JUMBO BAG STRAWBERRY,LUNCH BAG SUKI DESIGN  -->  JUMBO BAG STRAWBERRY,0.010105546822366944,0.1713922979263648,3.702905188137424,0.05896149911420515,0.04628589964318686,0.007376460791554993,1.150983870859627
STRAWBERRY CHARLOTTE BAG,JUMBO BAG RED RETROSPOT,STRAWBERRY CHARLOTTE BAG  -->  JUMBO BAG RED RETROSPOT,0.010155450757292213,0.2951414068165337,3.618348779744944,0.03440876313097288,0.08156798163535195,0.007348797398129842,1.3030018038321498
JUMBO BAG RED RETROSPOT,STRAWBERRY CHARLOTTE BAG,JUMBO BAG RED RETROSPOT  -->  STRAWBERRY CHARLOTTE BAG,0.010155450757292213,0.12450290608748854,3.618348779744944,0.08156798163535195,0.03440876313097288,0.007348797398129842,1.102906272999598
DOTCOM POSTAGE,REGENCY CAKESTAND 3 TIER,DOTCOM POSTAGE  -->  REGENCY CAKESTAND 3 TIER,0.011827232577288719,0.334982332155477,3.4265152949961846,0.03530703395962772,0.0977618085186017,0.008375553083967827,1.3567131147143237
REGENCY CAKESTAND 3 TIER,DOTCOM POSTAGE,REGENCY CAKESTAND 3 TIER  -->  DOTCOM POSTAGE,0.011827232577288719,0.12098009188361408,3.4265152949961846,0.0977618085186017,0.03530703395962772,0.008375553083967827,1.0974642976034201
JUMBO BAG RED RETROSPOT,WOODLAND CHARLOTTE BAG,JUMBO BAG RED RETROSPOT  -->  WOODLAND CHARLOTTE BAG,0.010904009781171245,0.1336800244723157,3.4059086718226292,0.08156798163535195,0.03924944481872396,0.0077025117869998095,1.1090019650026806
WOODLAND CHARLOTTE BAG,JUMBO BAG RED RETROSPOT,WOODLAND CHARLOTTE BAG  -->  JUMBO BAG RED RETROSPOT,0.010904009781171245,0.27781309599491416,3.4059086718226292,0.03924944481872396,0.08156798163535195,0.0077025117869998095,1.2717372930348514
LUNCH BAG SUKI DESIGN,JUMBO BAG RED RETROSPOT,LUNCH BAG SUKI DESIGN  -->  JUMBO BAG RED RETROSPOT,0.016094019013399206,0.27295810410495136,3.3463878673031924,0.05896149911420515,0.08156798163535195,0.0112846485364589,1.2632449705446236
JUMBO BAG RED RETROSPOT,LUNCH BAG SUKI DESIGN,JUMBO BAG RED RETROSPOT  -->  LUNCH BAG SUKI DESIGN,0.016094019013399206,0.19730804527378404,3.3463878673031924,0.08156798163535195,0.05896149911420515,0.0112846485364589,1.1723532238550547
WOODEN FRAME ANTIQUE WHITE + WOODEN PICTURE FRAME WHITE FINISH,WHITE HANGING HEART T-LIGHT HOLDER,WOODEN FRAME ANTIQUE WHITE + WOODEN PICTURE FRAME WHITE FINISH  -->  WHITE HANGING HEART T-LIGHT HOLDER,0.012650647503555655,0.4551166965888689,3.3436685333074423,0.027796491753374755,0.13611298250867082,0.008867184107726144,1.5854532742756846
WHITE HANGING HEART T-LIGHT HOLDER,WOODEN FRAME ANTIQUE WHITE + WOODEN PICTURE FRAME WHITE FINISH,WHITE HANGING HEART T-LIGHT HOLDER  -->  WOODEN FRAME ANTIQUE WHITE + WOODEN PICTURE FRAME WHITE FINISH,0.012650647503555655,0.09294225481209897,3.343668533307442,0.13611298250867082,0.027796491753374755,0.008867184107726144,1.0718209655386703
WHITE HANGING HEART T-LIGHT HOLDER,HEART IVORY TRELLIS SMALL,WHITE HANGING HEART T-LIGHT HOLDER  -->  HEART IVORY TRELLIS SMALL,0.010953913716096515,0.08047662694775434,3.3284435275388553,0.13611298250867082,0.024178456471292763,0.007662911893332784,1.0612253827649716
HEART IVORY TRELLIS SMALL,WHITE HANGING HEART T-LIGHT HOLDER,HEART IVORY TRELLIS SMALL  -->  WHITE HANGING HEART T-LIGHT HOLDER,0.010953913716096515,0.45304437564499483,3.3284435275388553,0.024178456471292763,0.13611298250867082,0.007662911893332784,1.5794462640549018
WHITE HANGING HEART T-LIGHT HOLDER,LOVEBIRD HANGING DECORATION WHITE,WHITE HANGING HEART T-LIGHT HOLDER  -->  LOVEBIRD HANGING DECORATION WHITE,0.012975023080569904,0.09532538955087076,3.324939631880111,0.13611298250867082,0.02866981061456696,0.009072689649862447,1.0736790644574543
LOVEBIRD HANGING DECORATION WHITE,WHITE HANGING HEART T-LIGHT HOLDER,LOVEBIRD HANGING DECORATION WHITE  -->  WHITE HANGING HEART T-LIGHT HOLDER,0.012975023080569904,0.4525674499564839,3.3249396318801105,0.02866981061456696,0.13611298250867082,0.009072689649862447,1.5780702433983103
WHITE HANGING HEART T-LIGHT HOLDER,CREAM HEART CARD HOLDER,WHITE HANGING HEART T-LIGHT HOLDER  -->  CREAM HEART CARD HOLDER,0.014497093095790604,0.10650779101741521,3.2859990304887985,0.13611298250867082,0.032412605733962124,0.010085316658463375,1.0829276232501512
CREAM HEART CARD HOLDER,WHITE HANGING HEART T-LIGHT HOLDER,CREAM HEART CARD HOLDER  -->  WHITE HANGING HEART T-LIGHT HOLDER,0.014497093095790604,0.4472671285604311,3.2859990304887985,0.032412605733962124,0.13611298250867082,0.010085316658463375,1.5629376542078501
LUNCH BAG SPACEBOY DESIGN,JUMBO STORAGE BAG SUKI,LUNCH BAG SPACEBOY DESIGN  -->  JUMBO STORAGE BAG SUKI,0.010005738952516406,0.19022770398481975,3.2734030453411855,0.052598747411233375,0.05811313222047559,0.006949060989576003,1.1631502737429629
JUMBO STORAGE BAG SUKI,LUNCH BAG SPACEBOY DESIGN,JUMBO STORAGE BAG SUKI  -->  LUNCH BAG SPACEBOY DESIGN,0.010005738952516406,0.17217689995706312,3.2734030453411855,0.05811313222047559,0.052598747411233375,0.006949060989576003,1.1444489197506418
JUMBO BAG RED RETROSPOT,PACK OF 72 RETROSPOT CAKE CASES,JUMBO BAG RED RETROSPOT  -->  PACK OF 72 RETROSPOT CAKE CASES,0.010829153878783342,0.13276231263383298,3.1151728357295814,0.08156798163535195,0.0426179604261796,0.007352892865404569,1.1039442283480843
PACK OF 72 RETROSPOT CAKE CASES,JUMBO BAG RED RETROSPOT,PACK OF 72 RETROSPOT CAKE CASES  -->  JUMBO BAG RED RETROSPOT,0.010829153878783342,0.2540983606557377,3.115172835729581,0.0426179604261796,0.08156798163535195,0.007352892865404569,1.2313044641811763
HEART OF WICKER LARGE + HEART OF WICKER SMALL,WHITE HANGING HEART T-LIGHT HOLDER,HEART OF WICKER LARGE + HEART OF WICKER SMALL  -->  WHITE HANGING HEART T-LIGHT HOLDER,0.010554682236694363,0.4225774225774226,3.104607766202633,0.024976919430097062,0.13611298250867082,0.007154999239185081,1.4961088313301392
WHITE HANGING HEART T-LIGHT HOLDER,HEART OF WICKER LARGE + HEART OF WICKER SMALL,WHITE HANGING HEART T-LIGHT HOLDER  -->  HEART OF WICKER LARGE + HEART OF WICKER SMALL,0.010554682236694363,0.07754353803849678,3.104607766202633,0.13611298250867082,0.024976919430097062,0.007154999239185081,1.0569854738690025
WHITE HANGING HEART T-LIGHT HOLDER,ZINC METAL HEART DECORATION,WHITE HANGING HEART T-LIGHT HOLDER  -->  ZINC METAL HEART DECORATION,0.014721660802954313,0.10815765352887259,3.078575483293059,0.13611298250867082,0.035132370187389274,0.009939689114150049,1.0818813814240065
ZINC METAL HEART DECORATION,WHITE HANGING HEART T-LIGHT HOLDER,ZINC METAL HEART DECORATION  -->  WHITE HANGING HEART T-LIGHT HOLDER,0.014721660802954313,0.41903409090909094,3.0785754832930587,0.035132370187389274,0.13611298250867082,0.009939689114150049,1.4869840105474224
WOODEN PICTURE FRAME WHITE FINISH,WHITE HANGING HEART T-LIGHT HOLDER,WOODEN PICTURE FRAME WHITE FINISH  -->  WHITE HANGING HEART T-LIGHT HOLDER,0.02078498889637448,0.4152542372881356,3.0508055119700472,0.050053646730044664,0.13611298250867082,0.013972037754512721,1.4773720009272004
WHITE HANGING HEART T-LIGHT HOLDER,WOODEN PICTURE FRAME WHITE FINISH,WHITE HANGING HEART T-LIGHT HOLDER  -->  WOODEN PICTURE FRAME WHITE FINISH,0.02078498889637448,0.1527039413382218,3.0508055119700472,0.13611298250867082,0.050053646730044664,0.013972037754512721,1.1211504450643892
JUMBO BAG RED RETROSPOT,LUNCH BAG WOODLAND,JUMBO BAG RED RETROSPOT  -->  LUNCH BAG WOODLAND,0.01177732864236345,0.14438666258794738,3.0044570490847184,0.08156798163535195,0.04805748933303391,0.007857376235005419,1.1125849364927825
LUNCH BAG WOODLAND,JUMBO BAG RED RETROSPOT,LUNCH BAG WOODLAND  -->  JUMBO BAG RED RETROSPOT,0.01177732864236345,0.245067497403946,3.0044570490847184,0.04805748933303391,0.08156798163535195,0.007857376235005419,1.2165750119465695
LUNCH BAG BLACK SKULL.,JUMBO BAG RED RETROSPOT,LUNCH BAG BLACK SKULL.  -->  JUMBO BAG RED RETROSPOT,0.014372333258477431,0.24500212675457253,3.003655623720711,0.05866207550465354,0.08156798163535195,0.009587386161022223,1.2164696761550917
JUMBO BAG RED RETROSPOT,LUNCH BAG BLACK SKULL.,JUMBO BAG RED RETROSPOT  -->  LUNCH BAG BLACK SKULL.,0.014372333258477431,0.17620067298868156,3.003655623720711,0.08156798163535195,0.05866207550465354,0.009587386161022223,1.1426786762626393
WOOD 2 DRAWER CABINET WHITE FINISH,WHITE HANGING HEART T-LIGHT HOLDER,WOOD 2 DRAWER CABINET WHITE FINISH  -->  WHITE HANGING HEART T-LIGHT HOLDER,0.011452953065349204,0.408726625111309,3.002848204323727,0.028021059460538462,0.13611298250867082,0.007638923089122507,1.4610619286788595
WHITE HANGING HEART T-LIGHT HOLDER,WOOD 2 DRAWER CABINET WHITE FINISH,WHITE HANGING HEART T-LIGHT HOLDER  -->  WOOD 2 DRAWER CABINET WHITE FINISH,0.011452953065349204,0.0841429880843263,3.0028482043237266,0.13611298250867082,0.028021059460538462,0.007638923089122507,1.0612780465658052
LUNCH BAG CARS BLUE,JUMBO BAG RED RETROSPOT,LUNCH BAG CARS BLUE  -->  JUMBO BAG RED RETROSPOT,0.012600743568630387,0.24431543299467828,2.9952369556829983,0.051575716745265364,0.08156798163535195,0.008393816452322468,1.2153642650190317
JUMBO BAG RED RETROSPOT,LUNCH BAG CARS BLUE,JUMBO BAG RED RETROSPOT  -->  LUNCH BAG CARS BLUE,0.012600743568630387,0.15448149281125725,2.995236955682998,0.08156798163535195,0.051575716745265364,0.008393816452322468,1.1217073017220431
WHITE HANGING HEART T-LIGHT HOLDER,WOODEN FRAME ANTIQUE WHITE,WHITE HANGING HEART T-LIGHT HOLDER  -->  WOODEN FRAME ANTIQUE WHITE,0.020934700701150284,0.1538038496791934,2.993684741910167,0.13611298250867082,0.051376101005564286,0.013941746363616208,1.1210449239633116
WOODEN FRAME ANTIQUE WHITE,WHITE HANGING HEART T-LIGHT HOLDER,WOODEN FRAME ANTIQUE WHITE  -->  WHITE HANGING HEART T-LIGHT HOLDER,0.020934700701150284,0.40747935891209325,2.9936847419101666,0.051376101005564286,0.13611298250867082,0.013941746363616208,1.4579863680447924
WHITE HANGING HEART T-LIGHT HOLDER,METAL 4 HOOK HANGER FRENCH CHATEAU,WHITE HANGING HEART T-LIGHT HOLDER  -->  METAL 4 HOOK HANGER FRENCH CHATEAU,0.010055642887441674,0.07387717690192483,2.969684672716591,0.13611298250867082,0.024877111560246527,0.006669545036775586,1.0529088195643024
METAL 4 HOOK HANGER FRENCH CHATEAU,WHITE HANGING HEART T-LIGHT HOLDER,METAL 4 HOOK HANGER FRENCH CHATEAU  -->  WHITE HANGING HEART T-LIGHT HOLDER,0.010055642887441674,0.4042126379137412,2.969684672716591,0.024877111560246527,0.13611298250867082,0.006669545036775586,1.449992182556995
WOOD S/3 CABINET ANT WHITE FINISH,WHITE HANGING HEART T-LIGHT HOLDER,WOOD S/3 CABINET ANT WHITE FINISH  -->  WHITE HANGING HEART T-LIGHT HOLDER,0.010679442074007535,0.39925373134328357,2.933252390658987,0.026748509119944107,0.13611298250867082,0.007038622720031562,1.438023109861343
WHITE HANGING HEART T-LIGHT HOLDER,WOOD S/3 CABINET ANT WHITE FINISH,WHITE HANGING HEART T-LIGHT HOLDER  -->  WOOD S/3 CABINET ANT WHITE FINISH,0.010679442074007535,0.07846012832263977,2.933252390658987,0.13611298250867082,0.026748509119944107,0.007038622720031562,1.056114359011479
WHITE HANGING HEART T-LIGHT HOLDER,SINGLE HEART ZINC T-LIGHT HOLDER,WHITE HANGING HEART T-LIGHT HOLDER  -->  SINGLE HEART ZINC T-LIGHT HOLDER,0.011328193228036031,0.08322639780018332,2.9130692966270275,0.13611298250867082,0.02857000274471642,0.007439444944171768,1.0596182033648414
SINGLE HEART ZINC T-LIGHT HOLDER,WHITE HANGING HEART T-LIGHT HOLDER,SINGLE HEART ZINC T-LIGHT HOLDER  -->  WHITE HANGING HEART T-LIGHT HOLDER,0.011328193228036031,0.39650655021834064,2.9130692966270275,0.02857000274471642,0.13611298250867082,0.007439444944171768,1.4314770405608856
LOVE BUILDING BLOCK WORD,WHITE HANGING HEART T-LIGHT HOLDER,LOVE BUILDING BLOCK WORD  -->  WHITE HANGING HEART T-LIGHT HOLDER,0.016767722134890337,0.39622641509433965,2.911011189319129,0.04231853681662799,0.13611298250867082,0.011007619873376109,1.430812872720014
WHITE HANGING HEART T-LIGHT HOLDER,LOVE BUILDING BLOCK WORD,WHITE HANGING HEART T-LIGHT HOLDER  -->  LOVE BUILDING BLOCK WORD,0.016767722134890337,0.1231897341888176,2.911011189319129,0.13611298250867082,0.04231853681662799,0.011007619873376109,1.092233406160421
WHITE HANGING HEART T-LIGHT HOLDER,HEART OF WICKER LARGE,WHITE HANGING HEART T-LIGHT HOLDER  -->  HEART OF WICKER LARGE,0.019063303141452704,0.14005499541704858,2.875504124656279,0.13611298250867082,0.0487062404870624,0.012433751481974065,1.1062262754515189
HEART OF WICKER LARGE,WHITE HANGING HEART T-LIGHT HOLDER,HEART OF WICKER LARGE  -->  WHITE HANGING HEART T-LIGHT HOLDER,0.019063303141452704,0.39139344262295084,2.8755041246562785,0.0487062404870624,0.13611298250867082,0.012433751481974065,1.4194507223426553
WHITE HANGING HEART T-LIGHT HOLDER,HANGING HEART ZINC T-LIGHT HOLDER,WHITE HANGING HEART T-LIGHT HOLDER  -->  HANGING HEART ZINC T-LIGHT HOLDER,0.014696708835491679,0.10797433547204399,2.841291820560149,0.13611298250867082,0.038001846445592236,0.009524164174945587,1.078442237492662
HANGING HEART ZINC T-LIGHT HOLDER,WHITE HANGING HEART T-LIGHT HOLDER,HANGING HEART ZINC T-LIGHT HOLDER  -->  WHITE HANGING HEART T-LIGHT HOLDER,0.014696708835491679,0.386736703873933,2.8412918205601487,0.038001846445592236,0.13611298250867082,0.009524164174945587,1.4086722993996725
REGENCY CAKESTAND 3 TIER,RECIPE BOX PANTRY YELLOW DESIGN,REGENCY CAKESTAND 3 TIER  -->  RECIPE BOX PANTRY YELLOW DESIGN,0.011128577488334955,0.11383358856559468,2.753233994534302,0.0977618085186017,0.041345410085585246,0.007086575424424906,1.081799735969089
RECIPE BOX PANTRY YELLOW DESIGN,REGENCY CAKESTAND 3 TIER,RECIPE BOX PANTRY YELLOW DESIGN  -->  REGENCY CAKESTAND 3 TIER,0.011128577488334955,0.2691611345805673,2.753233994534302,0.041345410085585246,0.0977618085186017,0.007086575424424906,1.234524098500972
REGENCY CAKESTAND 3 TIER,PACK OF 72 RETROSPOT CAKE CASES,REGENCY CAKESTAND 3 TIER  -->  PACK OF 72 RETROSPOT CAKE CASES,0.011253337325648127,0.11510974987238386,2.7009680595055787,0.0977618085186017,0.0426179604261796,0.007086928439010612,1.0819217857081709
PACK OF 72 RETROSPOT CAKE CASES,REGENCY CAKESTAND 3 TIER,PACK OF 72 RETROSPOT CAKE CASES  -->  REGENCY CAKESTAND 3 TIER,0.011253337325648127,0.2640515222482436,2.7009680595055787,0.0426179604261796,0.0977618085186017,0.007086928439010612,1.2259529284409134
WHITE HANGING HEART T-LIGHT HOLDER,BATHROOM METAL SIGN,WHITE HANGING HEART T-LIGHT HOLDER  -->  BATHROOM METAL SIGN,0.013598822267135763,0.09990834097158569,2.6675726722972946,0.13611298250867082,0.03745290316141428,0.00850099591422724,1.0693878642066161
BATHROOM METAL SIGN,WHITE HANGING HEART T-LIGHT HOLDER,BATHROOM METAL SIGN  -->  WHITE HANGING HEART T-LIGHT HOLDER,0.013598822267135763,0.36309127248500994,2.6675726722972946,0.03745290316141428,0.13611298250867082,0.00850099591422724,1.3563749092620134
WHITE HANGING HEART T-LIGHT HOLDER,HEART OF WICKER SMALL,WHITE HANGING HEART T-LIGHT HOLDER  -->  HEART OF WICKER SMALL,0.019462534620854854,0.14298808432630614,2.6641252698955697,0.13611298250867082,0.05367168201212666,0.012157121905927316,1.1042183902938714
HEART OF WICKER SMALL,WHITE HANGING HEART T-LIGHT HOLDER,HEART OF WICKER SMALL  -->  WHITE HANGING HEART T-LIGHT HOLDER,0.019462534620854854,0.3626220362622036,2.6641252698955693,0.05367168201212666,0.13611298250867082,0.012157121905927316,1.3553763491056519
HANGING HEART JAR T-LIGHT HOLDER,WHITE HANGING HEART T-LIGHT HOLDER,HANGING HEART JAR T-LIGHT HOLDER  -->  WHITE HANGING HEART T-LIGHT HOLDER,0.012825311275794097,0.3607017543859649,2.6500172704906166,0.035556553634254064,0.13611298250867082,0.007985602712906256,1.351305159083583
WHITE HANGING HEART T-LIGHT HOLDER,HANGING HEART JAR T-LIGHT HOLDER,WHITE HANGING HEART T-LIGHT HOLDER  -->  HANGING HEART JAR T-LIGHT HOLDER,0.012825311275794097,0.09422548120989917,2.6500172704906166,0.13611298250867082,0.035556553634254064,0.007985602712906256,1.064772110893573
DOTCOM POSTAGE,WHITE HANGING HEART T-LIGHT HOLDER,DOTCOM POSTAGE  -->  WHITE HANGING HEART T-LIGHT HOLDER,0.01272550340594356,0.36042402826855124,2.6479768617632864,0.03530703395962772,0.13611298250867082,0.007919757710163705,1.3507183754146195
WHITE HANGING HEART T-LIGHT HOLDER,DOTCOM POSTAGE,WHITE HANGING HEART T-LIGHT HOLDER  -->  DOTCOM POSTAGE,0.01272550340594356,0.09349220898258478,2.6479768617632864,0.13611298250867082,0.03530703395962772,0.007919757710163705,1.0641860727502994
WHITE HANGING HEART T-LIGHT HOLDER,HOME BUILDING BLOCK WORD,WHITE HANGING HEART T-LIGHT HOLDER  -->  HOME BUILDING BLOCK WORD,0.018539311824737382,0.13620531622364804,2.642158982717881,0.13611298250867082,0.05155076477780273,0.011522583480227715,1.098003093832149
HOME BUILDING BLOCK WORD,WHITE HANGING HEART T-LIGHT HOLDER,HOME BUILDING BLOCK WORD  -->  WHITE HANGING HEART T-LIGHT HOLDER,0.018539311824737382,0.3596321393998064,2.642158982717881,0.05155076477780273,0.13611298250867082,0.011522583480227715,1.349048056037102
WHITE HANGING HEART T-LIGHT HOLDER,POTTERING IN THE SHED METAL SIGN,WHITE HANGING HEART T-LIGHT HOLDER  -->  POTTERING IN THE SHED METAL SIGN,0.010180402724754846,0.07479376718606781,2.6409778039788896,0.13611298250867082,0.028320483070090077,0.006325617307998568,1.0502301891921257
POTTERING IN THE SHED METAL SIGN,WHITE HANGING HEART T-LIGHT HOLDER,POTTERING IN THE SHED METAL SIGN  -->  WHITE HANGING HEART T-LIGHT HOLDER,0.010180402724754846,0.35947136563876647,2.6409778039788896,0.028320483070090077,0.13611298250867082,0.006325617307998568,1.348709442713423
LUNCH BAG SUKI DESIGN,PARTY BUNTING,LUNCH BAG SUKI DESIGN  -->  PARTY BUNTING,0.010380018464455923,0.1760473973762167,2.6385383487833347,0.05896149911420515,0.06672156099508446,0.006446015204945865,1.1326846180629766
PARTY BUNTING,LUNCH BAG SUKI DESIGN,PARTY BUNTING  -->  LUNCH BAG SUKI DESIGN,0.010380018464455923,0.1555721765145849,2.6385383487833347,0.06672156099508446,0.05896149911420515,0.006446015204945865,1.1144096330241875
6 RIBBONS RUSTIC CHARM,REGENCY CAKESTAND 3 TIER,6 RIBBONS RUSTIC CHARM  -->  REGENCY CAKESTAND 3 TIER,0.011178481423260224,0.25585379782981155,2.617114000925308,0.043690895027072886,0.0977618085186017,0.006907180509617198,1.2124474852524394
REGENCY CAKESTAND 3 TIER,6 RIBBONS RUSTIC CHARM,REGENCY CAKESTAND 3 TIER  -->  6 RIBBONS RUSTIC CHARM,0.011178481423260224,0.11434405308831036,2.6171140009253078,0.0977618085186017,0.043690895027072886,0.006907180509617198,1.0797749490731783
REGENCY CAKESTAND 3 TIER,WOODLAND CHARLOTTE BAG,REGENCY CAKESTAND 3 TIER  -->  WOODLAND CHARLOTTE BAG,0.010005738952516406,0.10234813680449209,2.6076327264549457,0.0977618085186017,0.03924944481872396,0.006168642243686891,1.0702930552175831
WOODLAND CHARLOTTE BAG,REGENCY CAKESTAND 3 TIER,WOODLAND CHARLOTTE BAG  -->  REGENCY CAKESTAND 3 TIER,0.010005738952516406,0.25492689129052765,2.6076327264549453,0.03924944481872396,0.0977618085186017,0.006168642243686891,1.2109391426623204
JUMBO BAG RED RETROSPOT,NATURAL SLATE HEART CHALKBOARD,JUMBO BAG RED RETROSPOT  -->  NATURAL SLATE HEART CHALKBOARD,0.0106544901065449,0.13062098501070663,2.5586007899677856,0.08156798163535195,0.05105172542855004,0.006490303904335901,1.0915242468592785
NATURAL SLATE HEART CHALKBOARD,JUMBO BAG RED RETROSPOT,NATURAL SLATE HEART CHALKBOARD  -->  JUMBO BAG RED RETROSPOT,0.0106544901065449,0.20869990224828933,2.5586007899677856,0.05105172542855004,0.08156798163535195,0.006490303904335901,1.1606620812687276
JUMBO BAG RED RETROSPOT,LUNCH BAG SPACEBOY DESIGN,JUMBO BAG RED RETROSPOT  -->  LUNCH BAG SPACEBOY DESIGN,0.01087905781370861,0.13337412052615477,2.53569005138838,0.08156798163535195,0.052598747411233375,0.006588684150826611,1.0932067401033103
LUNCH BAG SPACEBOY DESIGN,JUMBO BAG RED RETROSPOT,LUNCH BAG SPACEBOY DESIGN  -->  JUMBO BAG RED RETROSPOT,0.01087905781370861,0.20683111954459202,2.53569005138838,0.052598747411233375,0.08156798163535195,0.006588684150826611,1.1579274489908362
WHITE HANGING HEART T-LIGHT HOLDER,NATURAL SLATE HEART CHALKBOARD,WHITE HANGING HEART T-LIGHT HOLDER  -->  NATURAL SLATE HEART CHALKBOARD,0.017591137061157273,0.12923923006416133,2.5315350064913944,0.13611298250867082,0.05105172542855004,0.010642334450863575,1.0897921763762652
NATURAL SLATE HEART CHALKBOARD,WHITE HANGING HEART T-LIGHT HOLDER,NATURAL SLATE HEART CHALKBOARD  -->  WHITE HANGING HEART T-LIGHT HOLDER,0.017591137061157273,0.34457478005865105,2.5315350064913944,0.05105172542855004,0.13611298250867082,0.010642334450863575,1.3180558074476207
REGENCY CAKESTAND 3 TIER,PACK OF 60 PINK PAISLEY CAKE CASES,REGENCY CAKESTAND 3 TIER  -->  PACK OF 60 PINK PAISLEY CAKE CASES,0.012051800284452428,0.1232771822358346,2.4789661979255113,0.0977618085186017,0.04972927115303041,0.007190176800220246,1.0838895824228316
PACK OF 60 PINK PAISLEY CAKE CASES,REGENCY CAKESTAND 3 TIER,PACK OF 60 PINK PAISLEY CAKE CASES  -->  REGENCY CAKESTAND 3 TIER,0.012051800284452428,0.24234821876567988,2.478966197925511,0.04972927115303041,0.0977618085186017,0.007190176800220246,1.1908349110082297
WHITE HANGING HEART T-LIGHT HOLDER,SWEETHEART CERAMIC TRINKET BOX,WHITE HANGING HEART T-LIGHT HOLDER  -->  SWEETHEART CERAMIC TRINKET BOX,0.012201512089228235,0.08964252978918423,2.424159019137069,0.13611298250867082,0.036978815779624225,0.007168215183824883,1.0578494885062726
SWEETHEART CERAMIC TRINKET BOX,WHITE HANGING HEART T-LIGHT HOLDER,SWEETHEART CERAMIC TRINKET BOX  -->  WHITE HANGING HEART T-LIGHT HOLDER,0.012201512089228235,0.3299595141700405,2.424159019137069,0.036978815779624225,0.13611298250867082,0.007168215183824883,1.289305699820896
PARTY BUNTING,REGENCY CAKESTAND 3 TIER,PARTY BUNTING  -->  REGENCY CAKESTAND 3 TIER,0.015744691468922326,0.2359760658189978,2.4137858064900395,0.06672156099508446,0.0977618085186017,0.009221870998858676,1.1809030465106505
REGENCY CAKESTAND 3 TIER,PARTY BUNTING,REGENCY CAKESTAND 3 TIER  -->  PARTY BUNTING,0.015744691468922326,0.1610515569167943,2.4137858064900395,0.0977618085186017,0.06672156099508446,0.009221870998858676,1.1124383705571217
WHITE HANGING HEART T-LIGHT HOLDER,GIN + TONIC DIET METAL SIGN,WHITE HANGING HEART T-LIGHT HOLDER  -->  GIN + TONIC DIET METAL SIGN,0.013124734885345709,0.09642529789184233,2.4017629978939494,0.13611298250867082,0.0401477156473788,0.007660109567670949,1.0622832645858284
GIN + TONIC DIET METAL SIGN,WHITE HANGING HEART T-LIGHT HOLDER,GIN + TONIC DIET METAL SIGN  -->  WHITE HANGING HEART T-LIGHT HOLDER,0.013124734885345709,0.32691112492231195,2.4017629978939494,0.0401477156473788,0.13611298250867082,0.007660109567670949,1.2834664922839785
WHITE HANGING HEART T-LIGHT HOLDER,VICTORIAN GLASS HANGING T-LIGHT,WHITE HANGING HEART T-LIGHT HOLDER  -->  VICTORIAN GLASS HANGING T-LIGHT,0.014596900965641141,0.1072410632447296,2.3666850724994646,0.13611298250867082,0.045312772912144125,0.008429244298831094,1.0693673149413252
VICTORIAN GLASS HANGING T-LIGHT,WHITE HANGING HEART T-LIGHT HOLDER,VICTORIAN GLASS HANGING T-LIGHT  -->  WHITE HANGING HEART T-LIGHT HOLDER,0.014596900965641141,0.32213656387665196,2.3666850724994646,0.045312772912144125,0.13611298250867082,0.008429244298831094,1.2744263393698243
HAND OVER THE CHOCOLATE SIGN,WHITE HANGING HEART T-LIGHT HOLDER,HAND OVER THE CHOCOLATE SIGN  -->  WHITE HANGING HEART T-LIGHT HOLDER,0.011627616837587644,0.3191780821917808,2.3449495875343715,0.03642987249544627,0.13611298250867082,0.006669038239821857,1.268888375792093
WHITE HANGING HEART T-LIGHT HOLDER,HAND OVER THE CHOCOLATE SIGN,WHITE HANGING HEART T-LIGHT HOLDER  -->  HAND OVER THE CHOCOLATE SIGN,0.011627616837587644,0.08542621448212648,2.3449495875343715,0.13611298250867082,0.03642987249544627,0.006669038239821857,1.0535728694201925
WHITE HANGING HEART T-LIGHT HOLDER,PLEASE ONE PERSON METAL SIGN,WHITE HANGING HEART T-LIGHT HOLDER  -->  PLEASE ONE PERSON METAL SIGN,0.014372333258477431,0.10559120073327222,2.3379991998825145,0.13611298250867082,0.04516306110736831,0.008225054311932177,1.0675621032300278
PLEASE ONE PERSON METAL SIGN,WHITE HANGING HEART T-LIGHT HOLDER,PLEASE ONE PERSON METAL SIGN  -->  WHITE HANGING HEART T-LIGHT HOLDER,0.014372333258477431,0.31823204419889506,2.3379991998825145,0.04516306110736831,0.13611298250867082,0.008225054311932177,1.2671276350561635
STRAWBERRY CERAMIC TRINKET BOX,WHITE HANGING HEART T-LIGHT HOLDER,STRAWBERRY CERAMIC TRINKET BOX  -->  WHITE HANGING HEART T-LIGHT HOLDER,0.018090176410409962,0.3138528138528139,2.3058257050007738,0.05763904483868553,0.13611298250867082,0.010244754108465466,1.2590403851135459
WHITE HANGING HEART T-LIGHT HOLDER,STRAWBERRY CERAMIC TRINKET BOX,WHITE HANGING HEART T-LIGHT HOLDER  -->  STRAWBERRY CERAMIC TRINKET BOX,0.018090176410409962,0.13290559120073328,2.3058257050007738,0.13611298250867082,0.05763904483868553,0.010244754108465466,1.0868031734471397
JUMBO BAG RED RETROSPOT,HEART OF WICKER SMALL,JUMBO BAG RED RETROSPOT  -->  HEART OF WICKER SMALL,0.010080594854904309,0.12358519424900581,2.3026145187900537,0.08156798163535195,0.05367168201212666,0.005702704082200712,1.0797721715540516
HEART OF WICKER SMALL,JUMBO BAG RED RETROSPOT,HEART OF WICKER SMALL  -->  JUMBO BAG RED RETROSPOT,0.010080594854904309,0.18781961878196185,2.3026145187900533,0.05367168201212666,0.08156798163535195,0.005702704082200712,1.1308227083585334
72 SWEETHEART FAIRY CAKE CASES,WHITE HANGING HEART T-LIGHT HOLDER,72 SWEETHEART FAIRY CAKE CASES  -->  WHITE HANGING HEART T-LIGHT HOLDER,0.01115352945579759,0.3061643835616438,2.249340054995417,0.03642987249544627,0.13611298250867082,0.006194950858031803,1.2450888899677597
WHITE HANGING HEART T-LIGHT HOLDER,72 SWEETHEART FAIRY CAKE CASES,WHITE HANGING HEART T-LIGHT HOLDER  -->  72 SWEETHEART FAIRY CAKE CASES,0.01115352945579759,0.08194317140238312,2.2493400549954163,0.13611298250867082,0.03642987249544627,0.006194950858031803,1.0495756880066576
COOK WITH WINE METAL SIGN,WHITE HANGING HEART T-LIGHT HOLDER,COOK WITH WINE METAL SIGN  -->  WHITE HANGING HEART T-LIGHT HOLDER,0.01087905781370861,0.3059649122807017,2.2478745718558537,0.035556553634254064,0.13611298250867082,0.006039349250820771,1.2447310413803276
WHITE HANGING HEART T-LIGHT HOLDER,COOK WITH WINE METAL SIGN,WHITE HANGING HEART T-LIGHT HOLDER  -->  COOK WITH WINE METAL SIGN,0.01087905781370861,0.07992667277726855,2.2478745718558537,0.13611298250867082,0.035556553634254064,0.006039349250820771,1.0482245467075402
REGENCY CAKESTAND 3 TIER,60 TEATIME FAIRY CAKE CASES,REGENCY CAKESTAND 3 TIER  -->  60 TEATIME FAIRY CAKE CASES,0.011428001097886569,0.11689637570188872,2.202565138225009,0.0977618085186017,0.05307283479302343,0.006239504785311631,1.0722718593297498
60 TEATIME FAIRY CAKE CASES,REGENCY CAKESTAND 3 TIER,60 TEATIME FAIRY CAKE CASES  -->  REGENCY CAKESTAND 3 TIER,0.011428001097886569,0.2153267512929008,2.202565138225009,0.05307283479302343,0.0977618085186017,0.006239504785311631,1.149826622696785
RECYCLING BAG RETROSPOT,WHITE HANGING HEART T-LIGHT HOLDER,RECYCLING BAG RETROSPOT  -->  WHITE HANGING HEART T-LIGHT HOLDER,0.011403049130423934,0.2910828025477707,2.1385381260691116,0.03917458891633605,0.13611298250867082,0.006070878994470315,1.2186007344666547
WHITE HANGING HEART T-LIGHT HOLDER,RECYCLING BAG RETROSPOT,WHITE HANGING HEART T-LIGHT HOLDER  -->  RECYCLING BAG RETROSPOT,0.011403049130423934,0.0837763519706691,2.1385381260691116,0.13611298250867082,0.03917458891633605,0.006070878994470315,1.0486799954904735
STRAWBERRY CERAMIC TRINKET BOX,REGENCY CAKESTAND 3 TIER,STRAWBERRY CERAMIC TRINKET BOX  -->  REGENCY CAKESTAND 3 TIER,0.012026848316989795,0.20865800865800865,2.1343509476740716,0.05763904483868553,0.0977618085186017,0.006391951052275123,1.1401368831083316
REGENCY CAKESTAND 3 TIER,STRAWBERRY CERAMIC TRINKET BOX,REGENCY CAKESTAND 3 TIER  -->  STRAWBERRY CERAMIC TRINKET BOX,0.012026848316989795,0.12302194997447678,2.1343509476740716,0.0977618085186017,0.05763904483868553,0.006391951052275123,1.0745547794883674
JUMBO BAG RED RETROSPOT,PARTY BUNTING,JUMBO BAG RED RETROSPOT  -->  PARTY BUNTING,0.011502857000274471,0.14102171918017742,2.1135854299117316,0.08156798163535195,0.06672156099508446,0.0060605139383454075,1.0864982966905516
PARTY BUNTING,JUMBO BAG RED RETROSPOT,PARTY BUNTING  -->  JUMBO BAG RED RETROSPOT,0.011502857000274471,0.17240089753178758,2.1135854299117316,0.06672156099508446,0.08156798163535195,0.0060605139383454075,1.1097547298269628
60 TEATIME FAIRY CAKE CASES,WHITE HANGING HEART T-LIGHT HOLDER,60 TEATIME FAIRY CAKE CASES  -->  WHITE HANGING HEART T-LIGHT HOLDER,0.015120892282356463,0.2849083215796897,2.0931752161226806,0.05307283479302343,0.13611298250867082,0.00789699044848809,1.2080786891545412
WHITE HANGING HEART T-LIGHT HOLDER,60 TEATIME FAIRY CAKE CASES,WHITE HANGING HEART T-LIGHT HOLDER  -->  60 TEATIME FAIRY CAKE CASES,0.015120892282356463,0.11109074243813014,2.0931752161226806,0.13611298250867082,0.05307283479302343,0.00789699044848809,1.0652686504854727
6 RIBBONS RUSTIC CHARM,WHITE HANGING HEART T-LIGHT HOLDER,6 RIBBONS RUSTIC CHARM  -->  WHITE HANGING HEART T-LIGHT HOLDER,0.012376175861466677,0.2832667047401485,2.0811145235327095,0.043690895027072886,0.13611298250867082,0.006429277830858533,1.205311687352444
WHITE HANGING HEART T-LIGHT HOLDER,6 RIBBONS RUSTIC CHARM,WHITE HANGING HEART T-LIGHT HOLDER  -->  6 RIBBONS RUSTIC CHARM,0.012376175861466677,0.09092575618698441,2.0811145235327095,0.13611298250867082,0.043690895027072886,0.006429277830858533,1.0519592997836897
NATURAL SLATE HEART CHALKBOARD,REGENCY CAKESTAND 3 TIER,NATURAL SLATE HEART CHALKBOARD  -->  REGENCY CAKESTAND 3 TIER,0.010180402724754846,0.19941348973607037,2.0397892874304473,0.05105172542855004,0.0977618085186017,0.005189493718864708,1.1269715139016734
REGENCY CAKESTAND 3 TIER,NATURAL SLATE HEART CHALKBOARD,REGENCY CAKESTAND 3 TIER  -->  NATURAL SLATE HEART CHALKBOARD,0.010180402724754846,0.10413476263399693,2.0397892874304473,0.0977618085186017,0.05105172542855004,0.005189493718864708,1.059253373154114
WHITE HANGING HEART T-LIGHT HOLDER,SCOTTIE DOG HOT WATER BOTTLE,WHITE HANGING HEART T-LIGHT HOLDER  -->  SCOTTIE DOG HOT WATER BOTTLE,0.011278289293110762,0.08285976168652612,1.9661164411550662,0.13611298250867082,0.04214387304438955,0.005541961038572123,1.044394397869849
SCOTTIE DOG HOT WATER BOTTLE,WHITE HANGING HEART T-LIGHT HOLDER,SCOTTIE DOG HOT WATER BOTTLE  -->  WHITE HANGING HEART T-LIGHT HOLDER,0.011278289293110762,0.26761397276494964,1.966116441155066,0.04214387304438955,0.13611298250867082,0.005541961038572123,1.1795514733571986
ASSORTED COLOUR BIRD ORNAMENT,WHITE HANGING HEART T-LIGHT HOLDER,ASSORTED COLOUR BIRD ORNAMENT  -->  WHITE HANGING HEART T-LIGHT HOLDER,0.018639119694587918,0.26612041325258284,1.9551435017275456,0.07004017266761484,0.13611298250867082,0.009105742897376576,1.1771509019893984
WHITE HANGING HEART T-LIGHT HOLDER,ASSORTED COLOUR BIRD ORNAMENT,WHITE HANGING HEART T-LIGHT HOLDER  -->  ASSORTED COLOUR BIRD ORNAMENT,0.018639119694587918,0.1369385884509624,1.9551435017275456,0.13611298250867082,0.07004017266761484,0.009105742897376576,1.0775129265289212
WHITE HANGING HEART T-LIGHT HOLDER,JUMBO BAG STRAWBERRY,WHITE HANGING HEART T-LIGHT HOLDER  -->  JUMBO BAG STRAWBERRY,0.012301319959078773,0.09037580201649861,1.9525558045365041,0.13611298250867082,0.04628589964318686,0.006001208110547586,1.0484704589775122
JUMBO BAG STRAWBERRY,WHITE HANGING HEART T-LIGHT HOLDER,JUMBO BAG STRAWBERRY  -->  WHITE HANGING HEART T-LIGHT HOLDER,0.012301319959078773,0.26576819407008084,1.952555804536504,0.04628589964318686,0.13611298250867082,0.006001208110547586,1.1765862095788662
WHITE HANGING HEART T-LIGHT HOLDER,JUMBO BAG PINK VINTAGE PAISLEY,WHITE HANGING HEART T-LIGHT HOLDER  -->  JUMBO BAG PINK VINTAGE PAISLEY,0.010554682236694363,0.07754353803849678,1.9195258640944013,0.13611298250867082,0.04039723532200514,0.005056094051911618,1.0402688953335577
JUMBO BAG PINK VINTAGE PAISLEY,WHITE HANGING HEART T-LIGHT HOLDER,JUMBO BAG PINK VINTAGE PAISLEY  -->  WHITE HANGING HEART T-LIGHT HOLDER,0.010554682236694363,0.26127239036442246,1.919525864094401,0.04039723532200514,0.13611298250867082,0.005056094051911618,1.1694256532763059
WHITE HANGING HEART T-LIGHT HOLDER,RECIPE BOX PANTRY YELLOW DESIGN,WHITE HANGING HEART T-LIGHT HOLDER  -->  RECIPE BOX PANTRY YELLOW DESIGN,0.010779249943858073,0.07919340054995416,1.915409724707612,0.13611298250867082,0.041345410085585246,0.005151602864064986,1.0411030834129271
RECIPE BOX PANTRY YELLOW DESIGN,WHITE HANGING HEART T-LIGHT HOLDER,RECIPE BOX PANTRY YELLOW DESIGN  -->  WHITE HANGING HEART T-LIGHT HOLDER,0.010779249943858073,0.26071213035606516,1.9154097247076118,0.041345410085585246,0.13611298250867082,0.005151602864064986,1.1685394187617406
WHITE HANGING HEART T-LIGHT HOLDER,JUMBO STORAGE BAG SUKI,WHITE HANGING HEART T-LIGHT HOLDER  -->  JUMBO STORAGE BAG SUKI,0.015145844249819098,0.11127406049495873,1.9147833930684677,0.13611298250867082,0.05811313222047559,0.007235892500369429,1.059817009846804
JUMBO STORAGE BAG SUKI,WHITE HANGING HEART T-LIGHT HOLDER,JUMBO STORAGE BAG SUKI  -->  WHITE HANGING HEART T-LIGHT HOLDER,0.015145844249819098,0.2606268784886217,1.9147833930684677,0.05811313222047559,0.13611298250867082,0.007235892500369429,1.1684046827742771
WHITE HANGING HEART T-LIGHT HOLDER,PACK OF 60 PINK PAISLEY CAKE CASES,WHITE HANGING HEART T-LIGHT HOLDER  -->  PACK OF 60 PINK PAISLEY CAKE CASES,0.012775407340868827,0.09385884509624197,1.8873963547025037,0.13611298250867082,0.04972927115303041,0.00600660792624745,1.0487005514586727
PACK OF 60 PINK PAISLEY CAKE CASES,WHITE HANGING HEART T-LIGHT HOLDER,PACK OF 60 PINK PAISLEY CAKE CASES  -->  WHITE HANGING HEART T-LIGHT HOLDER,0.012775407340868827,0.2568991470145509,1.8873963547025034,0.04972927115303041,0.13611298250867082,0.00600660792624745,1.1625434340717211
PARTY BUNTING,WHITE HANGING HEART T-LIGHT HOLDER,PARTY BUNTING  -->  WHITE HANGING HEART T-LIGHT HOLDER,0.017067145744441948,0.25579655946148094,1.879295822830022,0.06672156099508446,0.13611298250867082,0.007985475079766803,1.1608210476240273
WHITE HANGING HEART T-LIGHT HOLDER,PARTY BUNTING,WHITE HANGING HEART T-LIGHT HOLDER  -->  PARTY BUNTING,0.017067145744441948,0.12538955087076076,1.879295822830022,0.13611298250867082,0.06672156099508446,0.007985475079766803,1.0670789949217805
LUNCH BAG WOODLAND,WHITE HANGING HEART T-LIGHT HOLDER,LUNCH BAG WOODLAND  -->  WHITE HANGING HEART T-LIGHT HOLDER,0.01227636799161614,0.25545171339563866,1.8767622947308908,0.04805748933303391,0.13611298250867082,0.0057351197866182604,1.160283400061576
WHITE HANGING HEART T-LIGHT HOLDER,LUNCH BAG WOODLAND,WHITE HANGING HEART T-LIGHT HOLDER  -->  LUNCH BAG WOODLAND,0.01227636799161614,0.09019248395967003,1.8767622947308908,0.13611298250867082,0.04805748933303391,0.0057351197866182604,1.0463119878477334
WHITE HANGING HEART T-LIGHT HOLDER,JUMBO BAG BAROQUE BLACK WHITE,WHITE HANGING HEART T-LIGHT HOLDER  -->  JUMBO BAG BAROQUE BLACK WHITE,0.01195199241460189,0.08780934922089825,1.8738739556581145,0.13611298250867082,0.04685979489482746,0.0055737659717223385,1.0448914426946776
JUMBO BAG BAROQUE BLACK WHITE,WHITE HANGING HEART T-LIGHT HOLDER,JUMBO BAG BAROQUE BLACK WHITE  -->  WHITE HANGING HEART T-LIGHT HOLDER,0.01195199241460189,0.2550585729499467,1.8738739556581143,0.04685979489482746,0.13611298250867082,0.0055737659717223385,1.1596710642235282
WHITE HANGING HEART T-LIGHT HOLDER,HOT WATER BOTTLE TEA AND SYMPATHY,WHITE HANGING HEART T-LIGHT HOLDER  -->  HOT WATER BOTTLE TEA AND SYMPATHY,0.010030690919979041,0.07369385884509624,1.865716222953204,0.13611298250867082,0.0394989644933503,0.004654369056785041,1.0369153272687066
HOT WATER BOTTLE TEA AND SYMPATHY,WHITE HANGING HEART T-LIGHT HOLDER,HOT WATER BOTTLE TEA AND SYMPATHY  -->  WHITE HANGING HEART T-LIGHT HOLDER,0.010030690919979041,0.2539481996209728,1.8657162229532038,0.0394989644933503,0.13611298250867082,0.004654369056785041,1.1579450877974378
CHOCOLATE HOT WATER BOTTLE,WHITE HANGING HEART T-LIGHT HOLDER,CHOCOLATE HOT WATER BOTTLE  -->  WHITE HANGING HEART T-LIGHT HOLDER,0.010829153878783342,0.25217896571760606,1.8527179484994496,0.04294233600319385,0.13611298250867082,0.0049841444494991526,1.1552055610742638
WHITE HANGING HEART T-LIGHT HOLDER,CHOCOLATE HOT WATER BOTTLE,WHITE HANGING HEART T-LIGHT HOLDER  -->  CHOCOLATE HOT WATER BOTTLE,0.010829153878783342,0.07956003666361136,1.8527179484994494,0.13611298250867082,0.04294233600319385,0.0049841444494991526,1.039782823561557
LUNCH BAG BLACK SKULL.,WHITE HANGING HEART T-LIGHT HOLDER,LUNCH BAG BLACK SKULL.  -->  WHITE HANGING HEART T-LIGHT HOLDER,0.014297477356089527,0.2437260740110591,1.7906159244988478,0.05866207550465354,0.13611298250867082,0.006312807299002292,1.1422938009685686
WHITE HANGING HEART T-LIGHT HOLDER,LUNCH BAG BLACK SKULL.,WHITE HANGING HEART T-LIGHT HOLDER  -->  LUNCH BAG BLACK SKULL.,0.014297477356089527,0.10504124656278642,1.7906159244988478,0.13611298250867082,0.05866207550465354,0.006312807299002292,1.051822691135214
WHITE HANGING HEART T-LIGHT HOLDER,VINTAGE SNAP CARDS,WHITE HANGING HEART T-LIGHT HOLDER  -->  VINTAGE SNAP CARDS,0.011477905032811837,0.0843263061411549,1.7900134381456911,0.13611298250867082,0.0471093145694538,0.0050657157228243,1.040644382186913
VINTAGE SNAP CARDS,WHITE HANGING HEART T-LIGHT HOLDER,VINTAGE SNAP CARDS  -->  WHITE HANGING HEART T-LIGHT HOLDER,0.011477905032811837,0.24364406779661016,1.790013438145691,0.0471093145694538,0.13611298250867082,0.0050657157228243,1.1421699502966594
LUNCH BAG CARS BLUE,WHITE HANGING HEART T-LIGHT HOLDER,LUNCH BAG CARS BLUE  -->  WHITE HANGING HEART T-LIGHT HOLDER,0.012475983731317215,0.24189646831156267,1.7771741082534365,0.051575716745265364,0.13611298250867082,0.005455859100096749,1.139536991164376
WHITE HANGING HEART T-LIGHT HOLDER,LUNCH BAG CARS BLUE,WHITE HANGING HEART T-LIGHT HOLDER  -->  LUNCH BAG CARS BLUE,0.012475983731317215,0.09165902841429881,1.7771741082534365,0.13611298250867082,0.051575716745265364,0.005455859100096749,1.0441280454398745
ASSORTED COLOUR BIRD ORNAMENT,REGENCY CAKESTAND 3 TIER,ASSORTED COLOUR BIRD ORNAMENT  -->  REGENCY CAKESTAND 3 TIER,0.011927040447139258,0.17028856430352693,1.741872075444729,0.07004017266761484,0.0977618085186017,0.005079786498198096,1.0874120238249398
REGENCY CAKESTAND 3 TIER,ASSORTED COLOUR BIRD ORNAMENT,REGENCY CAKESTAND 3 TIER  -->  ASSORTED COLOUR BIRD ORNAMENT,0.011927040447139258,0.12200102092904544,1.741872075444729,0.0977618085186017,0.07004017266761484,0.005079786498198096,1.0591809893861293
WHITE HANGING HEART T-LIGHT HOLDER,LUNCH BAG SUKI DESIGN,WHITE HANGING HEART T-LIGHT HOLDER  -->  LUNCH BAG SUKI DESIGN,0.01397310177907528,0.10265811182401466,1.7411041674020464,0.13611298250867082,0.05896149911420515,0.005947676281458463,1.048695612325232
LUNCH BAG SUKI DESIGN,WHITE HANGING HEART T-LIGHT HOLDER,LUNCH BAG SUKI DESIGN  -->  WHITE HANGING HEART T-LIGHT HOLDER,0.01397310177907528,0.2369868810833686,1.7411041674020462,0.05896149911420515,0.13611298250867082,0.005947676281458463,1.1322046712878595
WHITE HANGING HEART T-LIGHT HOLDER,REX CASH+CARRY JUMBO SHOPPER,WHITE HANGING HEART T-LIGHT HOLDER  -->  REX CASH+CARRY JUMBO SHOPPER,0.010754297976395438,0.07901008249312556,1.6648197035105117,0.13611298250867082,0.04745864211393069,0.004294560652456722,1.0342581821792414
REX CASH+CARRY JUMBO SHOPPER,WHITE HANGING HEART T-LIGHT HOLDER,REX CASH+CARRY JUMBO SHOPPER  -->  WHITE HANGING HEART T-LIGHT HOLDER,0.010754297976395438,0.2266035751840168,1.6648197035105117,0.04745864211393069,0.13611298250867082,0.004294560652456722,1.1170041517800868
LUNCH BAG RED RETROSPOT,WHITE HANGING HEART T-LIGHT HOLDER,LUNCH BAG RED RETROSPOT  -->  WHITE HANGING HEART T-LIGHT HOLDER,0.01025525862714275,0.22373434948285248,1.6437399677771363,0.04583676422885945,0.13611298250867082,0.004016279939405936,1.112875491677119
WHITE HANGING HEART T-LIGHT HOLDER,LUNCH BAG RED RETROSPOT,WHITE HANGING HEART T-LIGHT HOLDER  -->  LUNCH BAG RED RETROSPOT,0.01025525862714275,0.07534372135655362,1.6437399677771363,0.13611298250867082,0.04583676422885945,0.004016279939405936,1.0319112710411522
WHITE HANGING HEART T-LIGHT HOLDER,JUMBO SHOPPER VINTAGE RED PAISLEY,WHITE HANGING HEART T-LIGHT HOLDER  -->  JUMBO SHOPPER VINTAGE RED PAISLEY,0.012126656186840333,0.08909257561869843,1.6289065479336573,0.13611298250867082,0.05469471267809467,0.004681995716770057,1.0377621940714417
JUMBO SHOPPER VINTAGE RED PAISLEY,WHITE HANGING HEART T-LIGHT HOLDER,JUMBO SHOPPER VINTAGE RED PAISLEY  -->  WHITE HANGING HEART T-LIGHT HOLDER,0.012126656186840333,0.22171532846715328,1.6289065479336573,0.05469471267809467,0.13611298250867082,0.004681995716770057,1.1099884773393864
JUMBO BAG RED RETROSPOT,REGENCY CAKESTAND 3 TIER,JUMBO BAG RED RETROSPOT  -->  REGENCY CAKESTAND 3 TIER,0.012975023080569904,0.15907005200367086,1.6271185487879318,0.08156798163535195,0.0977618085186017,0.0050007896786858075,1.072905292089011
REGENCY CAKESTAND 3 TIER,JUMBO BAG RED RETROSPOT,REGENCY CAKESTAND 3 TIER  -->  JUMBO BAG RED RETROSPOT,0.012975023080569904,0.13272077590607453,1.6271185487879318,0.0977618085186017,0.08156798163535195,0.0050007896786858075,1.0589807674963776
WHITE HANGING HEART T-LIGHT HOLDER,JUMBO BAG RED RETROSPOT,WHITE HANGING HEART T-LIGHT HOLDER  -->  JUMBO BAG RED RETROSPOT,0.018040272475484693,0.13253895508707608,1.6248894778295344,0.13611298250867082,0.08156798163535195,0.00693781121788445,1.0587588039262796
JUMBO BAG RED RETROSPOT,WHITE HANGING HEART T-LIGHT HOLDER,JUMBO BAG RED RETROSPOT  -->  WHITE HANGING HEART T-LIGHT HOLDER,0.018040272475484693,0.22116855307433467,1.6248894778295344,0.08156798163535195,0.13611298250867082,0.00693781121788445,1.1092092145244128
WHITE HANGING HEART T-LIGHT HOLDER,LUNCH BAG SPACEBOY DESIGN,WHITE HANGING HEART T-LIGHT HOLDER  -->  LUNCH BAG SPACEBOY DESIGN,0.011278289293110762,0.08285976168652612,1.5753181542271857,0.13611298250867082,0.052598747411233375,0.004118916906747558,1.0329949695925889
LUNCH BAG SPACEBOY DESIGN,WHITE HANGING HEART T-LIGHT HOLDER,LUNCH BAG SPACEBOY DESIGN  -->  WHITE HANGING HEART T-LIGHT HOLDER,0.011278289293110762,0.2144212523719165,1.5753181542271855,0.052598747411233375,0.13611298250867082,0.004118916906747558,1.099682266226885
PAPER CHAIN KIT 50'S CHRISTMAS,WHITE HANGING HEART T-LIGHT HOLDER,PAPER CHAIN KIT 50'S CHRISTMAS  -->  WHITE HANGING HEART T-LIGHT HOLDER,0.010779249943858073,0.21407333994053518,1.5727620980379153,0.050353070339596274,0.13611298250867082,0.003925543361466733,1.0991954610955248
WHITE HANGING HEART T-LIGHT HOLDER,PAPER CHAIN KIT 50'S CHRISTMAS,WHITE HANGING HEART T-LIGHT HOLDER  -->  PAPER CHAIN KIT 50'S CHRISTMAS,0.010779249943858073,0.07919340054995416,1.5727620980379153,0.13611298250867082,0.050353070339596274,0.003925543361466733,1.0313207249248462
REGENCY CAKESTAND 3 TIER,WHITE HANGING HEART T-LIGHT HOLDER,REGENCY CAKESTAND 3 TIER  -->  WHITE HANGING HEART T-LIGHT HOLDER,0.019088255108915337,0.19525267993874423,1.4344897624023927,0.0977618085186017,0.13611298250867082,0.005781603776006878,1.0734885298227173
WHITE HANGING HEART T-LIGHT HOLDER,REGENCY CAKESTAND 3 TIER,WHITE HANGING HEART T-LIGHT HOLDER  -->  REGENCY CAKESTAND 3 TIER,0.019088255108915337,0.14023831347387716,1.4344897624023927,0.13611298250867082,0.0977618085186017,0.005781603776006878,1.04940497537975
