antecedents,consequents,rule,support,confidence,lift,antecedent support,consequent support,leverage,conviction
POPPY'S PLAYHOUSE LIVINGROOM,POPPY'S PLAYHOUSE BEDROOM + POPPY'S PLAYHOUSE KITCHEN,POPPY'S PLAYHOUSE LIVINGROOM  -->  POPPY'S PLAYHOUSE BEDROOM + POPPY'S PLAYHOUSE KITCHEN,0.010346833969996711,0.725177304964539,51.464153838318246,0.014268005767917225,0.014090920589946621,0.01014578463374409,3.5874369083049684
POPPY'S PLAYHOUSE BEDROOM + POPPY'S PLAYHOUSE KITCHEN,POPPY'S PLAYHOUSE LIVINGROOM,POPPY'S PLAYHOUSE BEDROOM + POPPY'S PLAYHOUSE KITCHEN  -->  POPPY'S PLAYHOUSE LIVINGROOM,0.010346833969996711,0.7342908438061041,51.464153838318246,0.014090920589946621,0.014268005767917225,0.01014578463374409,3.7098156809950678
POPPY'S PLAYHOUSE KITCHEN + POPPY'S PLAYHOUSE LIVINGROOM,POPPY'S PLAYHOUSE BEDROOM,POPPY'S PLAYHOUSE KITCHEN + POPPY'S PLAYHOUSE LIVINGROOM  -->  POPPY'S PLAYHOUSE BEDROOM,0.010346833969996711,0.8628691983122362,48.51828810822814,0.011991196336866605,0.017784411444762074,0.010133577600626952,7.162618291925884
POPPY'S PLAYHOUSE BEDROOM,POPPY'S PLAYHOUSE KITCHEN + POPPY'S PLAYHOUSE LIVINGROOM,POPPY'S PLAYHOUSE BEDROOM  -->  POPPY'S PLAYHOUSE KITCHEN + POPPY'S PLAYHOUSE LIVINGROOM,0.010346833969996711,0.5817923186344238,48.51828810822814,0.017784411444762074,0.011991196336866605,0.010133577600626952,2.3624836359700088
POPPY'S PLAYHOUSE KITCHEN,POPPY'S PLAYHOUSE BEDROOM + POPPY'S PLAYHOUSE LIVINGROOM,POPPY'S PLAYHOUSE KITCHEN  -->  POPPY'S PLAYHOUSE BEDROOM + POPPY'S PLAYHOUSE LIVINGROOM,0.010346833969996711,0.5512129380053908,47.264416977039254,0.01877102886488401,0.011662323863492625,0.010127920152123465,2.2022419089888543
POPPY'S PLAYHOUSE BEDROOM + POPPY'S PLAYHOUSE LIVINGROOM,POPPY'S PLAYHOUSE KITCHEN,POPPY'S PLAYHOUSE BEDROOM + POPPY'S PLAYHOUSE LIVINGROOM  -->  POPPY'S PLAYHOUSE KITCHEN,0.010346833969996711,0.8872017353579176,47.26441697703925,0.011662323863492625,0.01877102886488401,0.010127920152123465,8.698972224870932
POPPY'S PLAYHOUSE BEDROOM,POPPY'S PLAYHOUSE LIVINGROOM,POPPY'S PLAYHOUSE BEDROOM  -->  POPPY'S PLAYHOUSE LIVINGROOM,0.011662323863492625,0.6557610241820767,45.96024383846332,0.017784411444762074,0.014268005767917225,0.011408575778419746,2.8635107105171653
POPPY'S PLAYHOUSE LIVINGROOM,POPPY'S PLAYHOUSE BEDROOM,POPPY'S PLAYHOUSE LIVINGROOM  -->  POPPY'S PLAYHOUSE BEDROOM,0.011662323863492625,0.8173758865248227,45.96024383846332,0.014268005767917225,0.017784411444762074,0.011408575778419746,5.378345552865576
POPPY'S PLAYHOUSE KITCHEN,POPPY'S PLAYHOUSE LIVINGROOM,POPPY'S PLAYHOUSE KITCHEN  -->  POPPY'S PLAYHOUSE LIVINGROOM,0.011991196336866605,0.6388140161725068,44.772480931352874,0.01877102886488401,0.014268005767917225,0.011723371188752699,2.7291535064186774
POPPY'S PLAYHOUSE LIVINGROOM,POPPY'S PLAYHOUSE KITCHEN,POPPY'S PLAYHOUSE LIVINGROOM  -->  POPPY'S PLAYHOUSE KITCHEN,0.011991196336866605,0.8404255319148937,44.772480931352874,0.014268005767917225,0.01877102886488401,0.011723371188752699,6.149034885780062
POPPY'S PLAYHOUSE BEDROOM,POPPY'S PLAYHOUSE KITCHEN,POPPY'S PLAYHOUSE BEDROOM  -->  POPPY'S PLAYHOUSE KITCHEN,0.014090920589946621,0.7923186344238975,42.20965404331839,0.017784411444762074,0.01877102886488401,0.013757088889372018,4.724684703479358
POPPY'S PLAYHOUSE KITCHEN,POPPY'S PLAYHOUSE BEDROOM,POPPY'S PLAYHOUSE KITCHEN  -->  POPPY'S PLAYHOUSE BEDROOM,0.014090920589946621,0.7506738544474393,42.20965404331839,0.01877102886488401,0.017784411444762074,0.013757088889372018,3.9394809011242504
WOODEN TREE CHRISTMAS SCANDINAVIAN,WOODEN STAR CHRISTMAS SCANDINAVIAN,WOODEN TREE CHRISTMAS SCANDINAVIAN  -->  WOODEN STAR CHRISTMAS SCANDINAVIAN,0.011004578916744669,0.790909090909091,40.814419653453605,0.013913835411976017,0.019378178046497507,0.010734954136821736,4.689930452821101
WOODEN STAR CHRISTMAS SCANDINAVIAN,WOODEN TREE CHRISTMAS SCANDINAVIAN,WOODEN STAR CHRISTMAS SCANDINAVIAN  -->  WOODEN TREE CHRISTMAS SCANDINAVIAN,0.011004578916744669,0.5678851174934727,40.814419653453605,0.019378178046497507,0.013913835411976017,0.010734954136821736,2.28200000626715
SMALL MARSHMALLOWS PINK BOWL,SMALL DOLLY MIX DESIGN ORANGE BOWL,SMALL MARSHMALLOWS PINK BOWL  -->  SMALL DOLLY MIX DESIGN ORANGE BOWL,0.011561132333223709,0.744299674267101,40.13836538076976,0.01553289989627868,0.018543347921778947,0.01127310036621285,3.83830818073903
SMALL DOLLY MIX DESIGN ORANGE BOWL,SMALL MARSHMALLOWS PINK BOWL,SMALL DOLLY MIX DESIGN ORANGE BOWL  -->  SMALL MARSHMALLOWS PINK BOWL,0.011561132333223709,0.6234652114597544,40.13836538076976,0.018543347921778947,0.01553289989627868,0.01127310036621285,2.6145448709276367
FELTCRAFT PRINCESS LOLA DOLL,FELTCRAFT PRINCESS CHARLOTTE DOLL,FELTCRAFT PRINCESS LOLA DOLL  -->  FELTCRAFT PRINCESS CHARLOTTE DOLL,0.010144450909458879,0.6197836166924267,35.765586254357565,0.016367730020997243,0.01732904955855195,0.00986081370476402,2.584504491608199
FELTCRAFT PRINCESS CHARLOTTE DOLL,FELTCRAFT PRINCESS LOLA DOLL,FELTCRAFT PRINCESS CHARLOTTE DOLL  -->  FELTCRAFT PRINCESS LOLA DOLL,0.010144450909458879,0.5854014598540146,35.765586254357565,0.01732904955855195,0.016367730020997243,0.00986081370476402,2.3724933272380877
WOODEN HEART CHRISTMAS SCANDINAVIAN,WOODEN STAR CHRISTMAS SCANDINAVIAN,WOODEN HEART CHRISTMAS SCANDINAVIAN  -->  WOODEN STAR CHRISTMAS SCANDINAVIAN,0.013913835411976017,0.6618531889290011,34.15456227829568,0.021022540413367402,0.019378178046497507,0.013506456880856095,2.8999883773785067
WOODEN STAR CHRISTMAS SCANDINAVIAN,WOODEN HEART CHRISTMAS SCANDINAVIAN,WOODEN STAR CHRISTMAS SCANDINAVIAN  -->  WOODEN HEART CHRISTMAS SCANDINAVIAN,0.013913835411976017,0.7180156657963447,34.15456227829568,0.019378178046497507,0.021022540413367402,0.013506456880856095,3.471744139089633
"KEY FOB , SHED","KEY FOB , BACK DOOR","KEY FOB , SHED  -->  KEY FOB , BACK DOOR",0.012168281514837209,0.5760479041916168,33.09679884417212,0.021123731943636318,0.01740494320625364,0.011800624160054092,2.3177030294428764
"KEY FOB , BACK DOOR","KEY FOB , SHED","KEY FOB , BACK DOOR  -->  KEY FOB , SHED",0.012168281514837209,0.6991279069767442,33.09679884417212,0.01740494320625364,0.021123731943636318,0.011800624160054092,3.2534631518008608
GARDENERS KNEELING PAD CUP OF TEA,GARDENERS KNEELING PAD KEEP CALM,GARDENERS KNEELING PAD CUP OF TEA  -->  GARDENERS KNEELING PAD KEEP CALM,0.013812643881707101,0.7203166226912929,31.186632835009988,0.019175794985959674,0.02309696678388019,0.013369741181861895,3.492889147065184
GARDENERS KNEELING PAD KEEP CALM,GARDENERS KNEELING PAD CUP OF TEA,GARDENERS KNEELING PAD KEEP CALM  -->  GARDENERS KNEELING PAD CUP OF TEA,0.013812643881707101,0.5980284775465498,31.18663283500998,0.02309696678388019,0.019175794985959674,0.013369741181861895,2.440034057705228
SET/6 RED SPOTTY PAPER CUPS,SET/6 RED SPOTTY PAPER PLATES,SET/6 RED SPOTTY PAPER CUPS  -->  SET/6 RED SPOTTY PAPER PLATES,0.01646892155126616,0.7722419928825622,31.022310707982523,0.02132611500417415,0.024893116446153458,0.01593804808712319,4.281328660603607
SET/6 RED SPOTTY PAPER PLATES,SET/6 RED SPOTTY PAPER CUPS,SET/6 RED SPOTTY PAPER PLATES  -->  SET/6 RED SPOTTY PAPER CUPS,0.01646892155126616,0.6615853658536585,31.02231070798252,0.024893116446153458,0.02132611500417415,0.01593804808712319,2.891937245753431
FELTCRAFT CUSHION RABBIT,FELTCRAFT CUSHION BUTTERFLY,FELTCRAFT CUSHION RABBIT  -->  FELTCRAFT CUSHION BUTTERFLY,0.012421260340509499,0.6084262701363073,30.676635245176136,0.020415391231753902,0.019833539932707634,0.012016350863272659,2.503146624285775
FELTCRAFT CUSHION BUTTERFLY,FELTCRAFT CUSHION RABBIT,FELTCRAFT CUSHION BUTTERFLY  -->  FELTCRAFT CUSHION RABBIT,0.012421260340509499,0.6262755102040816,30.676635245176133,0.019833539932707634,0.020415391231753902,0.012016350863272659,2.621141069195579
PINK REGENCY TEACUP AND SAUCER + REGENCY CAKESTAND 3 TIER,GREEN REGENCY TEACUP AND SAUCER + ROSES REGENCY TEACUP AND SAUCER,PINK REGENCY TEACUP AND SAUCER + REGENCY CAKESTAND 3 TIER  -->  GREEN REGENCY TEACUP AND SAUCER + ROSES REGENCY TEACUP AND SAUCER,0.010751600091072377,0.7741347905282331,29.91278019041107,0.013888537529408789,0.025879733866275394,0.0103921684360195,4.312838920221086
GREEN REGENCY TEACUP AND SAUCER + ROSES REGENCY TEACUP AND SAUCER,PINK REGENCY TEACUP AND SAUCER + REGENCY CAKESTAND 3 TIER,GREEN REGENCY TEACUP AND SAUCER + ROSES REGENCY TEACUP AND SAUCER  -->  PINK REGENCY TEACUP AND SAUCER + REGENCY CAKESTAND 3 TIER,0.010751600091072377,0.4154447702834799,29.91278019041107,0.025879733866275394,0.013888537529408789,0.0103921684360195,1.6869431874705934
RED SPOT CERAMIC DRAWER KNOB,RED STRIPE CERAMIC DRAWER KNOB,RED SPOT CERAMIC DRAWER KNOB  -->  RED STRIPE CERAMIC DRAWER KNOB,0.011409345037820335,0.6203576341127924,29.723778083447968,0.01839156062637557,0.020870753117964026,0.011025499316533183,2.579083197403045
RED STRIPE CERAMIC DRAWER KNOB,RED SPOT CERAMIC DRAWER KNOB,RED STRIPE CERAMIC DRAWER KNOB  -->  RED SPOT CERAMIC DRAWER KNOB,0.011409345037820335,0.5466666666666667,29.723778083447968,0.020870753117964026,0.01839156062637557,0.011025499316533183,2.165312733912407
BLUE STRIPE CERAMIC DRAWER KNOB,RED STRIPE CERAMIC DRAWER KNOB,BLUE STRIPE CERAMIC DRAWER KNOB  -->  RED STRIPE CERAMIC DRAWER KNOB,0.012573047635912875,0.6173913043478262,29.581649538866934,0.020364795466619443,0.020870753117964026,0.012148019017431228,2.5590878043507765
RED STRIPE CERAMIC DRAWER KNOB,BLUE STRIPE CERAMIC DRAWER KNOB,RED STRIPE CERAMIC DRAWER KNOB  -->  BLUE STRIPE CERAMIC DRAWER KNOB,0.012573047635912875,0.6024242424242424,29.58164953886693,0.020870753117964026,0.020364795466619443,0.012148019017431228,2.464021474817192
GREEN REGENCY TEACUP AND SAUCER + REGENCY CAKESTAND 3 TIER,PINK REGENCY TEACUP AND SAUCER + ROSES REGENCY TEACUP AND SAUCER,GREEN REGENCY TEACUP AND SAUCER + REGENCY CAKESTAND 3 TIER  -->  PINK REGENCY TEACUP AND SAUCER + ROSES REGENCY TEACUP AND SAUCER,0.010751600091072377,0.5969101123595506,29.34733809883169,0.018012092387867135,0.020339497584052214,0.010385243181465628,2.430377274286254
PINK REGENCY TEACUP AND SAUCER + ROSES REGENCY TEACUP AND SAUCER,GREEN REGENCY TEACUP AND SAUCER + REGENCY CAKESTAND 3 TIER,PINK REGENCY TEACUP AND SAUCER + ROSES REGENCY TEACUP AND SAUCER  -->  GREEN REGENCY TEACUP AND SAUCER + REGENCY CAKESTAND 3 TIER,0.010751600091072377,0.5286069651741293,29.347338098831685,0.020339497584052214,0.018012092387867135,0.010385243181465628,2.0831616826389308
BLUE HAPPY BIRTHDAY BUNTING,PINK HAPPY BIRTHDAY BUNTING,BLUE HAPPY BIRTHDAY BUNTING  -->  PINK HAPPY BIRTHDAY BUNTING,0.011333451390118647,0.6492753623188406,29.09887278582931,0.017455538971388095,0.022312732424296086,0.010943970619728191,2.787620721600148
PINK HAPPY BIRTHDAY BUNTING,BLUE HAPPY BIRTHDAY BUNTING,PINK HAPPY BIRTHDAY BUNTING  -->  BLUE HAPPY BIRTHDAY BUNTING,0.011333451390118647,0.5079365079365079,29.098872785829307,0.022312732424296086,0.017455538971388095,0.010943970619728191,1.9967839046710498
BLUE SPOT CERAMIC DRAWER KNOB,WHITE SPOT BLUE CERAMIC DRAWER KNOB,BLUE SPOT CERAMIC DRAWER KNOB  -->  WHITE SPOT BLUE CERAMIC DRAWER KNOB,0.010827493738774065,0.5580182529335072,28.90944104876619,0.019403475929064738,0.019302284398795822,0.010452962328066069,2.2188647429679165
WHITE SPOT BLUE CERAMIC DRAWER KNOB,BLUE SPOT CERAMIC DRAWER KNOB,WHITE SPOT BLUE CERAMIC DRAWER KNOB  -->  BLUE SPOT CERAMIC DRAWER KNOB,0.010827493738774065,0.5609436435124509,28.90944104876619,0.019302284398795822,0.019403475929064738,0.010452962328066069,2.233418351839175
RED SPOT CERAMIC DRAWER KNOB,BLUE SPOT CERAMIC DRAWER KNOB,RED SPOT CERAMIC DRAWER KNOB  -->  BLUE SPOT CERAMIC DRAWER KNOB,0.010296238204862253,0.5598349381017882,28.85230152311028,0.01839156062637557,0.019403475929064738,0.00993937800095044,2.227792728123656
BLUE SPOT CERAMIC DRAWER KNOB,RED SPOT CERAMIC DRAWER KNOB,BLUE SPOT CERAMIC DRAWER KNOB  -->  RED SPOT CERAMIC DRAWER KNOB,0.010296238204862253,0.5306388526727509,28.852301523110278,0.019403475929064738,0.01839156062637557,0.00993937800095044,2.0913713138876937
PINK REGENCY TEACUP AND SAUCER,GREEN REGENCY TEACUP AND SAUCER + REGENCY CAKESTAND 3 TIER + ROSES REGENCY TEACUP AND SAUCER,PINK REGENCY TEACUP AND SAUCER  -->  GREEN REGENCY TEACUP AND SAUCER + REGENCY CAKESTAND 3 TIER + ROSES REGENCY TEACUP AND SAUCER,0.010751600091072377,0.4150390625,28.782594915021928,0.025905031748842622,0.0144197930633206,0.010378054893955317,1.6848649948299828
GREEN REGENCY TEACUP AND SAUCER + REGENCY CAKESTAND 3 TIER + ROSES REGENCY TEACUP AND SAUCER,PINK REGENCY TEACUP AND SAUCER,GREEN REGENCY TEACUP AND SAUCER + REGENCY CAKESTAND 3 TIER + ROSES REGENCY TEACUP AND SAUCER  -->  PINK REGENCY TEACUP AND SAUCER,0.010751600091072377,0.7456140350877193,28.782594915021928,0.0144197930633206,0.025905031748842622,0.010378054893955317,3.8292009096769632
CHARLOTTE BAG SUKI DESIGN + RED RETROSPOT CHARLOTTE BAG,CHARLOTTE BAG PINK POLKADOT,CHARLOTTE BAG SUKI DESIGN + RED RETROSPOT CHARLOTTE BAG  -->  CHARLOTTE BAG PINK POLKADOT,0.010346833969996711,0.6586151368760064,28.735538350520592,0.015709985074249287,0.022919881605909586,0.00998676297206431,2.8621073279374056
CHARLOTTE BAG PINK POLKADOT,CHARLOTTE BAG SUKI DESIGN + RED RETROSPOT CHARLOTTE BAG,CHARLOTTE BAG PINK POLKADOT  -->  CHARLOTTE BAG SUKI DESIGN + RED RETROSPOT CHARLOTTE BAG,0.010346833969996711,0.45143487858719644,28.735538350520592,0.022919881605909586,0.015709985074249287,0.00998676297206431,1.7942993028626362
WHITE SPOT RED CERAMIC DRAWER KNOB,RED SPOT CERAMIC DRAWER KNOB,WHITE SPOT RED CERAMIC DRAWER KNOB  -->  RED SPOT CERAMIC DRAWER KNOB,0.010776897973639607,0.5226993865030676,28.42061079653337,0.020617774292291734,0.01839156062637557,0.010397704927761996,2.0565832341632495
RED SPOT CERAMIC DRAWER KNOB,WHITE SPOT RED CERAMIC DRAWER KNOB,RED SPOT CERAMIC DRAWER KNOB  -->  WHITE SPOT RED CERAMIC DRAWER KNOB,0.010776897973639607,0.5859697386519945,28.420610796533364,0.01839156062637557,0.020617774292291734,0.010397704927761996,2.365484644815628
JUMBO BAG APPLES,JUMBO BAG PEARS,JUMBO BAG APPLES  -->  JUMBO BAG PEARS,0.010270940322295023,0.4151329243353783,27.579477926139777,0.024741329150750082,0.015052240127501329,0.009898527894844385,1.6840540369847967
JUMBO BAG PEARS,JUMBO BAG APPLES,JUMBO BAG PEARS  -->  JUMBO BAG APPLES,0.010270940322295023,0.6823529411764705,27.579477926139777,0.015052240127501329,0.024741329150750082,0.009898527894844385,3.0702587785994897
PINK REGENCY TEACUP AND SAUCER,GREEN REGENCY TEACUP AND SAUCER + ROSES REGENCY TEACUP AND SAUCER,PINK REGENCY TEACUP AND SAUCER  -->  GREEN REGENCY TEACUP AND SAUCER + ROSES REGENCY TEACUP AND SAUCER,0.018366262743808343,0.708984375,27.395350302419352,0.025905031748842622,0.025879733866275394,0.01769584741635088,3.3473125923521274
GREEN REGENCY TEACUP AND SAUCER + ROSES REGENCY TEACUP AND SAUCER,PINK REGENCY TEACUP AND SAUCER,GREEN REGENCY TEACUP AND SAUCER + ROSES REGENCY TEACUP AND SAUCER  -->  PINK REGENCY TEACUP AND SAUCER,0.018366262743808343,0.7096774193548386,27.395350302419352,0.025879733866275394,0.025905031748842622,0.01769584741635088,3.355216001753986
PINK REGENCY TEACUP AND SAUCER + REGENCY CAKESTAND 3 TIER + ROSES REGENCY TEACUP AND SAUCER,GREEN REGENCY TEACUP AND SAUCER,PINK REGENCY TEACUP AND SAUCER + REGENCY CAKESTAND 3 TIER + ROSES REGENCY TEACUP AND SAUCER  -->  GREEN REGENCY TEACUP AND SAUCER,0.010751600091072377,0.915948275862069,27.019790594441588,0.011738217511194313,0.03389916264008702,0.010353684346555684,11.494122782948706
GREEN REGENCY TEACUP AND SAUCER,PINK REGENCY TEACUP AND SAUCER + REGENCY CAKESTAND 3 TIER + ROSES REGENCY TEACUP AND SAUCER,GREEN REGENCY TEACUP AND SAUCER  -->  PINK REGENCY TEACUP AND SAUCER + REGENCY CAKESTAND 3 TIER + ROSES REGENCY TEACUP AND SAUCER,0.010751600091072377,0.31716417910447764,27.019790594441588,0.03389916264008702,0.011738217511194313,0.010353684346555684,1.4472904792732237
REGENCY CAKESTAND 3 TIER + ROSES REGENCY TEACUP AND SAUCER,GREEN REGENCY TEACUP AND SAUCER + PINK REGENCY TEACUP AND SAUCER,REGENCY CAKESTAND 3 TIER + ROSES REGENCY TEACUP AND SAUCER  -->  GREEN REGENCY TEACUP AND SAUCER + PINK REGENCY TEACUP AND SAUCER,0.010751600091072377,0.5774456521739131,26.728160637918748,0.018619241569480634,0.02160439171241367,0.010349342702817262,2.3154314073944167
GREEN REGENCY TEACUP AND SAUCER + PINK REGENCY TEACUP AND SAUCER,REGENCY CAKESTAND 3 TIER + ROSES REGENCY TEACUP AND SAUCER,GREEN REGENCY TEACUP AND SAUCER + PINK REGENCY TEACUP AND SAUCER  -->  REGENCY CAKESTAND 3 TIER + ROSES REGENCY TEACUP AND SAUCER,0.010751600091072377,0.49765807962529274,26.728160637918744,0.02160439171241367,0.018619241569480634,0.010349342702817262,1.9536111135190293
GREEN REGENCY TEACUP AND SAUCER,PINK REGENCY TEACUP AND SAUCER + ROSES REGENCY TEACUP AND SAUCER,GREEN REGENCY TEACUP AND SAUCER  -->  PINK REGENCY TEACUP AND SAUCER + ROSES REGENCY TEACUP AND SAUCER,0.018366262743808343,0.5417910447761194,26.63738583203386,0.03389916264008702,0.020339497584052214,0.0176767708071889,2.138021291917541
PINK REGENCY TEACUP AND SAUCER + ROSES REGENCY TEACUP AND SAUCER,GREEN REGENCY TEACUP AND SAUCER,PINK REGENCY TEACUP AND SAUCER + ROSES REGENCY TEACUP AND SAUCER  -->  GREEN REGENCY TEACUP AND SAUCER,0.018366262743808343,0.9029850746268656,26.63738583203386,0.020339497584052214,0.03389916264008702,0.0176767708071889,9.958270169709866
BLUE SPOT CERAMIC DRAWER KNOB,BLUE STRIPE CERAMIC DRAWER KNOB,BLUE SPOT CERAMIC DRAWER KNOB  -->  BLUE STRIPE CERAMIC DRAWER KNOB,0.010498621265400085,0.5410691003911342,26.56884530355422,0.019403475929064738,0.020364795466619443,0.010103473446763208,2.134602846241769
BLUE STRIPE CERAMIC DRAWER KNOB,BLUE SPOT CERAMIC DRAWER KNOB,BLUE STRIPE CERAMIC DRAWER KNOB  -->  BLUE SPOT CERAMIC DRAWER KNOB,0.010498621265400085,0.515527950310559,26.568845303554216,0.020364795466619443,0.019403475929064738,0.010103473446763208,2.024051799684879
GREEN REGENCY TEACUP AND SAUCER + REGENCY CAKESTAND 3 TIER,PINK REGENCY TEACUP AND SAUCER,GREEN REGENCY TEACUP AND SAUCER + REGENCY CAKESTAND 3 TIER  -->  PINK REGENCY TEACUP AND SAUCER,0.012370664575375041,0.6867977528089888,26.51213708084621,0.018012092387867135,0.025905031748842622,0.011904060750204256,3.1101148762099737
PINK REGENCY TEACUP AND SAUCER,GREEN REGENCY TEACUP AND SAUCER + REGENCY CAKESTAND 3 TIER,PINK REGENCY TEACUP AND SAUCER  -->  GREEN REGENCY TEACUP AND SAUCER + REGENCY CAKESTAND 3 TIER,0.012370664575375041,0.4775390625,26.51213708084621,0.025905031748842622,0.018012092387867135,0.011904060750204256,1.8795432100837832
PINK REGENCY TEACUP AND SAUCER + REGENCY CAKESTAND 3 TIER,GREEN REGENCY TEACUP AND SAUCER,PINK REGENCY TEACUP AND SAUCER + REGENCY CAKESTAND 3 TIER  -->  GREEN REGENCY TEACUP AND SAUCER,0.012370664575375041,0.8907103825136612,26.275291574912327,0.013888537529408789,0.03389916264008702,0.01189985478283266,8.839822661843202
GREEN REGENCY TEACUP AND SAUCER,PINK REGENCY TEACUP AND SAUCER + REGENCY CAKESTAND 3 TIER,GREEN REGENCY TEACUP AND SAUCER  -->  PINK REGENCY TEACUP AND SAUCER + REGENCY CAKESTAND 3 TIER,0.012370664575375041,0.3649253731343284,26.275291574912323,0.03389916264008702,0.013888537529408789,0.01189985478283266,1.5527489538314834
BLUE SPOT CERAMIC DRAWER KNOB,RED STRIPE CERAMIC DRAWER KNOB,BLUE SPOT CERAMIC DRAWER KNOB  -->  RED STRIPE CERAMIC DRAWER KNOB,0.010448025500265627,0.5384615384615384,25.79981351981352,0.019403475929064738,0.020870753117964026,0.01004306034451976,2.1214467015777445
RED STRIPE CERAMIC DRAWER KNOB,BLUE SPOT CERAMIC DRAWER KNOB,RED STRIPE CERAMIC DRAWER KNOB  -->  BLUE SPOT CERAMIC DRAWER KNOB,0.010448025500265627,0.5006060606060606,25.79981351981352,0.020870753117964026,0.019403475929064738,0.01004306034451976,1.963573136792528
WHITE SPOT RED CERAMIC DRAWER KNOB,RED STRIPE CERAMIC DRAWER KNOB,WHITE SPOT RED CERAMIC DRAWER KNOB  -->  RED STRIPE CERAMIC DRAWER KNOB,0.011080472564446355,0.5374233128834356,25.75006804238706,0.020617774292291734,0.020870753117964026,0.010650164087350028,2.1166852419333138
RED STRIPE CERAMIC DRAWER KNOB,WHITE SPOT RED CERAMIC DRAWER KNOB,RED STRIPE CERAMIC DRAWER KNOB  -->  WHITE SPOT RED CERAMIC DRAWER KNOB,0.011080472564446355,0.5309090909090909,25.75006804238706,0.020870753117964026,0.020617774292291734,0.010650164087350028,2.0878303261210833
FELTCRAFT CUSHION OWL,FELTCRAFT CUSHION RABBIT,FELTCRAFT CUSHION OWL  -->  FELTCRAFT CUSHION RABBIT,0.011535834450656481,0.5211428571428572,25.526959107806697,0.022135647246325482,0.020415391231753902,0.01108392655195465,2.0456719156854786
FELTCRAFT CUSHION RABBIT,FELTCRAFT CUSHION OWL,FELTCRAFT CUSHION RABBIT  -->  FELTCRAFT CUSHION OWL,0.011535834450656481,0.5650557620817844,25.526959107806693,0.020415391231753902,0.022135647246325482,0.01108392655195465,2.2482522298353715
CHARLOTTE BAG PINK POLKADOT + CHARLOTTE BAG SUKI DESIGN,RED RETROSPOT CHARLOTTE BAG,CHARLOTTE BAG PINK POLKADOT + CHARLOTTE BAG SUKI DESIGN  -->  RED RETROSPOT CHARLOTTE BAG,0.010346833969996711,0.8051181102362205,25.358975123129532,0.012851324344152395,0.031748842621872546,0.009938819295911578,4.968399878263523
RED RETROSPOT CHARLOTTE BAG,CHARLOTTE BAG PINK POLKADOT + CHARLOTTE BAG SUKI DESIGN,RED RETROSPOT CHARLOTTE BAG  -->  CHARLOTTE BAG PINK POLKADOT + CHARLOTTE BAG SUKI DESIGN,0.010346833969996711,0.3258964143426295,25.35897512312953,0.031748842621872546,0.012851324344152395,0.009938819295911578,1.4643872197967953
FELTCRAFT DOLL MOLLY,FELTCRAFT DOLL ROSIE,FELTCRAFT DOLL MOLLY  -->  FELTCRAFT DOLL ROSIE,0.010144450909458879,0.49506172839506174,24.865686228371533,0.02049128487945559,0.01990943358040932,0.009736481034174111,1.9410106572123926
FELTCRAFT DOLL ROSIE,FELTCRAFT DOLL MOLLY,FELTCRAFT DOLL ROSIE  -->  FELTCRAFT DOLL MOLLY,0.010144450909458879,0.5095298602287167,24.865686228371533,0.01990943358040932,0.02049128487945559,0.009736481034174111,1.9970812404141671
TOILET METAL SIGN,KITCHEN METAL SIGN,TOILET METAL SIGN  -->  KITCHEN METAL SIGN,0.010195046674593337,0.4414019715224535,24.78434450612367,0.02309696678388019,0.017809709327329303,0.009783696409829451,1.7583132066355853
KITCHEN METAL SIGN,TOILET METAL SIGN,KITCHEN METAL SIGN  -->  TOILET METAL SIGN,0.010195046674593337,0.5724431818181819,24.78434450612367,0.017809709327329303,0.02309696678388019,0.009783696409829451,2.2848496192164403
GREEN REGENCY TEACUP AND SAUCER,PINK REGENCY TEACUP AND SAUCER,GREEN REGENCY TEACUP AND SAUCER  -->  PINK REGENCY TEACUP AND SAUCER,0.02160439171241367,0.637313432835821,24.60191668610075,0.03389916264008702,0.025905031748842622,0.020726232827963036,2.685776249910599
PINK REGENCY TEACUP AND SAUCER,GREEN REGENCY TEACUP AND SAUCER,PINK REGENCY TEACUP AND SAUCER  -->  GREEN REGENCY TEACUP AND SAUCER,0.02160439171241367,0.833984375,24.601916686100747,0.025905031748842622,0.03389916264008702,0.020726232827963036,5.819336808567946
EDWARDIAN PARASOL BLACK,EDWARDIAN PARASOL RED,EDWARDIAN PARASOL BLACK  -->  EDWARDIAN PARASOL RED,0.010574514913101773,0.4427966101694915,24.480149934810953,0.023881201143464294,0.018087986035568823,0.010142552080306181,1.76221471707685
EDWARDIAN PARASOL RED,EDWARDIAN PARASOL BLACK,EDWARDIAN PARASOL RED  -->  EDWARDIAN PARASOL BLACK,0.010574514913101773,0.5846153846153846,24.480149934810953,0.018087986035568823,0.023881201143464294,0.010142552080306181,2.3499156268768453
FELTCRAFT CUSHION BUTTERFLY,FELTCRAFT CUSHION OWL,FELTCRAFT CUSHION BUTTERFLY  -->  FELTCRAFT CUSHION OWL,0.010701004325937919,0.5395408163265306,24.37429591836735,0.019833539932707634,0.022135647246325482,0.010261976082341593,2.1236721677531327
FELTCRAFT CUSHION OWL,FELTCRAFT CUSHION BUTTERFLY,FELTCRAFT CUSHION OWL  -->  FELTCRAFT CUSHION BUTTERFLY,0.010701004325937919,0.48342857142857143,24.374295918367345,0.022135647246325482,0.019833539932707634,0.010261976082341593,1.8974461339798248
GREEN REGENCY TEACUP AND SAUCER + PINK REGENCY TEACUP AND SAUCER + REGENCY CAKESTAND 3 TIER,ROSES REGENCY TEACUP AND SAUCER,GREEN REGENCY TEACUP AND SAUCER + PINK REGENCY TEACUP AND SAUCER + REGENCY CAKESTAND 3 TIER  -->  ROSES REGENCY TEACUP AND SAUCER,0.010751600091072377,0.869120654396728,24.36558180684274,0.012370664575375041,0.03567001441979306,0.010310338307286327,7.36808379607377
ROSES REGENCY TEACUP AND SAUCER,GREEN REGENCY TEACUP AND SAUCER + PINK REGENCY TEACUP AND SAUCER + REGENCY CAKESTAND 3 TIER,ROSES REGENCY TEACUP AND SAUCER  -->  GREEN REGENCY TEACUP AND SAUCER + PINK REGENCY TEACUP AND SAUCER + REGENCY CAKESTAND 3 TIER,0.010751600091072377,0.30141843971631205,24.365581806842737,0.03567001441979306,0.012370664575375041,0.010310338307286327,1.4137638202525087
REGENCY CAKESTAND 3 TIER + ROSES REGENCY TEACUP AND SAUCER,PINK REGENCY TEACUP AND SAUCER,REGENCY CAKESTAND 3 TIER + ROSES REGENCY TEACUP AND SAUCER  -->  PINK REGENCY TEACUP AND SAUCER,0.011738217511194313,0.6304347826086957,24.33638332201087,0.018619241569480634,0.025905031748842622,0.011255885467197546,2.6357863846796024
PINK REGENCY TEACUP AND SAUCER,REGENCY CAKESTAND 3 TIER + ROSES REGENCY TEACUP AND SAUCER,PINK REGENCY TEACUP AND SAUCER  -->  REGENCY CAKESTAND 3 TIER + ROSES REGENCY TEACUP AND SAUCER,0.011738217511194313,0.453125,24.33638332201087,0.025905031748842622,0.018619241569480634,0.011255885467197546,1.7945248154158069
SKULL SHOULDER BAG,SUKI SHOULDER BAG,SKULL SHOULDER BAG  -->  SUKI SHOULDER BAG,0.010245642439727795,0.5586206896551724,23.975805908120858,0.018340964861241114,0.023299349844418022,0.009818309882941561,2.2128374105087403
SUKI SHOULDER BAG,SKULL SHOULDER BAG,SUKI SHOULDER BAG  -->  SKULL SHOULDER BAG,0.010245642439727795,0.4397394136807818,23.975805908120858,0.023299349844418022,0.018340964861241114,0.009818309882941561,1.7521472313232498
GREEN REGENCY TEACUP AND SAUCER + PINK REGENCY TEACUP AND SAUCER,ROSES REGENCY TEACUP AND SAUCER,GREEN REGENCY TEACUP AND SAUCER + PINK REGENCY TEACUP AND SAUCER  -->  ROSES REGENCY TEACUP AND SAUCER,0.018366262743808343,0.8501170960187353,23.832821764911056,0.02160439171241367,0.03567001441979306,0.01759563377989569,6.433889122542941
ROSES REGENCY TEACUP AND SAUCER,GREEN REGENCY TEACUP AND SAUCER + PINK REGENCY TEACUP AND SAUCER,ROSES REGENCY TEACUP AND SAUCER  -->  GREEN REGENCY TEACUP AND SAUCER + PINK REGENCY TEACUP AND SAUCER,0.018366262743808343,0.5148936170212766,23.832821764911056,0.03567001441979306,0.02160439171241367,0.01759563377989569,2.016868139891077
PINK REGENCY TEACUP AND SAUCER + REGENCY CAKESTAND 3 TIER,ROSES REGENCY TEACUP AND SAUCER,PINK REGENCY TEACUP AND SAUCER + REGENCY CAKESTAND 3 TIER  -->  ROSES REGENCY TEACUP AND SAUCER,0.011738217511194313,0.8451730418943534,23.694216434781488,0.013888537529408789,0.03567001441979306,0.011242813177250465,6.228437200982749
ROSES REGENCY TEACUP AND SAUCER,PINK REGENCY TEACUP AND SAUCER + REGENCY CAKESTAND 3 TIER,ROSES REGENCY TEACUP AND SAUCER  -->  PINK REGENCY TEACUP AND SAUCER + REGENCY CAKESTAND 3 TIER,0.011738217511194313,0.3290780141843972,23.694216434781488,0.03567001441979306,0.013888537529408789,0.011242813177250465,1.4697855835978157
GREEN REGENCY TEACUP AND SAUCER,REGENCY CAKESTAND 3 TIER + ROSES REGENCY TEACUP AND SAUCER,GREEN REGENCY TEACUP AND SAUCER  -->  REGENCY CAKESTAND 3 TIER + ROSES REGENCY TEACUP AND SAUCER,0.0144197930633206,0.42537313432835827,22.84588943867619,0.03389916264008702,0.018619241569480634,0.013788616365121707,1.7078574237622026
REGENCY CAKESTAND 3 TIER + ROSES REGENCY TEACUP AND SAUCER,GREEN REGENCY TEACUP AND SAUCER,REGENCY CAKESTAND 3 TIER + ROSES REGENCY TEACUP AND SAUCER  -->  GREEN REGENCY TEACUP AND SAUCER,0.0144197930633206,0.7744565217391305,22.84588943867619,0.018619241569480634,0.03389916264008702,0.013788616365121707,4.283435037933109
LARGE HEART MEASURING SPOONS,SMALL HEART MEASURING SPOONS,LARGE HEART MEASURING SPOONS  -->  SMALL HEART MEASURING SPOONS,0.011409345037820335,0.5595533498759305,22.569984048209854,0.020390093349186674,0.02479192491588454,0.010903835374479422,2.214134390190978
SMALL HEART MEASURING SPOONS,LARGE HEART MEASURING SPOONS,SMALL HEART MEASURING SPOONS  -->  LARGE HEART MEASURING SPOONS,0.011409345037820335,0.4602040816326531,22.569984048209854,0.02479192491588454,0.020390093349186674,0.010903835374479422,1.8147782769712613
ROSES REGENCY TEACUP AND SAUCER,GREEN REGENCY TEACUP AND SAUCER + REGENCY CAKESTAND 3 TIER,ROSES REGENCY TEACUP AND SAUCER  -->  GREEN REGENCY TEACUP AND SAUCER + REGENCY CAKESTAND 3 TIER,0.0144197930633206,0.4042553191489362,22.443551278986376,0.03567001441979306,0.018012092387867135,0.013777301468114735,1.648336844920366
GREEN REGENCY TEACUP AND SAUCER + REGENCY CAKESTAND 3 TIER,ROSES REGENCY TEACUP AND SAUCER,GREEN REGENCY TEACUP AND SAUCER + REGENCY CAKESTAND 3 TIER  -->  ROSES REGENCY TEACUP AND SAUCER,0.0144197930633206,0.8005617977528091,22.443551278986376,0.018012092387867135,0.03567001441979306,0.013777301468114735,4.835232040373999
RED RETROSPOT CHARLOTTE BAG,CHARLOTTE BAG PINK POLKADOT,RED RETROSPOT CHARLOTTE BAG  -->  CHARLOTTE BAG PINK POLKADOT,0.016215942725593867,0.5107569721115538,22.284450718098906,0.031748842621872546,0.022919881605909586,0.015488263011575892,1.9971263006263573
CHARLOTTE BAG PINK POLKADOT,RED RETROSPOT CHARLOTTE BAG,CHARLOTTE BAG PINK POLKADOT  -->  RED RETROSPOT CHARLOTTE BAG,0.016215942725593867,0.7075055187637969,22.284450718098906,0.022919881605909586,0.031748842621872546,0.015488263011575892,3.3103228248474843
PINK REGENCY TEACUP AND SAUCER,ROSES REGENCY TEACUP AND SAUCER,PINK REGENCY TEACUP AND SAUCER  -->  ROSES REGENCY TEACUP AND SAUCER,0.020339497584052214,0.78515625,22.011660571808513,0.025905031748842622,0.03567001441979306,0.0194154647280258,4.4885177510642364
ROSES REGENCY TEACUP AND SAUCER,PINK REGENCY TEACUP AND SAUCER,ROSES REGENCY TEACUP AND SAUCER  -->  PINK REGENCY TEACUP AND SAUCER,0.020339497584052214,0.5702127659574469,22.011660571808513,0.03567001441979306,0.025905031748842622,0.0194154647280258,2.2664585894952674
ALARM CLOCK BAKELIKE GREEN + ALARM CLOCK BAKELIKE PINK,ALARM CLOCK BAKELIKE RED,ALARM CLOCK BAKELIKE GREEN + ALARM CLOCK BAKELIKE PINK  -->  ALARM CLOCK BAKELIKE RED,0.01011915302689165,0.7504690431519699,21.764703453231267,0.013483771408333123,0.0344810139391333,0.009654218917008827,3.8693354854920443
ROSES REGENCY TEACUP AND SAUCER,GREEN REGENCY TEACUP AND SAUCER,ROSES REGENCY TEACUP AND SAUCER  -->  GREEN REGENCY TEACUP AND SAUCER,0.025879733866275394,0.7255319148936171,21.402650047634175,0.03567001441979306,0.03389916264008702,0.02467055024608458,3.5199022756523974
GREEN REGENCY TEACUP AND SAUCER,ROSES REGENCY TEACUP AND SAUCER,GREEN REGENCY TEACUP AND SAUCER  -->  ROSES REGENCY TEACUP AND SAUCER,0.025879733866275394,0.7634328358208956,21.40265004763417,0.03389916264008702,0.03567001441979306,0.02467055024608458,4.076347573115072
ALARM CLOCK BAKELIKE PINK + ALARM CLOCK BAKELIKE RED,ALARM CLOCK BAKELIKE GREEN,ALARM CLOCK BAKELIKE PINK + ALARM CLOCK BAKELIKE RED  -->  ALARM CLOCK BAKELIKE GREEN,0.01011915302689165,0.6734006734006734,20.91033402895147,0.015026942244934099,0.03220420450808267,0.009635222305704644,2.9632510439288606
ALARM CLOCK BAKELIKE GREEN,ALARM CLOCK BAKELIKE PINK + ALARM CLOCK BAKELIKE RED,ALARM CLOCK BAKELIKE GREEN  -->  ALARM CLOCK BAKELIKE PINK + ALARM CLOCK BAKELIKE RED,0.01011915302689165,0.31421838177533384,20.910334028951468,0.03220420450808267,0.015026942244934099,0.009635222305704644,1.4362780097619692
LARGE POPCORN HOLDER,SMALL POPCORN HOLDER,LARGE POPCORN HOLDER  -->  SMALL POPCORN HOLDER,0.01011915302689165,0.7220216606498194,20.28485730193796,0.014015026942244935,0.03559412077209138,0.009620300465285269,3.4693562148848134
ALARM CLOCK BAKELIKE RED,ALARM CLOCK BAKELIKE ORANGE,ALARM CLOCK BAKELIKE RED  -->  ALARM CLOCK BAKELIKE ORANGE,0.010726302208505149,0.31107850330154074,20.092519864389878,0.0344810139391333,0.015482304131144223,0.010192456663949264,1.429070947251598
ALARM CLOCK BAKELIKE ORANGE,ALARM CLOCK BAKELIKE RED,ALARM CLOCK BAKELIKE ORANGE  -->  ALARM CLOCK BAKELIKE RED,0.010726302208505149,0.69281045751634,20.092519864389875,0.015482304131144223,0.0344810139391333,0.010192456663949264,3.1430724439853757
HAND WARMER OWL DESIGN,HAND WARMER SCOTTY DOG DESIGN,HAND WARMER OWL DESIGN  -->  HAND WARMER SCOTTY DOG DESIGN,0.016418325786131702,0.5354785478547855,19.54471977668681,0.030661033671481697,0.02739760682030914,0.015578286840896188,2.093772825104415
HAND WARMER SCOTTY DOG DESIGN,HAND WARMER OWL DESIGN,HAND WARMER SCOTTY DOG DESIGN  -->  HAND WARMER OWL DESIGN,0.016418325786131702,0.5992613111726686,19.54471977668681,0.02739760682030914,0.030661033671481697,0.015578286840896188,2.418880415976464
ALARM CLOCK BAKELIKE PINK,ALARM CLOCK BAKELIKE GREEN + ALARM CLOCK BAKELIKE RED,ALARM CLOCK BAKELIKE PINK  -->  ALARM CLOCK BAKELIKE GREEN + ALARM CLOCK BAKELIKE RED,0.01011915302689165,0.41279669762641896,19.518469689563055,0.02451364820764502,0.021149029826203546,0.009600713149799104,1.6669711601026516
ALARM CLOCK BAKELIKE GREEN + ALARM CLOCK BAKELIKE RED,ALARM CLOCK BAKELIKE PINK,ALARM CLOCK BAKELIKE GREEN + ALARM CLOCK BAKELIKE RED  -->  ALARM CLOCK BAKELIKE PINK,0.01011915302689165,0.4784688995215311,19.518469689563055,0.021149029826203546,0.02451364820764502,0.009600713149799104,1.8704279589413046
ALARM CLOCK BAKELIKE RED,ALARM CLOCK BAKELIKE IVORY,ALARM CLOCK BAKELIKE RED  -->  ALARM CLOCK BAKELIKE IVORY,0.012699537048749019,0.3683052090975788,19.515732721740203,0.0344810139391333,0.018872220395152926,0.012048803754241355,1.5531674374000075
ALARM CLOCK BAKELIKE IVORY,ALARM CLOCK BAKELIKE RED,ALARM CLOCK BAKELIKE IVORY  -->  ALARM CLOCK BAKELIKE RED,0.012699537048749019,0.6729222520107238,19.515732721740203,0.018872220395152926,0.0344810139391333,0.012048803754241355,2.9519555885303537
BATHROOM METAL SIGN,TOILET METAL SIGN,BATHROOM METAL SIGN  -->  TOILET METAL SIGN,0.01705077285031243,0.4490339773484344,19.44125311128835,0.03797212173341091,0.02309696678388019,0.016173732015922385,1.7730730989811319
TOILET METAL SIGN,BATHROOM METAL SIGN,TOILET METAL SIGN  -->  BATHROOM METAL SIGN,0.01705077285031243,0.7382256297918949,19.44125311128835,0.02309696678388019,0.03797212173341091,0.016173732015922385,3.67502699940333
KITCHEN METAL SIGN,BATHROOM METAL SIGN,KITCHEN METAL SIGN  -->  BATHROOM METAL SIGN,0.013129601052391915,0.7372159090909091,19.414662005632607,0.017809709327329303,0.03797212173341091,0.012453328601777903,3.660906088106371
BATHROOM METAL SIGN,KITCHEN METAL SIGN,BATHROOM METAL SIGN  -->  KITCHEN METAL SIGN,0.013129601052391915,0.3457694870086609,19.414662005632607,0.03797212173341091,0.017809709327329303,0.012453328601777903,1.5012908618123002
HAND WARMER OWL DESIGN,HAND WARMER BIRD DESIGN,HAND WARMER OWL DESIGN  -->  HAND WARMER BIRD DESIGN,0.015760580839383743,0.514026402640264,19.2779408633463,0.030661033671481697,0.026663968225859494,0.014943036011795348,2.002857844669369
HAND WARMER BIRD DESIGN,HAND WARMER OWL DESIGN,HAND WARMER BIRD DESIGN  -->  HAND WARMER OWL DESIGN,0.015760580839383743,0.5910815939278937,19.277940863346295,0.026663968225859494,0.030661033671481697,0.014943036011795348,2.370494827169973
HAND WARMER SCOTTY DOG DESIGN,HAND WARMER BIRD DESIGN,HAND WARMER SCOTTY DOG DESIGN  -->  HAND WARMER BIRD DESIGN,0.014040324824812163,0.5124653739612188,19.21939636367459,0.02739760682030914,0.026663968225859494,0.013309795907090848,1.9964449288094586
HAND WARMER BIRD DESIGN,HAND WARMER SCOTTY DOG DESIGN,HAND WARMER BIRD DESIGN  -->  HAND WARMER SCOTTY DOG DESIGN,0.014040324824812163,0.5265654648956357,19.21939636367459,0.026663968225859494,0.02739760682030914,0.013309795907090848,2.05435455393065
RED RETROSPOT CHARLOTTE BAG + WOODLAND CHARLOTTE BAG,CHARLOTTE BAG SUKI DESIGN,RED RETROSPOT CHARLOTTE BAG + WOODLAND CHARLOTTE BAG  -->  CHARLOTTE BAG SUKI DESIGN,0.010144450909458879,0.6773648648648649,19.084501598890412,0.01497634647979964,0.03549292924182246,0.009612896503550333,2.9894669418263935
ALARM CLOCK BAKELIKE RED,ALARM CLOCK BAKELIKE GREEN,ALARM CLOCK BAKELIKE RED  -->  ALARM CLOCK BAKELIKE GREEN,0.021149029826203546,0.6133528980190756,19.04573975317835,0.0344810139391333,0.03220420450808267,0.020038596201661648,2.503046810731467
ALARM CLOCK BAKELIKE GREEN,ALARM CLOCK BAKELIKE RED,ALARM CLOCK BAKELIKE GREEN  -->  ALARM CLOCK BAKELIKE RED,0.021149029826203546,0.6567164179104478,19.04573975317835,0.03220420450808267,0.0344810139391333,0.020038596201661648,2.812598785481655
RED HARMONICA IN BOX,BLUE HARMONICA IN BOX,RED HARMONICA IN BOX  -->  BLUE HARMONICA IN BOX,0.011965898454299375,0.46146341463414636,18.942042904541196,0.02593032963140985,0.024361860912241646,0.01133418737041039,1.8116469068205656
BLUE HARMONICA IN BOX,RED HARMONICA IN BOX,BLUE HARMONICA IN BOX  -->  RED HARMONICA IN BOX,0.011965898454299375,0.49117341640706125,18.942042904541196,0.024361860912241646,0.02593032963140985,0.01133418737041039,1.9143450868672496
ALARM CLOCK BAKELIKE GREEN,ALARM CLOCK BAKELIKE IVORY,ALARM CLOCK BAKELIKE GREEN  -->  ALARM CLOCK BAKELIKE IVORY,0.011282855624984189,0.35035349567949725,18.56450848621293,0.03220420450808267,0.018872220395152926,0.010675090779857075,1.510248686139021
ALARM CLOCK BAKELIKE IVORY,ALARM CLOCK BAKELIKE GREEN,ALARM CLOCK BAKELIKE IVORY  -->  ALARM CLOCK BAKELIKE GREEN,0.011282855624984189,0.5978552278820375,18.56450848621293,0.018872220395152926,0.03220420450808267,0.010675090779857075,2.406585544789901
CHARLOTTE BAG SUKI DESIGN + WOODLAND CHARLOTTE BAG,RED RETROSPOT CHARLOTTE BAG,CHARLOTTE BAG SUKI DESIGN + WOODLAND CHARLOTTE BAG  -->  RED RETROSPOT CHARLOTTE BAG,0.010144450909458879,0.5794797687861272,18.251996637726553,0.017506134736522554,0.031748842621872546,0.009588651392791728,2.302507906892317
RED RETROSPOT CHARLOTTE BAG,CHARLOTTE BAG SUKI DESIGN + WOODLAND CHARLOTTE BAG,RED RETROSPOT CHARLOTTE BAG  -->  CHARLOTTE BAG SUKI DESIGN + WOODLAND CHARLOTTE BAG,0.010144450909458879,0.3195219123505977,18.251996637726553,0.031748842621872546,0.017506134736522554,0.009588651392791728,1.4438288066811058
HAND WARMER RED RETROSPOT,HAND WARMER OWL DESIGN,HAND WARMER RED RETROSPOT  -->  HAND WARMER OWL DESIGN,0.010270940322295023,0.5538881309686221,18.064887730246422,0.018543347921778947,0.030661033671481697,0.009702382107283358,2.172860741036098
HAND WARMER OWL DESIGN,HAND WARMER RED RETROSPOT,HAND WARMER OWL DESIGN  -->  HAND WARMER RED RETROSPOT,0.010270940322295023,0.334983498349835,18.064887730246422,0.030661033671481697,0.018543347921778947,0.009702382107283358,1.4758380425791613
CHARLOTTE BAG PINK POLKADOT + RED RETROSPOT CHARLOTTE BAG,CHARLOTTE BAG SUKI DESIGN,CHARLOTTE BAG PINK POLKADOT + RED RETROSPOT CHARLOTTE BAG  -->  CHARLOTTE BAG SUKI DESIGN,0.010346833969996711,0.6380655226209049,17.977257336907876,0.016215942725593867,0.03549292924182246,0.009771282662247763,2.664866518775827
DOLLY GIRL LUNCH BOX,SPACEBOY LUNCH BOX,DOLLY GIRL LUNCH BOX  -->  SPACEBOY LUNCH BOX,0.020971944648232942,0.6219054763690923,17.97024968961539,0.03372207746211642,0.03460750335196944,0.019804907739427377,2.5533099167298112
SPACEBOY LUNCH BOX,DOLLY GIRL LUNCH BOX,SPACEBOY LUNCH BOX  -->  DOLLY GIRL LUNCH BOX,0.020971944648232942,0.6059941520467836,17.97024968961539,0.03460750335196944,0.03372207746211642,0.019804907739427377,2.4524456364226803
ALARM CLOCK BAKELIKE RED,ALARM CLOCK BAKELIKE PINK,ALARM CLOCK BAKELIKE RED  -->  ALARM CLOCK BAKELIKE PINK,0.015026942244934099,0.4358033749082905,17.777989274251613,0.0344810139391333,0.02451364820764502,0.014181686799387281,1.7289829616293628
ALARM CLOCK BAKELIKE PINK,ALARM CLOCK BAKELIKE RED,ALARM CLOCK BAKELIKE PINK  -->  ALARM CLOCK BAKELIKE RED,0.015026942244934099,0.6130030959752322,17.777989274251613,0.02451364820764502,0.0344810139391333,0.014181686799387281,2.4949010599812795
STRAWBERRY CHARLOTTE BAG,CHARLOTTE BAG SUKI DESIGN + WOODLAND CHARLOTTE BAG,STRAWBERRY CHARLOTTE BAG  -->  CHARLOTTE BAG SUKI DESIGN + WOODLAND CHARLOTTE BAG,0.010802195856206835,0.3096446700507614,17.687780581555703,0.03488578006020896,0.017506134736522554,0.010191480690084125,1.423171260712537
CHARLOTTE BAG SUKI DESIGN + WOODLAND CHARLOTTE BAG,STRAWBERRY CHARLOTTE BAG,CHARLOTTE BAG SUKI DESIGN + WOODLAND CHARLOTTE BAG  -->  STRAWBERRY CHARLOTTE BAG,0.010802195856206835,0.6170520231213872,17.687780581555703,0.017506134736522554,0.03488578006020896,0.010191480690084125,2.520222793201265
CHARLOTTE BAG SUKI DESIGN + STRAWBERRY CHARLOTTE BAG,WOODLAND CHARLOTTE BAG,CHARLOTTE BAG SUKI DESIGN + STRAWBERRY CHARLOTTE BAG  -->  WOODLAND CHARLOTTE BAG,0.010802195856206835,0.6954397394136808,17.47618401734481,0.01553289989627868,0.03979356927825141,0.010184086328092125,3.1527633607655274
LUNCH BAG PINK POLKADOT,LUNCH BAG BLACK SKULL. + LUNCH BAG RED RETROSPOT,LUNCH BAG PINK POLKADOT  -->  LUNCH BAG BLACK SKULL. + LUNCH BAG RED RETROSPOT,0.010751600091072377,0.3317720530835285,17.416490685708894,0.032406587568620505,0.01904930557312353,0.01013427710189554,1.4679881303280709
LUNCH BAG BLACK SKULL. + LUNCH BAG RED RETROSPOT,LUNCH BAG PINK POLKADOT,LUNCH BAG BLACK SKULL. + LUNCH BAG RED RETROSPOT  -->  LUNCH BAG PINK POLKADOT,0.010751600091072377,0.5644090305444887,17.416490685708894,0.01904930557312353,0.032406587568620505,0.01013427710189554,2.2213348767098435
STRAWBERRY CHARLOTTE BAG + WOODLAND CHARLOTTE BAG,CHARLOTTE BAG SUKI DESIGN,STRAWBERRY CHARLOTTE BAG + WOODLAND CHARLOTTE BAG  -->  CHARLOTTE BAG SUKI DESIGN,0.010802195856206835,0.6161616161616161,17.360122968818622,0.017531432619089782,0.03549292924182246,0.010179953958749703,2.512794736975252
CHARLOTTE BAG SUKI DESIGN,STRAWBERRY CHARLOTTE BAG + WOODLAND CHARLOTTE BAG,CHARLOTTE BAG SUKI DESIGN  -->  STRAWBERRY CHARLOTTE BAG + WOODLAND CHARLOTTE BAG,0.010802195856206835,0.30434782608695654,17.360122968818622,0.03549292924182246,0.017531432619089782,0.010179953958749703,1.4122985656100586
EDWARDIAN PARASOL NATURAL,EDWARDIAN PARASOL BLACK,EDWARDIAN PARASOL NATURAL  -->  EDWARDIAN PARASOL BLACK,0.012041792102001063,0.4142732811140122,17.34725479783452,0.02906726706974626,0.023881201143464294,0.011347630850417657,1.6665089151354526
EDWARDIAN PARASOL BLACK,EDWARDIAN PARASOL NATURAL,EDWARDIAN PARASOL BLACK  -->  EDWARDIAN PARASOL NATURAL,0.012041792102001063,0.5042372881355932,17.34725479783452,0.023881201143464294,0.02906726706974626,0.011347630850417657,1.958462606594358
LUNCH BAG RED SPOTTY,LUNCH BAG PINK RETROSPOT,LUNCH BAG RED SPOTTY  -->  LUNCH BAG PINK RETROSPOT,0.010903387386475751,0.35356849876948315,17.254579244270246,0.0308381188494523,0.02049128487945559,0.010271474707985114,1.515255233162365
LUNCH BAG PINK RETROSPOT,LUNCH BAG RED SPOTTY,LUNCH BAG PINK RETROSPOT  -->  LUNCH BAG RED SPOTTY,0.010903387386475751,0.5320987654320987,17.254579244270243,0.02049128487945559,0.0308381188494523,0.010271474707985114,2.071295840981381
STRAWBERRY LUNCH BOX WITH CUTLERY,LUNCH BOX WITH CUTLERY RETROSPOT,STRAWBERRY LUNCH BOX WITH CUTLERY  -->  LUNCH BOX WITH CUTLERY RETROSPOT,0.01009385514432442,0.384393063583815,17.14974425553569,0.02625920210478383,0.022413923954565002,0.00950528338524024,1.588003672824979
LUNCH BOX WITH CUTLERY RETROSPOT,STRAWBERRY LUNCH BOX WITH CUTLERY,LUNCH BOX WITH CUTLERY RETROSPOT  -->  STRAWBERRY LUNCH BOX WITH CUTLERY,0.01009385514432442,0.45033860045146723,17.14974425553569,0.022413923954565002,0.02625920210478383,0.00950528338524024,1.7715284331317485
ALARM CLOCK BAKELIKE GREEN,ALARM CLOCK BAKELIKE PINK,ALARM CLOCK BAKELIKE GREEN  -->  ALARM CLOCK BAKELIKE PINK,0.013483771408333123,0.4186959937156324,17.080117580583313,0.03220420450808267,0.02451364820764502,0.012694328868214928,1.6781001700427944
ALARM CLOCK BAKELIKE PINK,ALARM CLOCK BAKELIKE GREEN,ALARM CLOCK BAKELIKE PINK  -->  ALARM CLOCK BAKELIKE GREEN,0.013483771408333123,0.5500515995872033,17.080117580583313,0.02451364820764502,0.03220420450808267,0.012694328868214928,2.1509039583295135
SET OF 20 VINTAGE CHRISTMAS NAPKINS,60 CAKE CASES VINTAGE CHRISTMAS,SET OF 20 VINTAGE CHRISTMAS NAPKINS  -->  60 CAKE CASES VINTAGE CHRISTMAS,0.012117685749702749,0.44106813996316757,16.78054139037926,0.027473500468010826,0.026284499987351058,0.01139555852699883,1.742100548622301
60 CAKE CASES VINTAGE CHRISTMAS,SET OF 20 VINTAGE CHRISTMAS NAPKINS,60 CAKE CASES VINTAGE CHRISTMAS  -->  SET OF 20 VINTAGE CHRISTMAS NAPKINS,0.012117685749702749,0.46102021174205965,16.78054139037926,0.026284499987351058,0.027473500468010826,0.01139555852699883,1.80438398752453
HAND WARMER UNION JACK,HAND WARMER OWL DESIGN,HAND WARMER UNION JACK  -->  HAND WARMER OWL DESIGN,0.011156366212148043,0.513986013986014,16.763492695423388,0.021705583242682586,0.030661033671481697,0.010490850593485004,1.9944672256831384
HAND WARMER OWL DESIGN,HAND WARMER UNION JACK,HAND WARMER OWL DESIGN  -->  HAND WARMER UNION JACK,0.011156366212148043,0.36386138613861385,16.763492695423388,0.030661033671481697,0.021705583242682586,0.010490850593485004,1.5378635967702576
WOOD S/3 CABINET ANT WHITE FINISH,WOOD 2 DRAWER CABINET WHITE FINISH,WOOD S/3 CABINET ANT WHITE FINISH  -->  WOOD 2 DRAWER CABINET WHITE FINISH,0.012800728579017937,0.47201492537313433,16.614673183503676,0.02711933011206962,0.028409522122998306,0.012030281370238202,1.8401854987352397
WOOD 2 DRAWER CABINET WHITE FINISH,WOOD S/3 CABINET ANT WHITE FINISH,WOOD 2 DRAWER CABINET WHITE FINISH  -->  WOOD S/3 CABINET ANT WHITE FINISH,0.012800728579017937,0.4505788067675868,16.614673183503673,0.028409522122998306,0.02711933011206962,0.012030281370238202,1.770737426716606
PLASTERS IN TIN STRONGMAN,PLASTERS IN TIN CIRCUS PARADE,PLASTERS IN TIN STRONGMAN  -->  PLASTERS IN TIN CIRCUS PARADE,0.012041792102001063,0.497907949790795,16.456357313779545,0.024184775734271042,0.03025626755040603,0.011310051056738392,1.9314062671287748
PLASTERS IN TIN CIRCUS PARADE,PLASTERS IN TIN STRONGMAN,PLASTERS IN TIN CIRCUS PARADE  -->  PLASTERS IN TIN STRONGMAN,0.012041792102001063,0.3979933110367893,16.456357313779545,0.03025626755040603,0.024184775734271042,0.011310051056738392,1.620937511419183
IVORY KITCHEN SCALES,RED KITCHEN SCALES,IVORY KITCHEN SCALES  -->  RED KITCHEN SCALES,0.012142983632269979,0.3937653814602133,16.384370277621866,0.0308381188494523,0.024032988438867666,0.011401851478484664,1.6098833384208666
RED KITCHEN SCALES,IVORY KITCHEN SCALES,RED KITCHEN SCALES  -->  IVORY KITCHEN SCALES,0.012142983632269979,0.5052631578947369,16.384370277621866,0.024032988438867666,0.0308381188494523,0.011401851478484664,1.95894422785749
CHARLOTTE BAG SUKI DESIGN + RED RETROSPOT CHARLOTTE BAG,WOODLAND CHARLOTTE BAG,CHARLOTTE BAG SUKI DESIGN + RED RETROSPOT CHARLOTTE BAG  -->  WOODLAND CHARLOTTE BAG,0.010144450909458879,0.6457326892109501,16.22706132982813,0.015709985074249287,0.03979356927825141,0.009519294530046445,2.7104008794463903
PINK CREAM FELT CRAFT TRINKET BOX,PINK BLUE FELT CRAFT TRINKET BOX,PINK CREAM FELT CRAFT TRINKET BOX  -->  PINK BLUE FELT CRAFT TRINKET BOX,0.01651951731640062,0.467430207587688,16.09499013565655,0.03534114194641908,0.029041969187179034,0.015493140960952995,1.8231564100074071
PINK BLUE FELT CRAFT TRINKET BOX,PINK CREAM FELT CRAFT TRINKET BOX,PINK BLUE FELT CRAFT TRINKET BOX  -->  PINK CREAM FELT CRAFT TRINKET BOX,0.01651951731640062,0.568815331010453,16.09499013565655,0.029041969187179034,0.03534114194641908,0.015493140960952995,2.23722902837477
CHARLOTTE BAG PINK POLKADOT,CHARLOTTE BAG SUKI DESIGN,CHARLOTTE BAG PINK POLKADOT  -->  CHARLOTTE BAG SUKI DESIGN,0.012851324344152395,0.5607064017660044,15.79769305446072,0.022919881605909586,0.03549292924182246,0.012037830608082898,2.195586447504796
CHARLOTTE BAG SUKI DESIGN,CHARLOTTE BAG PINK POLKADOT,CHARLOTTE BAG SUKI DESIGN  -->  CHARLOTTE BAG PINK POLKADOT,0.012851324344152395,0.3620812544547399,15.79769305446072,0.03549292924182246,0.022919881605909586,0.012037830608082898,1.531668610175317
HANGING HEART ZINC T-LIGHT HOLDER,SINGLE HEART ZINC T-LIGHT HOLDER,HANGING HEART ZINC T-LIGHT HOLDER  -->  SINGLE HEART ZINC T-LIGHT HOLDER,0.017227858028283034,0.4471437951411688,15.436809675227304,0.03852867514988995,0.028966075539477346,0.01611183351345534,1.7563950913935582
SINGLE HEART ZINC T-LIGHT HOLDER,HANGING HEART ZINC T-LIGHT HOLDER,SINGLE HEART ZINC T-LIGHT HOLDER  -->  HANGING HEART ZINC T-LIGHT HOLDER,0.017227858028283034,0.5947598253275109,15.436809675227302,0.028966075539477346,0.03852867514988995,0.01611183351345534,2.372596264985724
SET OF 3 HEART COOKIE CUTTERS,SET OF 3 BUTTERFLY COOKIE CUTTERS,SET OF 3 HEART COOKIE CUTTERS  -->  SET OF 3 BUTTERFLY COOKIE CUTTERS,0.013357281995496977,0.423076923076923,15.012394696865073,0.03157175744390195,0.028181841179893242,0.01246753174144282,1.6844848086215183
SET OF 3 BUTTERFLY COOKIE CUTTERS,SET OF 3 HEART COOKIE CUTTERS,SET OF 3 BUTTERFLY COOKIE CUTTERS  -->  SET OF 3 HEART COOKIE CUTTERS,0.013357281995496977,0.473967684021544,15.012394696865073,0.028181841179893242,0.03157175744390195,0.01246753174144282,1.8410052256100566
PLASTERS IN TIN WOODLAND ANIMALS,PLASTERS IN TIN SPACEBOY,PLASTERS IN TIN WOODLAND ANIMALS  -->  PLASTERS IN TIN SPACEBOY,0.015709985074249287,0.4870588235294118,14.821361228094009,0.03225480027321713,0.03286194945483063,0.014650029457995168,1.8854755572554907
PLASTERS IN TIN SPACEBOY,PLASTERS IN TIN WOODLAND ANIMALS,PLASTERS IN TIN SPACEBOY  -->  PLASTERS IN TIN WOODLAND ANIMALS,0.015709985074249287,0.4780600461893764,14.821361228094009,0.03286194945483063,0.03225480027321713,0.014650029457995168,1.8541312897420221
SET/20 RED RETROSPOT PAPER NAPKINS,SET/6 RED SPOTTY PAPER PLATES,SET/20 RED RETROSPOT PAPER NAPKINS  -->  SET/6 RED SPOTTY PAPER PLATES,0.010802195856206835,0.3615580016934801,14.524416919656073,0.029876799311897594,0.024893116446153458,0.010058469211897412,1.5273225855133856
SET/6 RED SPOTTY PAPER PLATES,SET/20 RED RETROSPOT PAPER NAPKINS,SET/6 RED SPOTTY PAPER PLATES  -->  SET/20 RED RETROSPOT PAPER NAPKINS,0.010802195856206835,0.43394308943089427,14.52441691965607,0.024893116446153458,0.029876799311897594,0.010058469211897412,1.7138262647703637
PLASTERS IN TIN CIRCUS PARADE,PLASTERS IN TIN SPACEBOY,PLASTERS IN TIN CIRCUS PARADE  -->  PLASTERS IN TIN SPACEBOY,0.014293303650484455,0.47240802675585286,14.375532632511245,0.03025626755040603,0.03286194945483063,0.01329902371555118,1.83311744604124
PLASTERS IN TIN SPACEBOY,PLASTERS IN TIN CIRCUS PARADE,PLASTERS IN TIN SPACEBOY  -->  PLASTERS IN TIN CIRCUS PARADE,0.014293303650484455,0.43494996150885296,14.375532632511245,0.03286194945483063,0.03025626755040603,0.01329902371555118,1.7162085946212844
LUNCH BAG BLACK SKULL. + LUNCH BAG PINK POLKADOT,LUNCH BAG RED RETROSPOT,LUNCH BAG BLACK SKULL. + LUNCH BAG PINK POLKADOT  -->  LUNCH BAG RED RETROSPOT,0.010751600091072377,0.6661442006269593,14.334248288831288,0.01614004907789218,0.046472210275999896,0.010001536336459614,2.856106712882217
CHARLOTTE BAG PINK POLKADOT,STRAWBERRY CHARLOTTE BAG,CHARLOTTE BAG PINK POLKADOT  -->  STRAWBERRY CHARLOTTE BAG,0.011308153507551417,0.4933774834437086,14.142653040642752,0.022919881605909586,0.03488578006020896,0.010508575558841627,1.9049966955674307
STRAWBERRY CHARLOTTE BAG,CHARLOTTE BAG PINK POLKADOT,STRAWBERRY CHARLOTTE BAG  -->  CHARLOTTE BAG PINK POLKADOT,0.011308153507551417,0.3241479332849891,14.142653040642752,0.03488578006020896,0.022919881605909586,0.010508575558841627,1.4457011623019855
SET OF 6 SPICE TINS PANTRY DESIGN,SET OF 3 CAKE TINS PANTRY DESIGN,SET OF 6 SPICE TINS PANTRY DESIGN  -->  SET OF 3 CAKE TINS PANTRY DESIGN,0.010372131852563941,0.4910179640718563,14.01404267277719,0.021123731943636318,0.03503756735561234,0.009632007671786885,1.8958673676660325
CHARLOTTE BAG SUKI DESIGN,RED RETROSPOT CHARLOTTE BAG,CHARLOTTE BAG SUKI DESIGN  -->  RED RETROSPOT CHARLOTTE BAG,0.015709985074249287,0.4426229508196722,13.941388544183923,0.03549292924182246,0.031748842621872546,0.014583125649561407,1.737156488237229
RED RETROSPOT CHARLOTTE BAG,CHARLOTTE BAG SUKI DESIGN,RED RETROSPOT CHARLOTTE BAG  -->  CHARLOTTE BAG SUKI DESIGN,0.015709985074249287,0.4948207171314742,13.941388544183923,0.031748842621872546,0.03549292924182246,0.014583125649561407,1.909237182652229
CHOCOLATE HOT WATER BOTTLE,HOT WATER BOTTLE I AM SO POORLY,CHOCOLATE HOT WATER BOTTLE  -->  HOT WATER BOTTLE I AM SO POORLY,0.015482304131144223,0.35560720511330624,13.903854808035492,0.04353765589820132,0.025576159275468642,0.014368778109411279,1.5121581874543901
HOT WATER BOTTLE I AM SO POORLY,CHOCOLATE HOT WATER BOTTLE,HOT WATER BOTTLE I AM SO POORLY  -->  CHOCOLATE HOT WATER BOTTLE,0.015482304131144223,0.6053412462908012,13.903854808035492,0.025576159275468642,0.04353765589820132,0.014368778109411279,2.4235173681376403
JAM MAKING SET WITH JARS,JAM MAKING SET PRINTED,JAM MAKING SET WITH JARS  -->  JAM MAKING SET PRINTED,0.012370664575375041,0.42191544434857636,13.898246333045728,0.029320245895418554,0.03035745908067495,0.011480576410369545,1.677336873023131
JAM MAKING SET PRINTED,JAM MAKING SET WITH JARS,JAM MAKING SET PRINTED  -->  JAM MAKING SET WITH JARS,0.012370664575375041,0.4075,13.898246333045728,0.03035745908067495,0.029320245895418554,0.011480576410369545,1.6382780659992935
ROUND SNACK BOXES SET OF 4 FRUITS,ROUND SNACK BOXES SET OF4 WOODLAND,ROUND SNACK BOXES SET OF 4 FRUITS  -->  ROUND SNACK BOXES SET OF4 WOODLAND,0.014242707885349997,0.4878682842287695,13.894052887088638,0.02919375648258241,0.03511346100331402,0.013217614055558593,1.8840593333370146
ROUND SNACK BOXES SET OF4 WOODLAND,ROUND SNACK BOXES SET OF 4 FRUITS,ROUND SNACK BOXES SET OF4 WOODLAND  -->  ROUND SNACK BOXES SET OF 4 FRUITS,0.014242707885349997,0.40561959654178675,13.894052887088638,0.03511346100331402,0.02919375648258241,0.013217614055558593,1.6333079587905162
PLASTERS IN TIN WOODLAND ANIMALS,PLASTERS IN TIN CIRCUS PARADE,PLASTERS IN TIN WOODLAND ANIMALS  -->  PLASTERS IN TIN CIRCUS PARADE,0.013509069290900351,0.4188235294117647,13.842537871335827,0.03225480027321713,0.03025626755040603,0.012533159424048984,1.6685873938910019
PLASTERS IN TIN CIRCUS PARADE,PLASTERS IN TIN WOODLAND ANIMALS,PLASTERS IN TIN CIRCUS PARADE  -->  PLASTERS IN TIN WOODLAND ANIMALS,0.013509069290900351,0.44648829431438125,13.842537871335825,0.03025626755040603,0.03225480027321713,0.012533159424048984,1.748373502829656
PLASTERS IN TIN STRONGMAN,PLASTERS IN TIN SPACEBOY,PLASTERS IN TIN STRONGMAN  -->  PLASTERS IN TIN SPACEBOY,0.010523919147967315,0.4351464435146443,13.241650320007986,0.024184775734271042,0.03286194945483063,0.009729160270211286,1.7121925487429295
PLASTERS IN TIN SPACEBOY,PLASTERS IN TIN STRONGMAN,PLASTERS IN TIN SPACEBOY  -->  PLASTERS IN TIN STRONGMAN,0.010523919147967315,0.3202463433410315,13.241650320007986,0.03286194945483063,0.024184775734271042,0.009729160270211286,1.4355424420398435
CHARLOTTE BAG PINK POLKADOT,WOODLAND CHARLOTTE BAG,CHARLOTTE BAG PINK POLKADOT  -->  WOODLAND CHARLOTTE BAG,0.011965898454299375,0.522075055187638,13.119583507000726,0.022919881605909586,0.03979356927825141,0.011053834557765293,2.0091155340274924
WOODLAND CHARLOTTE BAG,CHARLOTTE BAG PINK POLKADOT,WOODLAND CHARLOTTE BAG  -->  CHARLOTTE BAG PINK POLKADOT,0.011965898454299375,0.30069930069930073,13.119583507000726,0.03979356927825141,0.022919881605909586,0.011053834557765293,1.3972245693035492
PLASTERS IN TIN WOODLAND ANIMALS,PLASTERS IN TIN STRONGMAN,PLASTERS IN TIN WOODLAND ANIMALS  -->  PLASTERS IN TIN STRONGMAN,0.010169748792026107,0.31529411764705884,13.036884075806055,0.03225480027321713,0.024184775734271042,0.009389673681064647,1.4251596917970268
PLASTERS IN TIN STRONGMAN,PLASTERS IN TIN WOODLAND ANIMALS,PLASTERS IN TIN STRONGMAN  -->  PLASTERS IN TIN WOODLAND ANIMALS,0.010169748792026107,0.42050209205020916,13.036884075806054,0.024184775734271042,0.03225480027321713,0.009389673681064647,1.6699718609003689
RED RETROSPOT CHARLOTTE BAG,STRAWBERRY CHARLOTTE BAG,RED RETROSPOT CHARLOTTE BAG  -->  STRAWBERRY CHARLOTTE BAG,0.0144197930633206,0.454183266932271,13.019151819119465,0.031748842621872546,0.03488578006020896,0.013312209922447768,1.7682019649991794
STRAWBERRY CHARLOTTE BAG,RED RETROSPOT CHARLOTTE BAG,STRAWBERRY CHARLOTTE BAG  -->  RED RETROSPOT CHARLOTTE BAG,0.0144197930633206,0.41334300217548947,13.019151819119463,0.03488578006020896,0.031748842621872546,0.013312209922447768,1.6504553102897872
PLASTERS IN TIN SKULLS,PLASTERS IN TIN VINTAGE PAISLEY,PLASTERS IN TIN SKULLS  -->  PLASTERS IN TIN VINTAGE PAISLEY,0.010017961496622733,0.363302752293578,12.753991558981213,0.027574691998279745,0.028485415770699993,0.00923248493030274,1.5258658455474599
PLASTERS IN TIN VINTAGE PAISLEY,PLASTERS IN TIN SKULLS,PLASTERS IN TIN VINTAGE PAISLEY  -->  PLASTERS IN TIN SKULLS,0.010017961496622733,0.35168738898756663,12.75399155898121,0.028485415770699993,0.027574691998279745,0.00923248493030274,1.4999327353560783
60 TEATIME FAIRY CAKE CASES + PACK OF 60 PINK PAISLEY CAKE CASES,72 SWEETHEART FAIRY CAKE CASES,60 TEATIME FAIRY CAKE CASES + PACK OF 60 PINK PAISLEY CAKE CASES  -->  72 SWEETHEART FAIRY CAKE CASES,0.010979281034177439,0.4686825053995681,12.689418325985978,0.023425839257254166,0.03693490854815452,0.01011404980354699,1.8125981192772538
PLASTERS IN TIN WOODLAND ANIMALS,PLASTERS IN TIN SKULLS,PLASTERS IN TIN WOODLAND ANIMALS  -->  PLASTERS IN TIN SKULLS,0.011282855624984189,0.3498039215686275,12.68568735384062,0.03225480027321713,0.027574691998279745,0.010393439441984197,1.4955877776866024
PLASTERS IN TIN SKULLS,PLASTERS IN TIN WOODLAND ANIMALS,PLASTERS IN TIN SKULLS  -->  PLASTERS IN TIN WOODLAND ANIMALS,0.011282855624984189,0.40917431192660547,12.685687353840619,0.027574691998279745,0.03225480027321713,0.010393439441984197,1.6379538318357039
72 SWEETHEART FAIRY CAKE CASES + PACK OF 60 PINK PAISLEY CAKE CASES,60 TEATIME FAIRY CAKE CASES,72 SWEETHEART FAIRY CAKE CASES + PACK OF 60 PINK PAISLEY CAKE CASES  -->  60 TEATIME FAIRY CAKE CASES,0.010979281034177439,0.6813186813186813,12.661892879100215,0.01611475119532495,0.053808596220496344,0.010112168893914439,2.9690833704805115
WOODLAND CHARLOTTE BAG,STRAWBERRY CHARLOTTE BAG,WOODLAND CHARLOTTE BAG  -->  STRAWBERRY CHARLOTTE BAG,0.017531432619089782,0.4405594405594406,12.628625181924674,0.03979356927825141,0.03488578006020896,0.016143202913438015,1.7251416681423768
STRAWBERRY CHARLOTTE BAG,WOODLAND CHARLOTTE BAG,STRAWBERRY CHARLOTTE BAG  -->  WOODLAND CHARLOTTE BAG,0.017531432619089782,0.5025380710659898,12.628625181924674,0.03488578006020896,0.03979356927825141,0.016143202913438015,1.9302108862467802
STRAWBERRY CHARLOTTE BAG,CHARLOTTE BAG SUKI DESIGN,STRAWBERRY CHARLOTTE BAG  -->  CHARLOTTE BAG SUKI DESIGN,0.01553289989627868,0.4452501812907904,12.544757246075307,0.03488578006020896,0.03549292924182246,0.014294701373055904,1.738634314477813
CHARLOTTE BAG SUKI DESIGN,STRAWBERRY CHARLOTTE BAG,CHARLOTTE BAG SUKI DESIGN  -->  STRAWBERRY CHARLOTTE BAG,0.01553289989627868,0.4376336421952958,12.544757246075307,0.03549292924182246,0.03488578006020896,0.014294701373055904,1.7161663505393243
PACK OF 60 SPACEBOY CAKE CASES,PACK OF 60 DINOSAUR CAKE CASES,PACK OF 60 SPACEBOY CAKE CASES  -->  PACK OF 60 DINOSAUR CAKE CASES,0.011510536568089251,0.41251133272892115,12.514321159970471,0.027903564471653722,0.032963140985099545,0.010590747438423314,1.6460519374898692
PACK OF 60 DINOSAUR CAKE CASES,PACK OF 60 SPACEBOY CAKE CASES,PACK OF 60 DINOSAUR CAKE CASES  -->  PACK OF 60 SPACEBOY CAKE CASES,0.011510536568089251,0.34919416730621644,12.514321159970471,0.032963140985099545,0.027903564471653722,0.010590747438423314,1.4936811975158433
BAKING SET SPACEBOY DESIGN,BAKING SET 9 PIECE RETROSPOT,BAKING SET SPACEBOY DESIGN  -->  BAKING SET 9 PIECE RETROSPOT,0.01439449518075337,0.6040339702760085,12.47484786365744,0.023830605378329834,0.04842014723367654,0.013240613759666996,2.4031855799085164
CHARLOTTE BAG SUKI DESIGN,WOODLAND CHARLOTTE BAG,CHARLOTTE BAG SUKI DESIGN  -->  WOODLAND CHARLOTTE BAG,0.017506134736522554,0.49322879543834647,12.394685985303495,0.03549292924182246,0.03979356927825141,0.016093744397850017,1.8947533365718898
WOODLAND CHARLOTTE BAG,CHARLOTTE BAG SUKI DESIGN,WOODLAND CHARLOTTE BAG  -->  CHARLOTTE BAG SUKI DESIGN,0.017506134736522554,0.4399237126509854,12.394685985303495,0.03979356927825141,0.03549292924182246,0.016093744397850017,1.7220994577782218
VINTAGE SNAP CARDS,VINTAGE HEADS AND TAILS CARD GAME,VINTAGE SNAP CARDS  -->  VINTAGE HEADS AND TAILS CARD GAME,0.019378178046497507,0.40572033898305077,12.214561522971069,0.04776240228692859,0.03321611981077184,0.017791696369684605,1.6268163688032644
VINTAGE HEADS AND TAILS CARD GAME,VINTAGE SNAP CARDS,VINTAGE HEADS AND TAILS CARD GAME  -->  VINTAGE SNAP CARDS,0.019378178046497507,0.5833968012185833,12.214561522971069,0.03321611981077184,0.04776240228692859,0.017791696369684605,2.2857184018231487
PLASTERS IN TIN SPACEBOY,PLASTERS IN TIN VINTAGE PAISLEY,PLASTERS IN TIN SPACEBOY  -->  PLASTERS IN TIN VINTAGE PAISLEY,0.011409345037820335,0.34719014626635875,12.188347506006123,0.03286194945483063,0.028485415770699993,0.010473258744563757,1.4882045340965337
PLASTERS IN TIN VINTAGE PAISLEY,PLASTERS IN TIN SPACEBOY,PLASTERS IN TIN VINTAGE PAISLEY  -->  PLASTERS IN TIN SPACEBOY,0.011409345037820335,0.4005328596802842,12.188347506006123,0.028485415770699993,0.03286194945483063,0.010473258744563757,1.6133295480205343
SWEETHEART CERAMIC TRINKET BOX,STRAWBERRY CERAMIC TRINKET BOX,SWEETHEART CERAMIC TRINKET BOX  -->  STRAWBERRY CERAMIC TRINKET BOX,0.026613372460725038,0.7098515519568152,12.14706579969738,0.03749146196463356,0.058438108730299275,0.0244224423299779,3.2451040066551085
STRAWBERRY CERAMIC TRINKET BOX,SWEETHEART CERAMIC TRINKET BOX,STRAWBERRY CERAMIC TRINKET BOX  -->  SWEETHEART CERAMIC TRINKET BOX,0.026613372460725038,0.45541125541125543,12.14706579969738,0.058438108730299275,0.03749146196463356,0.0244224423299779,1.7674043901921277
LUNCH BAG RED RETROSPOT,LUNCH BAG PINK POLKADOT,LUNCH BAG RED RETROSPOT  -->  LUNCH BAG PINK POLKADOT,0.01818917756583774,0.3913990201415351,12.077761020433053,0.046472210275999896,0.032406587568620505,0.0166831718140212,1.5898650256139932
LUNCH BAG PINK POLKADOT,LUNCH BAG RED RETROSPOT,LUNCH BAG PINK POLKADOT  -->  LUNCH BAG RED RETROSPOT,0.01818917756583774,0.5612802498048399,12.077761020433053,0.032406587568620505,0.046472210275999896,0.0166831718140212,2.173432559851324
FELTCRAFT 6 FLOWER FRIENDS,FELTCRAFT BUTTERFLY HEARTS,FELTCRAFT 6 FLOWER FRIENDS  -->  FELTCRAFT BUTTERFLY HEARTS,0.012067089984568291,0.34515195369030394,12.052572064862213,0.034961673707910645,0.028637203066103366,0.011065885435064007,1.4833407573067903
FELTCRAFT BUTTERFLY HEARTS,FELTCRAFT 6 FLOWER FRIENDS,FELTCRAFT BUTTERFLY HEARTS  -->  FELTCRAFT 6 FLOWER FRIENDS,0.012067089984568291,0.4213780918727915,12.052572064862211,0.028637203066103366,0.034961673707910645,0.011065885435064007,1.6678219623857178
PLASTERS IN TIN SKULLS,PLASTERS IN TIN SPACEBOY,PLASTERS IN TIN SKULLS  -->  PLASTERS IN TIN SPACEBOY,0.010878089503908523,0.39449541284403666,12.004626000240126,0.027574691998279745,0.03286194945483063,0.009971931369228531,1.5972431440821735
PLASTERS IN TIN SPACEBOY,PLASTERS IN TIN SKULLS,PLASTERS IN TIN SPACEBOY  -->  PLASTERS IN TIN SKULLS,0.010878089503908523,0.3310238645111624,12.004626000240126,0.03286194945483063,0.027574691998279745,0.009971931369228531,1.4536023879105116
PLASTERS IN TIN VINTAGE PAISLEY,PLASTERS IN TIN WOODLAND ANIMALS,PLASTERS IN TIN VINTAGE PAISLEY  -->  PLASTERS IN TIN WOODLAND ANIMALS,0.010979281034177439,0.3854351687388987,11.949699439278374,0.028485415770699993,0.03225480027321713,0.010060489637793962,1.574683663139245
PLASTERS IN TIN WOODLAND ANIMALS,PLASTERS IN TIN VINTAGE PAISLEY,PLASTERS IN TIN WOODLAND ANIMALS  -->  PLASTERS IN TIN VINTAGE PAISLEY,0.010979281034177439,0.3403921568627451,11.949699439278374,0.03225480027321713,0.028485415770699993,0.010060489637793962,1.472866938040853
WHITE HANGING HEART T-LIGHT HOLDER + WOODEN FRAME ANTIQUE WHITE,WOODEN PICTURE FRAME WHITE FINISH,WHITE HANGING HEART T-LIGHT HOLDER + WOODEN FRAME ANTIQUE WHITE  -->  WOODEN PICTURE FRAME WHITE FINISH,0.012826026461585165,0.6042908224076281,11.907782611640643,0.021224923473905234,0.05074755242986162,0.011748913544773358,2.39886386599803
JUMBO BAG RED RETROSPOT + JUMBO SHOPPER VINTAGE RED PAISLEY,JUMBO BAG PINK POLKADOT,JUMBO BAG RED RETROSPOT + JUMBO SHOPPER VINTAGE RED PAISLEY  -->  JUMBO BAG PINK POLKADOT,0.011055174681879127,0.433531746031746,11.876005813505813,0.025500265627766958,0.036504844544511625,0.010124291449293742,1.7008811150597762
JUMBO BAG PINK POLKADOT,JUMBO BAG RED RETROSPOT + JUMBO SHOPPER VINTAGE RED PAISLEY,JUMBO BAG PINK POLKADOT  -->  JUMBO BAG RED RETROSPOT + JUMBO SHOPPER VINTAGE RED PAISLEY,0.011055174681879127,0.30284130284130284,11.876005813505813,0.036504844544511625,0.025500265627766958,0.010124291449293742,1.3978162193828352
RED RETROSPOT CHARLOTTE BAG,WOODLAND CHARLOTTE BAG,RED RETROSPOT CHARLOTTE BAG  -->  WOODLAND CHARLOTTE BAG,0.01497634647979964,0.47171314741035864,11.854004452628143,0.031748842621872546,0.03979356927825141,0.013712946711421854,1.8175853251218623
WOODLAND CHARLOTTE BAG,RED RETROSPOT CHARLOTTE BAG,WOODLAND CHARLOTTE BAG  -->  RED RETROSPOT CHARLOTTE BAG,0.01497634647979964,0.37635092180546725,11.854004452628141,0.03979356927825141,0.031748842621872546,0.013712946711421854,1.5525576662138578
JUMBO BAG RED RETROSPOT + JUMBO STORAGE BAG SUKI,JUMBO BAG PINK POLKADOT,JUMBO BAG RED RETROSPOT + JUMBO STORAGE BAG SUKI  -->  JUMBO BAG PINK POLKADOT,0.011991196336866605,0.4324817518248176,11.847242666585734,0.027726479293683118,0.036504844544511625,0.010979045520484083,1.697734228905491
JUMBO BAG PINK POLKADOT,JUMBO BAG RED RETROSPOT + JUMBO STORAGE BAG SUKI,JUMBO BAG PINK POLKADOT  -->  JUMBO BAG RED RETROSPOT + JUMBO STORAGE BAG SUKI,0.011991196336866605,0.3284823284823285,11.847242666585734,0.036504844544511625,0.027726479293683118,0.010979045520484083,1.4478748094728744
60 TEATIME FAIRY CAKE CASES + 72 SWEETHEART FAIRY CAKE CASES,PACK OF 60 PINK PAISLEY CAKE CASES,60 TEATIME FAIRY CAKE CASES + 72 SWEETHEART FAIRY CAKE CASES  -->  PACK OF 60 PINK PAISLEY CAKE CASES,0.010979281034177439,0.592896174863388,11.75945453897384,0.01851805003921172,0.05041867995648764,0.0100456253958322,2.3325286116505066
WHITE HANGING HEART T-LIGHT HOLDER + WOODEN PICTURE FRAME WHITE FINISH,WOODEN FRAME ANTIQUE WHITE,WHITE HANGING HEART T-LIGHT HOLDER + WOODEN PICTURE FRAME WHITE FINISH  -->  WOODEN FRAME ANTIQUE WHITE,0.012826026461585165,0.6086434573829532,11.684831096110129,0.02107313617850186,0.05208834020592477,0.011728361775113579,2.422117830087315
60 CAKE CASES VINTAGE CHRISTMAS,PAPER CHAIN KIT VINTAGE CHRISTMAS,60 CAKE CASES VINTAGE CHRISTMAS  -->  PAPER CHAIN KIT VINTAGE CHRISTMAS,0.011029876799311897,0.4196342637151107,11.624192579113252,0.026284499987351058,0.03610007842343596,0.010081004288447722,1.6608491186037313
PAPER CHAIN KIT VINTAGE CHRISTMAS,60 CAKE CASES VINTAGE CHRISTMAS,PAPER CHAIN KIT VINTAGE CHRISTMAS  -->  60 CAKE CASES VINTAGE CHRISTMAS,0.011029876799311897,0.3055360896986685,11.624192579113252,0.03610007842343596,0.026284499987351058,0.010081004288447722,1.4021110176771443
PAPER CHAIN KIT 50'S CHRISTMAS,PAPER CHAIN KIT VINTAGE CHRISTMAS,PAPER CHAIN KIT 50'S CHRISTMAS  -->  PAPER CHAIN KIT VINTAGE CHRISTMAS,0.021224923473905234,0.4157581764122894,11.516821972951217,0.05105112702066837,0.03610007842343596,0.019381973784854317,1.6498304001200221
PAPER CHAIN KIT VINTAGE CHRISTMAS,PAPER CHAIN KIT 50'S CHRISTMAS,PAPER CHAIN KIT VINTAGE CHRISTMAS  -->  PAPER CHAIN KIT 50'S CHRISTMAS,0.021224923473905234,0.587946741415557,11.516821972951215,0.03610007842343596,0.05105112702066837,0.019381973784854317,2.302976261465146
JUMBO BAG SCANDINAVIAN PAISLEY,JUMBO BAG PINK VINTAGE PAISLEY,JUMBO BAG SCANDINAVIAN PAISLEY  -->  JUMBO BAG PINK VINTAGE PAISLEY,0.010448025500265627,0.46931818181818175,11.458726626986353,0.02226213665916163,0.04095727187634395,0.009536229116568021,1.807189723230872
CHOCOLATE HOT WATER BOTTLE,HOT WATER BOTTLE TEA AND SYMPATHY,CHOCOLATE HOT WATER BOTTLE  -->  HOT WATER BOTTLE TEA AND SYMPATHY,0.0196311568721698,0.45090063916327716,11.25941337048969,0.04353765589820132,0.040046548103923704,0.0178876240409104,1.748232688585341
HOT WATER BOTTLE TEA AND SYMPATHY,CHOCOLATE HOT WATER BOTTLE,HOT WATER BOTTLE TEA AND SYMPATHY  -->  CHOCOLATE HOT WATER BOTTLE,0.0196311568721698,0.4902084649399873,11.25941337048969,0.040046548103923704,0.04353765589820132,0.0178876240409104,1.8761832598675927
SET OF 20 VINTAGE CHRISTMAS NAPKINS,PAPER CHAIN KIT VINTAGE CHRISTMAS,SET OF 20 VINTAGE CHRISTMAS NAPKINS  -->  PAPER CHAIN KIT VINTAGE CHRISTMAS,0.011156366212148043,0.40607734806629836,11.248655565320748,0.027473500468010826,0.03610007842343596,0.010164570690686547,1.6229384726079823
PAPER CHAIN KIT VINTAGE CHRISTMAS,SET OF 20 VINTAGE CHRISTMAS NAPKINS,PAPER CHAIN KIT VINTAGE CHRISTMAS  -->  SET OF 20 VINTAGE CHRISTMAS NAPKINS,0.011156366212148043,0.3090399439383321,11.248655565320746,0.03610007842343596,0.027473500468010826,0.010164570690686547,1.4075003193023818
LUNCH BAG CARS BLUE + LUNCH BAG SPACEBOY DESIGN,LUNCH BAG WOODLAND,LUNCH BAG CARS BLUE + LUNCH BAG SPACEBOY DESIGN  -->  LUNCH BAG WOODLAND,0.011181664094715273,0.5470297029702971,11.227174002446974,0.02044068911432113,0.04872372182448329,0.010185717644408347,2.100085335425731
JUMBO BAG TOYS,JUMBO BAG WOODLAND ANIMALS,JUMBO BAG TOYS  -->  JUMBO BAG WOODLAND ANIMALS,0.010574514913101773,0.3973384030418251,11.099922073385374,0.026613372460725038,0.03579650383262921,0.009621849223812241,1.5999086403281926
DOLLY GIRL LUNCH BOX,LUNCH BOX I LOVE LONDON,DOLLY GIRL LUNCH BOX  -->  LUNCH BOX I LOVE LONDON,0.010169748792026107,0.30157539384846216,11.099603113068772,0.03372207746211642,0.027169925877204078,0.00925352244695507,1.3928920395334985
LUNCH BOX I LOVE LONDON,DOLLY GIRL LUNCH BOX,LUNCH BOX I LOVE LONDON  -->  DOLLY GIRL LUNCH BOX,0.010169748792026107,0.3743016759776536,11.09960311306877,0.027169925877204078,0.03372207746211642,0.00925352244695507,1.5443191797703675
CHOCOLATE THIS WAY METAL SIGN,HAND OVER THE CHOCOLATE SIGN,CHOCOLATE THIS WAY METAL SIGN  -->  HAND OVER THE CHOCOLATE SIGN,0.010068557261757191,0.4086242299794661,11.063361086889259,0.024640137620481166,0.03693490854815452,0.009158476032130778,1.6285163178369748
HEART OF WICKER SMALL + WHITE HANGING HEART T-LIGHT HOLDER,HEART OF WICKER LARGE,HEART OF WICKER SMALL + WHITE HANGING HEART T-LIGHT HOLDER  -->  HEART OF WICKER LARGE,0.010701004325937919,0.5423076923076924,10.982008590794452,0.019732348402438715,0.04938146677123125,0.009726592018984534,2.076981669239327
72 SWEETHEART FAIRY CAKE CASES,PACK OF 60 DINOSAUR CAKE CASES,72 SWEETHEART FAIRY CAKE CASES  -->  PACK OF 60 DINOSAUR CAKE CASES,0.013306686230362519,0.36027397260273974,10.929600815820184,0.03693490854815452,0.032963140985099545,0.012089195632617943,1.5116421993166538
PACK OF 60 DINOSAUR CAKE CASES,72 SWEETHEART FAIRY CAKE CASES,PACK OF 60 DINOSAUR CAKE CASES  -->  72 SWEETHEART FAIRY CAKE CASES,0.013306686230362519,0.4036838066001535,10.929600815820184,0.032963140985099545,0.03693490854815452,0.012089195632617943,1.6150242138503923
COOK WITH WINE METAL SIGN,GIN + TONIC DIET METAL SIGN,COOK WITH WINE METAL SIGN  -->  GIN + TONIC DIET METAL SIGN,0.016013559665056035,0.4442105263157895,10.913112426809723,0.0360494826583015,0.04070429305067166,0.014546190958607425,1.7260055333368598
GIN + TONIC DIET METAL SIGN,COOK WITH WINE METAL SIGN,GIN + TONIC DIET METAL SIGN  -->  COOK WITH WINE METAL SIGN,0.016013559665056035,0.3934120571783717,10.913112426809723,0.04070429305067166,0.0360494826583015,0.014546190958607425,1.5891356377077797
LUNCH BAG BLACK SKULL. + LUNCH BAG CARS BLUE,LUNCH BAG WOODLAND,LUNCH BAG BLACK SKULL. + LUNCH BAG CARS BLUE  -->  LUNCH BAG WOODLAND,0.011890004806597687,0.5316742081447963,10.912019612541876,0.022363328189430546,0.04872372182448329,0.010800380224826248,2.0312276084713927
LUNCH BAG BLACK SKULL. + LUNCH BAG WOODLAND,LUNCH BAG CARS BLUE,LUNCH BAG BLACK SKULL. + LUNCH BAG WOODLAND  -->  LUNCH BAG CARS BLUE,0.011890004806597687,0.5696969696969697,10.894799958950902,0.020870753117964026,0.0522907232664626,0.010798658030943568,2.2024229670568123
HOT WATER BOTTLE I AM SO POORLY,HOT WATER BOTTLE TEA AND SYMPATHY,HOT WATER BOTTLE I AM SO POORLY  -->  HOT WATER BOTTLE TEA AND SYMPATHY,0.011156366212148043,0.4362017804154303,10.892369032243552,0.025576159275468642,0.040046548103923704,0.010132129319409374,1.702654280468304
LUNCH BOX I LOVE LONDON,SPACEBOY LUNCH BOX,LUNCH BOX I LOVE LONDON  -->  SPACEBOY LUNCH BOX,0.010220344557160565,0.3761638733705773,10.869431104141484,0.027169925877204078,0.03460750335196944,0.009280061256292464,1.5475097632835593
LUNCH BAG CARS BLUE + LUNCH BAG SPACEBOY DESIGN,LUNCH BAG SUKI DESIGN,LUNCH BAG CARS BLUE + LUNCH BAG SPACEBOY DESIGN  -->  LUNCH BAG SUKI DESIGN,0.013230792582660831,0.6472772277227723,10.827855071795797,0.02044068911432113,0.059778896506362415,0.012008870743577099,2.665609303939857
JUMBO BAG WOODLAND ANIMALS,JUMBO BAG OWLS,JUMBO BAG WOODLAND ANIMALS  -->  JUMBO BAG OWLS,0.012876622226719623,0.3597173144876325,10.821358998768359,0.03579650383262921,0.03324141769333907,0.011686695690857982,1.5098933708211093
JUMBO BAG OWLS,JUMBO BAG WOODLAND ANIMALS,JUMBO BAG OWLS  -->  JUMBO BAG WOODLAND ANIMALS,0.012876622226719623,0.38736681887366814,10.821358998768359,0.03324141769333907,0.03579650383262921,0.011686695690857982,1.5738675701415217
LUNCH BAG SUKI DESIGN + LUNCH BAG WOODLAND,LUNCH BAG SPACEBOY DESIGN,LUNCH BAG SUKI DESIGN + LUNCH BAG WOODLAND  -->  LUNCH BAG SPACEBOY DESIGN,0.011814111158896001,0.5751231527093597,10.784650428580777,0.020541880644590046,0.05332793645171899,0.010718655053282507,2.2281093205832008
LUNCH BAG SUKI DESIGN + LUNCH BAG WOODLAND,LUNCH BAG CARS BLUE,LUNCH BAG SUKI DESIGN + LUNCH BAG WOODLAND  -->  LUNCH BAG CARS BLUE,0.011459940802954793,0.5578817733990148,10.668847905510235,0.020541880644590046,0.0522907232664626,0.01038579100679583,2.143565272166107
WOODEN FRAME ANTIQUE WHITE,WOODEN PICTURE FRAME WHITE FINISH,WOODEN FRAME ANTIQUE WHITE  -->  WOODEN PICTURE FRAME WHITE FINISH,0.028181841179893242,0.5410393394851869,10.661387861669967,0.05208834020592477,0.05074755242986162,0.025538485404308607,2.068265385763931
WOODEN PICTURE FRAME WHITE FINISH,WOODEN FRAME ANTIQUE WHITE,WOODEN PICTURE FRAME WHITE FINISH  -->  WOODEN FRAME ANTIQUE WHITE,0.028181841179893242,0.555333998005982,10.661387861669967,0.05074755242986162,0.05208834020592477,0.025538485404308607,2.131738553303716
JUMBO BAG RED RETROSPOT + JUMBO STORAGE BAG SUKI,JUMBO BAG WOODLAND ANIMALS,JUMBO BAG RED RETROSPOT + JUMBO STORAGE BAG SUKI  -->  JUMBO BAG WOODLAND ANIMALS,0.010549217030534545,0.38047445255474455,10.628815996492223,0.027726479293683118,0.03579650383262921,0.009556706008232902,1.5563579260669196
LUNCH BAG CARS BLUE + LUNCH BAG SUKI DESIGN,LUNCH BAG SPACEBOY DESIGN,LUNCH BAG CARS BLUE + LUNCH BAG SUKI DESIGN  -->  LUNCH BAG SPACEBOY DESIGN,0.013230792582660831,0.5617615467239527,10.534094962263344,0.023552328670090314,0.05332793645171899,0.011974795496052255,2.160175713635906
HAND OVER THE CHOCOLATE SIGN,COOK WITH WINE METAL SIGN,HAND OVER THE CHOCOLATE SIGN  -->  COOK WITH WINE METAL SIGN,0.013888537529408789,0.376027397260274,10.430868060562366,0.03693490854815452,0.0360494826583015,0.012557053184216141,1.5448603241700107
COOK WITH WINE METAL SIGN,HAND OVER THE CHOCOLATE SIGN,COOK WITH WINE METAL SIGN  -->  HAND OVER THE CHOCOLATE SIGN,0.013888537529408789,0.38526315789473686,10.430868060562366,0.0360494826583015,0.03693490854815452,0.012557053184216141,1.5666298576699542
LUNCH BAG DOLLY GIRL DESIGN,LUNCH BAG SPACEBOY DESIGN,LUNCH BAG DOLLY GIRL DESIGN  -->  LUNCH BAG SPACEBOY DESIGN,0.013913835411976017,0.5533199195171026,10.375798433866958,0.02514609527182575,0.05332793645171899,0.012572846041311222,2.1193514215472775
LUNCH BAG BLACK SKULL. + LUNCH BAG SPACEBOY DESIGN,LUNCH BAG WOODLAND,LUNCH BAG BLACK SKULL. + LUNCH BAG SPACEBOY DESIGN  -->  LUNCH BAG WOODLAND,0.011333451390118647,0.5045045045045045,10.354391774952521,0.022464519719699462,0.04872372182448329,0.010238896380375392,1.9198484886814973
PACK OF 72 SKULL CAKE CASES,PACK OF 60 DINOSAUR CAKE CASES,PACK OF 72 SKULL CAKE CASES  -->  PACK OF 60 DINOSAUR CAKE CASES,0.012724834931316249,0.3396353814989872,10.303489635666512,0.03746616408206633,0.032963140985099545,0.011489832482508225,1.464398351943832
PACK OF 60 DINOSAUR CAKE CASES,PACK OF 72 SKULL CAKE CASES,PACK OF 60 DINOSAUR CAKE CASES  -->  PACK OF 72 SKULL CAKE CASES,0.012724834931316249,0.3860322333077514,10.303489635666512,0.032963140985099545,0.03746616408206633,0.011489832482508225,1.5677269852513345
LUNCH BAG SPACEBOY DESIGN + LUNCH BAG WOODLAND,LUNCH BAG CARS BLUE,LUNCH BAG SPACEBOY DESIGN + LUNCH BAG WOODLAND  -->  LUNCH BAG CARS BLUE,0.011181664094715273,0.5364077669902912,10.258182206753373,0.020845455235396798,0.0522907232664626,0.010091640163637705,2.044273413687002
PACK OF 60 SPACEBOY CAKE CASES,PACK OF 72 SKULL CAKE CASES,PACK OF 60 SPACEBOY CAKE CASES  -->  PACK OF 72 SKULL CAKE CASES,0.010701004325937919,0.3834995466908432,10.235890331628859,0.027903564471653722,0.03746616408206633,0.009655564800968424,1.5612865014962953
LUNCH BAG BLACK SKULL. + LUNCH BAG WOODLAND,LUNCH BAG SPACEBOY DESIGN,LUNCH BAG BLACK SKULL. + LUNCH BAG WOODLAND  -->  LUNCH BAG SPACEBOY DESIGN,0.011333451390118647,0.5430303030303031,10.1828485998505,0.020870753117964026,0.05332793645171899,0.010220457194144345,2.0716298472873524
HEART OF WICKER LARGE + WHITE HANGING HEART T-LIGHT HOLDER,HEART OF WICKER SMALL,HEART OF WICKER LARGE + WHITE HANGING HEART T-LIGHT HOLDER  -->  HEART OF WICKER SMALL,0.010701004325937919,0.5536649214659686,10.17471905189599,0.01932758228136305,0.05441574540210984,0.009649279529276938,2.1185524061958594
RETROSPOT HEART HOT WATER BOTTLE,SCOTTIE DOG HOT WATER BOTTLE,RETROSPOT HEART HOT WATER BOTTLE  -->  SCOTTIE DOG HOT WATER BOTTLE,0.010169748792026107,0.43225806451612897,10.11647663247961,0.023527030787523086,0.04272812365604999,0.009164482911277125,1.6861038731058209
LUNCH BAG APPLE DESIGN,LUNCH BAG RED RETROSPOT,LUNCH BAG APPLE DESIGN  -->  LUNCH BAG RED RETROSPOT,0.012320068810240583,0.4700772200772201,10.115232679603938,0.02620860633964937,0.046472210275999896,0.011102096945383493,1.7993712024664192
LUNCH BAG CARS BLUE + LUNCH BAG WOODLAND,LUNCH BAG SPACEBOY DESIGN,LUNCH BAG CARS BLUE + LUNCH BAG WOODLAND  -->  LUNCH BAG SPACEBOY DESIGN,0.011181664094715273,0.537712895377129,10.083137116395887,0.02079485947026234,0.05332793645171899,0.010072717150362696,2.0478011479912817
PAINTED METAL PEARS ASSORTED,ASSORTED COLOUR BIRD ORNAMENT,PAINTED METAL PEARS ASSORTED  -->  ASSORTED COLOUR BIRD ORNAMENT,0.013382579878064207,0.7158322056833559,10.080559764323967,0.018695135217182322,0.07101115636621215,0.012055016707869393,3.2691559783112827
PINK DOUGHNUT TRINKET POT,STRAWBERRY CERAMIC TRINKET BOX,PINK DOUGHNUT TRINKET POT  -->  STRAWBERRY CERAMIC TRINKET BOX,0.010245642439727795,0.5844155844155844,10.000590318772137,0.017531432619089782,0.058438108730299275,0.009221138674135512,2.265633300867717
LUNCH BAG CARS BLUE + LUNCH BAG SUKI DESIGN,LUNCH BAG WOODLAND,LUNCH BAG CARS BLUE + LUNCH BAG SUKI DESIGN  -->  LUNCH BAG WOODLAND,0.011459940802954793,0.4865735767991407,9.98637950015225,0.023552328670090314,0.04872372182448329,0.01031238369251451,1.8527996129318118
JUMBO BAG RED RETROSPOT + JUMBO BAG WOODLAND ANIMALS,JUMBO STORAGE BAG SUKI,JUMBO BAG RED RETROSPOT + JUMBO BAG WOODLAND ANIMALS  -->  JUMBO STORAGE BAG SUKI,0.010549217030534545,0.5873239436619718,9.968367612285995,0.01796149662273268,0.05891876849907663,0.009490947769122812,2.2804357486882445
LUNCH BAG SPACEBOY DESIGN + LUNCH BAG SUKI DESIGN,LUNCH BAG CARS BLUE,LUNCH BAG SPACEBOY DESIGN + LUNCH BAG SUKI DESIGN  -->  LUNCH BAG CARS BLUE,0.013230792582660831,0.5209163346613546,9.961926363245613,0.025399074097498038,0.0522907232664626,0.011902656627804183,1.9781707148450551
LUNCH BAG PINK POLKADOT + LUNCH BAG RED RETROSPOT,LUNCH BAG BLACK SKULL.,LUNCH BAG PINK POLKADOT + LUNCH BAG RED RETROSPOT  -->  LUNCH BAG BLACK SKULL.,0.010751600091072377,0.5910987482614742,9.938554836251729,0.01818917756583774,0.05947532191555567,0.009669792899964974,2.300126678716719
LUNCH BAG BLACK SKULL. + LUNCH BAG SPACEBOY DESIGN,LUNCH BAG SUKI DESIGN,LUNCH BAG BLACK SKULL. + LUNCH BAG SPACEBOY DESIGN  -->  LUNCH BAG SUKI DESIGN,0.013331984112929747,0.5934684684684685,9.92772538725776,0.022464519719699462,0.059778896506362415,0.011989079913540696,2.3127876451588647
JUMBO BAG RED RETROSPOT + JUMBO SHOPPER VINTAGE RED PAISLEY,JUMBO BAG PINK VINTAGE PAISLEY,JUMBO BAG RED RETROSPOT + JUMBO SHOPPER VINTAGE RED PAISLEY  -->  JUMBO BAG PINK VINTAGE PAISLEY,0.010296238204862253,0.4037698412698412,9.858318749571064,0.025500265627766958,0.04095727187634395,0.009251816892626812,1.608510931694917
LUNCH BAG BLACK SKULL. + LUNCH BAG SUKI DESIGN,LUNCH BAG SPACEBOY DESIGN,LUNCH BAG BLACK SKULL. + LUNCH BAG SUKI DESIGN  -->  LUNCH BAG SPACEBOY DESIGN,0.013331984112929747,0.5254237288135593,9.852691924227317,0.02537377621493081,0.05332793645171899,0.011978852987399778,1.994773276762449
JUMBO BAG BAROQUE BLACK WHITE + JUMBO SHOPPER VINTAGE RED PAISLEY,JUMBO STORAGE BAG SUKI,JUMBO BAG BAROQUE BLACK WHITE + JUMBO SHOPPER VINTAGE RED PAISLEY  -->  JUMBO STORAGE BAG SUKI,0.010498621265400085,0.5804195804195804,9.851183166339885,0.018087986035568823,0.05891876849907663,0.009432899403555874,2.242910268410534
JUMBO BAG PINK POLKADOT + JUMBO SHOPPER VINTAGE RED PAISLEY,JUMBO BAG RED RETROSPOT,JUMBO BAG PINK POLKADOT + JUMBO SHOPPER VINTAGE RED PAISLEY  -->  JUMBO BAG RED RETROSPOT,0.011055174681879127,0.8092592592592592,9.785625346974383,0.013660856586303727,0.082698778112272,0.009925438534224826,4.809152037081292
HOME BUILDING BLOCK WORD,LOVE BUILDING BLOCK WORD,HOME BUILDING BLOCK WORD  -->  LOVE BUILDING BLOCK WORD,0.021907966303220422,0.4191674733785092,9.7696173674405,0.05226542538389537,0.042905208834020596,0.01966550731232547,1.647798198790761
LOVE BUILDING BLOCK WORD,HOME BUILDING BLOCK WORD,LOVE BUILDING BLOCK WORD  -->  HOME BUILDING BLOCK WORD,0.021907966303220422,0.5106132075471698,9.7696173674405,0.042905208834020596,0.05226542538389537,0.01966550731232547,1.9365757090950764
LUNCH BAG BLACK SKULL. + LUNCH BAG SUKI DESIGN,LUNCH BAG CARS BLUE,LUNCH BAG BLACK SKULL. + LUNCH BAG SUKI DESIGN  -->  LUNCH BAG CARS BLUE,0.012952515874421311,0.5104685942173479,9.762125331793683,0.02537377621493081,0.0522907232664626,0.011625702764141214,1.935951944121666
JUMBO SHOPPER VINTAGE RED PAISLEY + JUMBO STORAGE BAG SUKI,JUMBO BAG BAROQUE BLACK WHITE,JUMBO SHOPPER VINTAGE RED PAISLEY + JUMBO STORAGE BAG SUKI  -->  JUMBO BAG BAROQUE BLACK WHITE,0.010498621265400085,0.46265328874024525,9.738137300645983,0.022692200662804522,0.04750942346125629,0.009420527894843104,1.7725810106955457
LUNCH BAG BLACK SKULL. + LUNCH BAG SPACEBOY DESIGN,LUNCH BAG CARS BLUE,LUNCH BAG BLACK SKULL. + LUNCH BAG SPACEBOY DESIGN  -->  LUNCH BAG CARS BLUE,0.011384047155253105,0.5067567567567567,9.691140705291646,0.022464519719699462,0.0522907232664626,0.01020936117127631,1.9213831911858017
LUNCH BAG BLACK SKULL. + LUNCH BAG CARS BLUE,LUNCH BAG SUKI DESIGN,LUNCH BAG BLACK SKULL. + LUNCH BAG CARS BLUE  -->  LUNCH BAG SUKI DESIGN,0.012952515874421311,0.5791855203619909,9.68879578264458,0.022363328189430546,0.059778896506362415,0.011615660793047525,2.234288858839719
PACK OF 60 MUSHROOM CAKE CASES,PACK OF 60 PINK PAISLEY CAKE CASES,PACK OF 60 MUSHROOM CAKE CASES  -->  PACK OF 60 PINK PAISLEY CAKE CASES,0.011738217511194313,0.488421052631579,9.687303456835767,0.024032988438867666,0.05041867995648764,0.010526505958697077,1.8561774774513102
JUMBO BAG PINK VINTAGE PAISLEY + JUMBO BAG RED RETROSPOT,JUMBO SHOPPER VINTAGE RED PAISLEY,JUMBO BAG PINK VINTAGE PAISLEY + JUMBO BAG RED RETROSPOT  -->  JUMBO SHOPPER VINTAGE RED PAISLEY,0.010296238204862253,0.5334207077326343,9.619337206187637,0.019302284398795822,0.055452958587366236,0.009225869427454262,2.0244084061737064
LUNCH BAG CARS BLUE + LUNCH BAG WOODLAND,LUNCH BAG BLACK SKULL.,LUNCH BAG CARS BLUE + LUNCH BAG WOODLAND  -->  LUNCH BAG BLACK SKULL.,0.011890004806597687,0.5717761557177615,9.613670633503784,0.02079485947026234,0.05947532191555567,0.010653223845415094,2.196338878935833
JUMBO BAG PINK POLKADOT + JUMBO STORAGE BAG SUKI,JUMBO BAG RED RETROSPOT,JUMBO BAG PINK POLKADOT + JUMBO STORAGE BAG SUKI  -->  JUMBO BAG RED RETROSPOT,0.011991196336866605,0.7939698492462312,9.600744622469952,0.015102835892635787,0.082698778112272,0.010742210262515461,4.4522669062355575
PACK OF 60 DINOSAUR CAKE CASES,60 TEATIME FAIRY CAKE CASES,PACK OF 60 DINOSAUR CAKE CASES  -->  60 TEATIME FAIRY CAKE CASES,0.0170254749677452,0.5165003837298542,9.598845166176496,0.032963140985099545,0.053808596220496344,0.015251774624318683,1.9569641255947512
60 TEATIME FAIRY CAKE CASES,PACK OF 60 DINOSAUR CAKE CASES,60 TEATIME FAIRY CAKE CASES  -->  PACK OF 60 DINOSAUR CAKE CASES,0.0170254749677452,0.3164080865068171,9.598845166176496,0.053808596220496344,0.032963140985099545,0.015251774624318683,1.4146405771146444
LUNCH BAG SUKI DESIGN + LUNCH BAG WOODLAND,LUNCH BAG BLACK SKULL.,LUNCH BAG SUKI DESIGN + LUNCH BAG WOODLAND  -->  LUNCH BAG BLACK SKULL.,0.011687621746059855,0.5689655172413793,9.566413411754352,0.020541880644590046,0.05947532191555567,0.01046588678197194,2.182017253155911
LUNCH BAG SPACEBOY DESIGN + LUNCH BAG SUKI DESIGN,LUNCH BAG WOODLAND,LUNCH BAG SPACEBOY DESIGN + LUNCH BAG SUKI DESIGN  -->  LUNCH BAG WOODLAND,0.011814111158896001,0.46513944223107573,9.546467815136133,0.025399074097498038,0.04872372182448329,0.010576573737970068,1.7785500619892345
JUMBO BAG BAROQUE BLACK WHITE + JUMBO STORAGE BAG SUKI,JUMBO SHOPPER VINTAGE RED PAISLEY,JUMBO BAG BAROQUE BLACK WHITE + JUMBO STORAGE BAG SUKI  -->  JUMBO SHOPPER VINTAGE RED PAISLEY,0.010498621265400085,0.5293367346938774,9.545689683263815,0.019833539932707634,0.055452958587366236,0.009398792796870774,2.006842494491883
LUNCH BAG BLACK SKULL. + LUNCH BAG CARS BLUE,LUNCH BAG SPACEBOY DESIGN,LUNCH BAG BLACK SKULL. + LUNCH BAG CARS BLUE  -->  LUNCH BAG SPACEBOY DESIGN,0.011384047155253105,0.5090497737556561,9.545649196768183,0.022363328189430546,0.05332793645171899,0.010191457010718217,1.9282444796697704
NO SINGING METAL SIGN,HAND OVER THE CHOCOLATE SIGN,NO SINGING METAL SIGN  -->  HAND OVER THE CHOCOLATE SIGN,0.010245642439727795,0.3515625,9.518434289383562,0.02914316071744795,0.03693490854815452,0.009169242463824686,1.4852088157329666
LUNCH BAG SPACEBOY DESIGN + LUNCH BAG WOODLAND,LUNCH BAG SUKI DESIGN,LUNCH BAG SPACEBOY DESIGN + LUNCH BAG WOODLAND  -->  LUNCH BAG SUKI DESIGN,0.011814111158896001,0.566747572815534,9.480729922058927,0.020845455235396798,0.059778896506362415,0.010567992847751204,2.1701461884559032
HAND OVER THE CHOCOLATE SIGN,GIN + TONIC DIET METAL SIGN,HAND OVER THE CHOCOLATE SIGN  -->  GIN + TONIC DIET METAL SIGN,0.014217410002782767,0.3849315068493151,9.456779076598245,0.03693490854815452,0.04070429305067166,0.012714000661438928,1.5596567173118256
GIN + TONIC DIET METAL SIGN,HAND OVER THE CHOCOLATE SIGN,GIN + TONIC DIET METAL SIGN  -->  HAND OVER THE CHOCOLATE SIGN,0.014217410002782767,0.3492852703542573,9.456779076598245,0.04070429305067166,0.03693490854815452,0.012714000661438928,1.4800112054880796
LUNCH BAG BLACK SKULL. + LUNCH BAG SUKI DESIGN,LUNCH BAG WOODLAND,LUNCH BAG BLACK SKULL. + LUNCH BAG SUKI DESIGN  -->  LUNCH BAG WOODLAND,0.011687621746059855,0.4606181455633101,9.453673248168268,0.02537377621493081,0.04872372182448329,0.010451316932126876,1.7636416026063646
JUMBO BAG RED RETROSPOT + JUMBO SHOPPER VINTAGE RED PAISLEY,JUMBO BAG BAROQUE BLACK WHITE,JUMBO BAG RED RETROSPOT + JUMBO SHOPPER VINTAGE RED PAISLEY  -->  JUMBO BAG BAROQUE BLACK WHITE,0.011434642920387563,0.4484126984126984,9.438394864513075,0.025500265627766958,0.04750942346125629,0.010223140002303465,1.7268174481134058
HEART OF WICKER SMALL,HEART OF WICKER LARGE,HEART OF WICKER SMALL  -->  HEART OF WICKER LARGE,0.025323180449796354,0.46536494653649474,9.423878571537449,0.05441574540210984,0.04938146677123125,0.022636051126390288,1.7780699695435496
HEART OF WICKER LARGE,HEART OF WICKER SMALL,HEART OF WICKER LARGE  -->  HEART OF WICKER SMALL,0.025323180449796354,0.5128073770491803,9.423878571537449,0.04938146677123125,0.05441574540210984,0.022636051126390288,1.9408837696898862
LUNCH BAG BLACK SKULL. + LUNCH BAG WOODLAND,LUNCH BAG SUKI DESIGN,LUNCH BAG BLACK SKULL. + LUNCH BAG WOODLAND  -->  LUNCH BAG SUKI DESIGN,0.011687621746059855,0.56,9.367854422344479,0.020870753117964026,0.059778896506362415,0.010439991155411242,2.1368661443037222
LUNCH BAG CARS BLUE + LUNCH BAG SPACEBOY DESIGN,LUNCH BAG BLACK SKULL.,LUNCH BAG CARS BLUE + LUNCH BAG SPACEBOY DESIGN  -->  LUNCH BAG BLACK SKULL.,0.011384047155253105,0.556930693069307,9.364063533107883,0.02044068911432113,0.05947532191555567,0.010168330590003062,2.1227484354531594
60 TEATIME FAIRY CAKE CASES,72 SWEETHEART FAIRY CAKE CASES,60 TEATIME FAIRY CAKE CASES  -->  72 SWEETHEART FAIRY CAKE CASES,0.01851805003921172,0.3441466854724965,9.317653650713915,0.053808596220496344,0.03693490854815452,0.016530634458703113,1.4684153759986203
72 SWEETHEART FAIRY CAKE CASES,60 TEATIME FAIRY CAKE CASES,72 SWEETHEART FAIRY CAKE CASES  -->  60 TEATIME FAIRY CAKE CASES,0.01851805003921172,0.5013698630136987,9.317653650713915,0.03693490854815452,0.053808596220496344,0.016530634458703113,1.8975816614259278
LUNCH BAG RED RETROSPOT + LUNCH BAG SUKI DESIGN,LUNCH BAG BLACK SKULL.,LUNCH BAG RED RETROSPOT + LUNCH BAG SUKI DESIGN  -->  LUNCH BAG BLACK SKULL.,0.010549217030534545,0.5530503978779842,9.298821428208777,0.01907460345569076,0.05947532191555567,0.009414748849595766,2.1043193094233565
JUMBO BAG RED RETROSPOT + JUMBO STORAGE BAG SUKI,JUMBO BAG BAROQUE BLACK WHITE,JUMBO BAG RED RETROSPOT + JUMBO STORAGE BAG SUKI  -->  JUMBO BAG BAROQUE BLACK WHITE,0.012244175162538895,0.4416058394160584,9.29512099375792,0.027726479293683118,0.04750942346125629,0.01092690611668555,1.7057674377229792
LUNCH BAG BLACK SKULL. + LUNCH BAG RED RETROSPOT,LUNCH BAG SUKI DESIGN,LUNCH BAG BLACK SKULL. + LUNCH BAG RED RETROSPOT  -->  LUNCH BAG SUKI DESIGN,0.010549217030534545,0.553784860557769,9.26388563393485,0.01904930557312353,0.059778896506362415,0.00941047056416072,2.107102651579492
LUNCH BAG CARS BLUE + LUNCH BAG SUKI DESIGN,LUNCH BAG BLACK SKULL.,LUNCH BAG CARS BLUE + LUNCH BAG SUKI DESIGN  -->  LUNCH BAG BLACK SKULL.,0.012952515874421311,0.5499462943071965,9.246629973487526,0.023552328670090314,0.05947532191555567,0.011551733544906718,2.08980543030219
SET OF 36 TEATIME PAPER DOILIES,60 TEATIME FAIRY CAKE CASES,SET OF 36 TEATIME PAPER DOILIES  -->  60 TEATIME FAIRY CAKE CASES,0.010220344557160565,0.4975369458128079,9.246421218163839,0.020541880644590046,0.053808596220496344,0.00911501479594619,1.8831064212474433
JUMBO BAG RED RETROSPOT + JUMBO SHOPPER VINTAGE RED PAISLEY,JUMBO STORAGE BAG SUKI,JUMBO BAG RED RETROSPOT + JUMBO SHOPPER VINTAGE RED PAISLEY  -->  JUMBO STORAGE BAG SUKI,0.013863239646841559,0.5436507936507936,9.227124183006534,0.025500265627766958,0.05891876849907663,0.012360795399654196,2.0621953942455016
LUNCH BAG CARS BLUE + LUNCH BAG WOODLAND,LUNCH BAG SUKI DESIGN,LUNCH BAG CARS BLUE + LUNCH BAG WOODLAND  -->  LUNCH BAG SUKI DESIGN,0.011459940802954793,0.551094890510949,9.218886977150783,0.02079485947026234,0.059778896506362415,0.01021684705081763,2.0944762793272904
LUNCH BAG SPACEBOY DESIGN + LUNCH BAG WOODLAND,LUNCH BAG BLACK SKULL.,LUNCH BAG SPACEBOY DESIGN + LUNCH BAG WOODLAND  -->  LUNCH BAG BLACK SKULL.,0.011333451390118647,0.5436893203883495,9.14142711426247,0.020845455235396798,0.05947532191555567,0.010093661229517117,2.061149826440378
JUMBO BAG PINK POLKADOT,JUMBO BAG WOODLAND ANIMALS,JUMBO BAG PINK POLKADOT  -->  JUMBO BAG WOODLAND ANIMALS,0.011940600571732147,0.32709632709632713,9.137661281830894,0.036504844544511625,0.03579650383262921,0.010633854764085003,1.432899737352746
JUMBO BAG WOODLAND ANIMALS,JUMBO BAG PINK POLKADOT,JUMBO BAG WOODLAND ANIMALS  -->  JUMBO BAG PINK POLKADOT,0.011940600571732147,0.3335689045936396,9.137661281830892,0.03579650383262921,0.036504844544511625,0.010633854764085003,1.4457536001797626
WOODEN BOX OF DOMINOES,VINTAGE SNAP CARDS,WOODEN BOX OF DOMINOES  -->  VINTAGE SNAP CARDS,0.012370664575375041,0.43544078361531613,9.116810770937409,0.028409522122998306,0.04776240228692859,0.011013757550956998,1.6866921486305666
JUMBO BAG SPACEBOY DESIGN,JUMBO BAG WOODLAND ANIMALS,JUMBO BAG SPACEBOY DESIGN  -->  JUMBO BAG WOODLAND ANIMALS,0.010296238204862253,0.3261217948717948,9.110437052641116,0.03157175744390195,0.03579650383262921,0.009166079668518777,1.4308275424695347
JUMBO BAG RED RETROSPOT + JUMBO STORAGE BAG SUKI,JUMBO SHOPPER VINTAGE RED PAISLEY,JUMBO BAG RED RETROSPOT + JUMBO STORAGE BAG SUKI  -->  JUMBO SHOPPER VINTAGE RED PAISLEY,0.013863239646841559,0.5,9.016651459854016,0.027726479293683118,0.055452958587366236,0.012325724338795481,1.8890940828252676
LUNCH BAG DOLLY GIRL DESIGN,LUNCH BAG RED RETROSPOT,LUNCH BAG DOLLY GIRL DESIGN  -->  LUNCH BAG RED RETROSPOT,0.010523919147967315,0.4185110663983903,9.005620001993451,0.02514609527182575,0.046472210275999896,0.009355324520874703,1.6398038459959448
LADIES & GENTLEMEN METAL SIGN,PLEASE ONE PERSON METAL SIGN,LADIES & GENTLEMEN METAL SIGN  -->  PLEASE ONE PERSON METAL SIGN,0.011535834450656481,0.41081081081081083,8.971790353889801,0.028080649649624326,0.045789167446684716,0.010250044881838144,1.619532146994159
JUMBO BAG BAROQUE BLACK WHITE + JUMBO BAG RED RETROSPOT,JUMBO STORAGE BAG SUKI,JUMBO BAG BAROQUE BLACK WHITE + JUMBO BAG RED RETROSPOT  -->  JUMBO STORAGE BAG SUKI,0.012244175162538895,0.5283842794759824,8.9680129598137,0.023172860431581878,0.05891876849907663,0.010878858763309109,1.9954407593862167
COOK WITH WINE METAL SIGN,PLEASE ONE PERSON METAL SIGN,COOK WITH WINE METAL SIGN  -->  PLEASE ONE PERSON METAL SIGN,0.014773963419261809,0.4098245614035088,8.95025142967917,0.0360494826583015,0.045789167446684716,0.013123287621454484,1.6168257269779718
PLEASE ONE PERSON METAL SIGN,COOK WITH WINE METAL SIGN,PLEASE ONE PERSON METAL SIGN  -->  COOK WITH WINE METAL SIGN,0.014773963419261809,0.32265193370165746,8.95025142967917,0.045789167446684716,0.0360494826583015,0.013123287621454484,1.4231243363690653
LUNCH BAG BLACK SKULL. + LUNCH BAG SUKI DESIGN,LUNCH BAG RED RETROSPOT,LUNCH BAG BLACK SKULL. + LUNCH BAG SUKI DESIGN  -->  LUNCH BAG RED RETROSPOT,0.010549217030534545,0.415752741774676,8.946265721073038,0.02537377621493081,0.046472210275999896,0.009370041566778117,1.6320620701248671
PACK OF 60 DINOSAUR CAKE CASES,PACK OF 60 PINK PAISLEY CAKE CASES,PACK OF 60 DINOSAUR CAKE CASES  -->  PACK OF 60 PINK PAISLEY CAKE CASES,0.014849857066963495,0.45049884881043745,8.935157548734463,0.032963140985099545,0.05041867995648764,0.01318789901127518,1.7280788547719226
JUMBO BAG BAROQUE BLACK WHITE + JUMBO BAG RED RETROSPOT,JUMBO SHOPPER VINTAGE RED PAISLEY,JUMBO BAG BAROQUE BLACK WHITE + JUMBO BAG RED RETROSPOT  -->  JUMBO SHOPPER VINTAGE RED PAISLEY,0.011434642920387563,0.4934497816593886,8.898529388327542,0.023172860431581878,0.055452958587366236,0.010149639250524235,1.8646661420990784
JUMBO STORAGE BAG SKULLS,JUMBO STORAGE BAG SUKI,JUMBO STORAGE BAG SKULLS  -->  JUMBO STORAGE BAG SUKI,0.01740494320625364,0.5208175624526874,8.839586700812486,0.03341850287130967,0.05891876849907663,0.015435966171993215,1.9639309744276776
LUNCH BAG SPACEBOY DESIGN + LUNCH BAG SUKI DESIGN,LUNCH BAG BLACK SKULL.,LUNCH BAG SPACEBOY DESIGN + LUNCH BAG SUKI DESIGN  -->  LUNCH BAG BLACK SKULL.,0.013331984112929747,0.5249003984063745,8.825515886263537,0.025399074097498038,0.05947532191555567,0.011821366004623999,1.9796368486305702
NO SINGING METAL SIGN,GIN + TONIC DIET METAL SIGN,NO SINGING METAL SIGN  -->  GIN + TONIC DIET METAL SIGN,0.010422727617698399,0.3576388888888889,8.786269508321249,0.02914316071744795,0.04070429305067166,0.009236475863432575,1.4933900735211163
PACK OF 60 MUSHROOM CAKE CASES,60 TEATIME FAIRY CAKE CASES,PACK OF 60 MUSHROOM CAKE CASES  -->  60 TEATIME FAIRY CAKE CASES,0.011358749272685877,0.47263157894736846,8.783570138321828,0.024032988438867666,0.053808596220496344,0.01006556790180699,1.7941753165479613
PACK OF 60 SPACEBOY CAKE CASES,60 TEATIME FAIRY CAKE CASES,PACK OF 60 SPACEBOY CAKE CASES  -->  60 TEATIME FAIRY CAKE CASES,0.013154898934959145,0.471441523118767,8.76145367529936,0.027903564471653722,0.053808596220496344,0.011653447301191342,1.7901357090373797
JUMBO BAG SPACEBOY DESIGN,JUMBO BAG PINK POLKADOT,JUMBO BAG SPACEBOY DESIGN  -->  JUMBO BAG PINK POLKADOT,0.010017961496622733,0.3173076923076923,8.692207740284664,0.03157175744390195,0.036504844544511625,0.008865439399136065,1.4113168474277575
72 SWEETHEART FAIRY CAKE CASES,PACK OF 60 PINK PAISLEY CAKE CASES,72 SWEETHEART FAIRY CAKE CASES  -->  PACK OF 60 PINK PAISLEY CAKE CASES,0.01611475119532495,0.4363013698630137,8.653565905326177,0.03693490854815452,0.05041867995648764,0.014252541862013409,1.6845549541476648
PACK OF 60 PINK PAISLEY CAKE CASES,72 SWEETHEART FAIRY CAKE CASES,PACK OF 60 PINK PAISLEY CAKE CASES  -->  72 SWEETHEART FAIRY CAKE CASES,0.01611475119532495,0.3196186653286503,8.653565905326177,0.05041867995648764,0.03693490854815452,0.014252541862013409,1.4154784124362303
JUMBO BAG TOYS,JUMBO STORAGE BAG SUKI,JUMBO BAG TOYS  -->  JUMBO STORAGE BAG SUKI,0.01355966505603481,0.5095057034220533,8.647595942709465,0.026613372460725038,0.05891876849907663,0.01199163792504165,1.9186384797266889
60 TEATIME FAIRY CAKE CASES,PACK OF 60 PINK PAISLEY CAKE CASES,60 TEATIME FAIRY CAKE CASES  -->  PACK OF 60 PINK PAISLEY CAKE CASES,0.023425839257254166,0.43535496003761165,8.634794889777597,0.053808596220496344,0.05041867995648764,0.02071288086550509,1.681731446904705
PACK OF 60 PINK PAISLEY CAKE CASES,60 TEATIME FAIRY CAKE CASES,PACK OF 60 PINK PAISLEY CAKE CASES  -->  60 TEATIME FAIRY CAKE CASES,0.023425839257254166,0.46462619167084795,8.634794889777597,0.05041867995648764,0.053808596220496344,0.02071288086550509,1.7673472049977044
LUNCH BAG PINK POLKADOT,LUNCH BAG CARS BLUE,LUNCH BAG PINK POLKADOT  -->  LUNCH BAG CARS BLUE,0.014596878241291205,0.4504293520686964,8.613943811283743,0.032406587568620505,0.0522907232664626,0.012902314338730084,1.7244539538290649
JUMBO STORAGE BAG SKULLS,JUMBO BAG WOODLAND ANIMALS,JUMBO STORAGE BAG SKULLS  -->  JUMBO BAG WOODLAND ANIMALS,0.010296238204862253,0.3080999242997729,8.606983680314999,0.03341850287130967,0.03579650383262921,0.009099972638748685,1.3935588823162983
GIN + TONIC DIET METAL SIGN,PLEASE ONE PERSON METAL SIGN,GIN + TONIC DIET METAL SIGN  -->  PLEASE ONE PERSON METAL SIGN,0.015811176604518203,0.3884400248601616,8.483229692097972,0.04070429305067166,0.045789167446684716,0.013947360914222074,1.560289867457606
PLEASE ONE PERSON METAL SIGN,GIN + TONIC DIET METAL SIGN,PLEASE ONE PERSON METAL SIGN  -->  GIN + TONIC DIET METAL SIGN,0.015811176604518203,0.3453038674033149,8.483229692097972,0.045789167446684716,0.04070429305067166,0.013947360914222074,1.4652533582939107
JUMBO BAG SPACEBOY DESIGN,JUMBO STORAGE BAG SUKI,JUMBO BAG SPACEBOY DESIGN  -->  JUMBO STORAGE BAG SUKI,0.015760580839383743,0.4991987179487179,8.472660421552112,0.03157175744390195,0.05891876849907663,0.013900411771437485,1.8791510030610434
CHOCOLATE HOT WATER BOTTLE,SCOTTIE DOG HOT WATER BOTTLE,CHOCOLATE HOT WATER BOTTLE  -->  SCOTTIE DOG HOT WATER BOTTLE,0.015684687191682055,0.3602556653108657,8.431347657829017,0.04353765589820132,0.04272812365604999,0.013824404846769155,1.496335058299671
SCOTTIE DOG HOT WATER BOTTLE,CHOCOLATE HOT WATER BOTTLE,SCOTTIE DOG HOT WATER BOTTLE  -->  CHOCOLATE HOT WATER BOTTLE,0.015684687191682055,0.3670811130846654,8.431347657829017,0.04272812365604999,0.04353765589820132,0.013824404846769155,1.5111926091561625
WOOD 2 DRAWER CABINET WHITE FINISH,WOODEN PICTURE FRAME WHITE FINISH,WOOD 2 DRAWER CABINET WHITE FINISH  -->  WOODEN PICTURE FRAME WHITE FINISH,0.012092387867135521,0.42564559216384684,8.387509776991378,0.028409522122998306,0.05074755242986162,0.01065067415369135,1.6527294552267682
LUNCH BAG DOLLY GIRL DESIGN,LUNCH BAG WOODLAND,LUNCH BAG DOLLY GIRL DESIGN  -->  LUNCH BAG WOODLAND,0.010270940322295023,0.40845070422535207,8.382994749389377,0.02514609527182575,0.04872372182448329,0.009045728971298631,1.608109898820516
JUMBO BAG OWLS,JUMBO STORAGE BAG SUKI,JUMBO BAG OWLS  -->  JUMBO STORAGE BAG SUKI,0.016418325786131702,0.4939117199391172,8.382926740005738,0.03324141769333907,0.05891876849907663,0.014459782392476748,1.8595199070559598
LUNCH BAG PINK POLKADOT,LUNCH BAG BLACK SKULL.,LUNCH BAG PINK POLKADOT  -->  LUNCH BAG BLACK SKULL.,0.01614004907789218,0.4980483996877439,8.374034534775342,0.032406587568620505,0.05947532191555567,0.014212656850063829,1.8737357894652766
JUMBO BAG RED RETROSPOT + JUMBO STORAGE BAG SUKI,JUMBO BAG STRAWBERRY,JUMBO BAG RED RETROSPOT + JUMBO STORAGE BAG SUKI  -->  JUMBO BAG STRAWBERRY,0.010852791621341293,0.3914233576642336,8.341010191433687,0.027726479293683118,0.046927572162210024,0.009551655263482957,1.5660680373466536
JUMBO BAG PINK POLKADOT + JUMBO BAG RED RETROSPOT,JUMBO STORAGE BAG SUKI,JUMBO BAG PINK POLKADOT + JUMBO BAG RED RETROSPOT  -->  JUMBO STORAGE BAG SUKI,0.011991196336866605,0.4906832298136646,8.328131125506374,0.024437754559943334,0.05891876849907663,0.010551353933312049,1.8477326618493737
LUNCH BAG DOLLY GIRL DESIGN,LUNCH BAG SUKI DESIGN,LUNCH BAG DOLLY GIRL DESIGN  -->  LUNCH BAG SUKI DESIGN,0.012446558223076729,0.49496981891348085,8.28000929827803,0.02514609527182575,0.059778896506362415,0.010943352396283128,1.861712702933617
WOOD 2 DRAWER CABINET WHITE FINISH,WOODEN FRAME ANTIQUE WHITE,WOOD 2 DRAWER CABINET WHITE FINISH  -->  WOODEN FRAME ANTIQUE WHITE,0.012168281514837209,0.42831700801424755,8.222896070808737,0.028409522122998306,0.05208834020592477,0.010688476661406727,1.6581071556834057
72 SWEETHEART FAIRY CAKE CASES,PACK OF 72 SKULL CAKE CASES,72 SWEETHEART FAIRY CAKE CASES  -->  PACK OF 72 SKULL CAKE CASES,0.011333451390118647,0.30684931506849317,8.190038200771417,0.03693490854815452,0.03746616408206633,0.009949642046097376,1.3886357711859518
PACK OF 72 SKULL CAKE CASES,72 SWEETHEART FAIRY CAKE CASES,PACK OF 72 SKULL CAKE CASES  -->  72 SWEETHEART FAIRY CAKE CASES,0.011333451390118647,0.3024983119513842,8.190038200771417,0.03746616408206633,0.03693490854815452,0.009949642046097376,1.3807351407939819
JUMBO BAG SCANDINAVIAN BLUE PAISLEY,JUMBO BAG RED RETROSPOT,JUMBO BAG SCANDINAVIAN BLUE PAISLEY  -->  JUMBO BAG RED RETROSPOT,0.011333451390118647,0.676737160120846,8.183157908356353,0.01674719825950568,0.082698778112272,0.00994847855725356,2.837632751820916
LUNCH BAG CARS BLUE,LUNCH BAG WOODLAND,LUNCH BAG CARS BLUE  -->  LUNCH BAG WOODLAND,0.02079485947026234,0.397677793904209,8.161892790882387,0.0522907232664626,0.04872372182448329,0.01824706081582618,1.5793478449709182
LUNCH BAG WOODLAND,LUNCH BAG CARS BLUE,LUNCH BAG WOODLAND  -->  LUNCH BAG CARS BLUE,0.02079485947026234,0.42679127725856697,8.161892790882387,0.04872372182448329,0.0522907232664626,0.01824706081582618,1.6533406403883995
JUMBO BAG PINK POLKADOT + JUMBO BAG RED RETROSPOT,JUMBO SHOPPER VINTAGE RED PAISLEY,JUMBO BAG PINK POLKADOT + JUMBO BAG RED RETROSPOT  -->  JUMBO SHOPPER VINTAGE RED PAISLEY,0.011055174681879127,0.4523809523809524,8.157922749391728,0.024437754559943334,0.055452958587366236,0.00970002889029837,1.7248250321448093
JUMBO BAG TOYS,JUMBO BAG BAROQUE BLACK WHITE,JUMBO BAG TOYS  -->  JUMBO BAG BAROQUE BLACK WHITE,0.010296238204862253,0.38688212927756654,8.143271399474402,0.026613372460725038,0.04750942346125629,0.00903185222289353,1.5535195139825713
JUMBO BAG WOODLAND ANIMALS,JUMBO STORAGE BAG SUKI,JUMBO BAG WOODLAND ANIMALS  -->  JUMBO STORAGE BAG SUKI,0.017101368615446887,0.47773851590106003,8.108426704617003,0.03579650383262921,0.05891876849907663,0.014992282693055897,1.8019349696533242
JUMBO BAG PINK POLKADOT,JUMBO BAG RED RETROSPOT,JUMBO BAG PINK POLKADOT  -->  JUMBO BAG RED RETROSPOT,0.024437754559943334,0.6694386694386695,8.094903996402927,0.036504844544511625,0.082698778112272,0.021418848520933783,2.7749804259622466
LUNCH BAG SPACEBOY DESIGN,LUNCH BAG WOODLAND,LUNCH BAG SPACEBOY DESIGN  -->  LUNCH BAG WOODLAND,0.020845455235396798,0.39089184060721066,8.022618674643006,0.05332793645171899,0.04872372182448329,0.018247119694249518,1.5617526436090259
LUNCH BAG WOODLAND,LUNCH BAG SPACEBOY DESIGN,LUNCH BAG WOODLAND  -->  LUNCH BAG SPACEBOY DESIGN,0.020845455235396798,0.42782969885773625,8.022618674643006,0.04872372182448329,0.05332793645171899,0.018247119694249518,1.654528488560789
HAND OVER THE CHOCOLATE SIGN,PLEASE ONE PERSON METAL SIGN,HAND OVER THE CHOCOLATE SIGN  -->  PLEASE ONE PERSON METAL SIGN,0.013509069290900351,0.36575342465753424,7.987771891319155,0.03693490854815452,0.045789167446684716,0.011817850578760917,1.5044792824274733
NO SINGING METAL SIGN,PLEASE ONE PERSON METAL SIGN,NO SINGING METAL SIGN  -->  PLEASE ONE PERSON METAL SIGN,0.010650408560803461,0.3654513888888889,7.981175663750767,0.02914316071744795,0.045789167446684716,0.009315967494786593,1.5037631725053613
LUNCH BAG SUKI DESIGN,LUNCH BAG SPACEBOY DESIGN,LUNCH BAG SUKI DESIGN  -->  LUNCH BAG SPACEBOY DESIGN,0.025399074097498038,0.4248836225137537,7.967374152915641,0.059778896506362415,0.05332793645171899,0.022211188903452857,1.646053043535385
LUNCH BAG SPACEBOY DESIGN,LUNCH BAG SUKI DESIGN,LUNCH BAG SPACEBOY DESIGN  -->  LUNCH BAG SUKI DESIGN,0.025399074097498038,0.476280834914611,7.9673741529156406,0.05332793645171899,0.059778896506362415,0.022211188903452857,1.7952772519606777
PACK OF 60 SPACEBOY CAKE CASES,PACK OF 60 PINK PAISLEY CAKE CASES,PACK OF 60 SPACEBOY CAKE CASES  -->  PACK OF 60 PINK PAISLEY CAKE CASES,0.011181664094715273,0.40072529465095197,7.947952921353478,0.027903564471653722,0.05041867995648764,0.009774803207973744,1.5845509773192046
PACK OF 72 RETRO SPOT CAKE CASES,60 TEATIME FAIRY CAKE CASES,PACK OF 72 RETRO SPOT CAKE CASES  -->  60 TEATIME FAIRY CAKE CASES,0.01525462318803916,0.4276595744680851,7.94779281577289,0.03567001441979306,0.053808596220496344,0.013335269784945234,1.6531968764920695
RED RETROSPOT CHARLOTTE BAG,LUNCH BAG RED RETROSPOT,RED RETROSPOT CHARLOTTE BAG  -->  LUNCH BAG RED RETROSPOT,0.011712919628627083,0.36892430278884464,7.938600307534154,0.031748842621872546,0.046472210275999896,0.010237480738283794,1.5109562829591165
JUMBO BAG PINK VINTAGE PAISLEY,JUMBO BAG STRAWBERRY,JUMBO BAG PINK VINTAGE PAISLEY  -->  JUMBO BAG STRAWBERRY,0.015229325305471933,0.37183446571958,7.923581992145163,0.04095727187634395,0.046927572162210024,0.013307299973927546,1.517231328091821
JUMBO BAG STRAWBERRY,JUMBO BAG PINK VINTAGE PAISLEY,JUMBO BAG STRAWBERRY  -->  JUMBO BAG PINK VINTAGE PAISLEY,0.015229325305471933,0.32452830188679244,7.923581992145162,0.046927572162210024,0.04095727187634395,0.013307299973927546,1.4198118600713343
JUMBO BAG RED RETROSPOT + JUMBO BAG STRAWBERRY,JUMBO STORAGE BAG SUKI,JUMBO BAG RED RETROSPOT + JUMBO BAG STRAWBERRY  -->  JUMBO STORAGE BAG SUKI,0.010852791621341293,0.46378378378378377,7.8715797291495,0.023400541374686938,0.05891876849907663,0.009474060541333049,1.7550406031015202
LUNCH BAG DOLLY GIRL DESIGN,LUNCH BAG CARS BLUE,LUNCH BAG DOLLY GIRL DESIGN  -->  LUNCH BAG CARS BLUE,0.010220344557160565,0.4064386317907444,7.772671831667313,0.02514609527182575,0.0522907232664626,0.008905437048069422,1.5966491882595528
60 CAKE CASES VINTAGE CHRISTMAS,PAPER CHAIN KIT 50'S CHRISTMAS,60 CAKE CASES VINTAGE CHRISTMAS  -->  PAPER CHAIN KIT 50'S CHRISTMAS,0.01039742973513117,0.39557266602502406,7.748558927305835,0.026284499987351058,0.05105112702066837,0.009055576387602154,1.5699966226521107
PACK OF 72 SKULL CAKE CASES,60 TEATIME FAIRY CAKE CASES,PACK OF 72 SKULL CAKE CASES  -->  60 TEATIME FAIRY CAKE CASES,0.015608793543980369,0.41661039837947333,7.742450605332488,0.03746616408206633,0.053808596220496344,0.013592791848957599,1.6218859594877835
WOOD S/3 CABINET ANT WHITE FINISH,WOODEN FRAME ANTIQUE WHITE,WOOD S/3 CABINET ANT WHITE FINISH  -->  WOODEN FRAME ANTIQUE WHITE,0.010903387386475751,0.4020522388059701,7.7186609751147115,0.02711933011206962,0.05208834020592477,0.009490786493441488,1.585275037908344
JUMBO STORAGE BAG SKULLS,JUMBO BAG BAROQUE BLACK WHITE,JUMBO STORAGE BAG SKULLS  -->  JUMBO BAG BAROQUE BLACK WHITE,0.012244175162538895,0.36638909916729745,7.711924760907402,0.03341850287130967,0.04750942346125629,0.010656481358184634,1.5032736578347434
PACK OF 72 SKULL CAKE CASES,PACK OF 72 RETROSPOT CAKE CASES,PACK OF 72 SKULL CAKE CASES  -->  PACK OF 72 RETROSPOT CAKE CASES,0.012471856105643957,0.3328831870357866,7.704062939307734,0.03746616408206633,0.04320878342482734,0.010852988736062908,1.4342184127002335
JUMBO BAG BAROQUE BLACK WHITE + JUMBO SHOPPER VINTAGE RED PAISLEY,JUMBO BAG RED RETROSPOT,JUMBO BAG BAROQUE BLACK WHITE + JUMBO SHOPPER VINTAGE RED PAISLEY  -->  JUMBO BAG RED RETROSPOT,0.011434642920387563,0.6321678321678321,7.644222158997319,0.018087986035568823,0.082698778112272,0.009938788576734182,2.4938037020902106
JUMBO SHOPPER VINTAGE RED PAISLEY,JUMBO BAG PINK VINTAGE PAISLEY,JUMBO SHOPPER VINTAGE RED PAISLEY  -->  JUMBO BAG PINK VINTAGE PAISLEY,0.01732904955855195,0.31250000000000006,7.629902717726993,0.055452958587366236,0.04095727187634395,0.015057847657341548,1.3949712409071362
JUMBO BAG PINK VINTAGE PAISLEY,JUMBO SHOPPER VINTAGE RED PAISLEY,JUMBO BAG PINK VINTAGE PAISLEY  -->  JUMBO SHOPPER VINTAGE RED PAISLEY,0.01732904955855195,0.423100679431748,7.629902717726992,0.04095727187634395,0.055452958587366236,0.015057847657341548,1.637282291270936
JUMBO BAG TOYS,JUMBO SHOPPER VINTAGE RED PAISLEY,JUMBO BAG TOYS  -->  JUMBO SHOPPER VINTAGE RED PAISLEY,0.011156366212148043,0.41920152091254753,7.55958801101829,0.026613372460725038,0.055452958587366236,0.009680575971213305,1.6262904870148784
LUNCH BAG CARS BLUE,LUNCH BAG SUKI DESIGN,LUNCH BAG CARS BLUE  -->  LUNCH BAG SUKI DESIGN,0.023552328670090314,0.45041122399612965,7.5346192439030935,0.0522907232664626,0.059778896506362415,0.020426446935701607,1.710772025458934
LUNCH BAG SUKI DESIGN,LUNCH BAG CARS BLUE,LUNCH BAG SUKI DESIGN  -->  LUNCH BAG CARS BLUE,0.023552328670090314,0.3939906898011003,7.534619243903093,0.059778896506362415,0.0522907232664626,0.020426446935701607,1.5638526682411655
JUMBO BAG OWLS,JUMBO BAG BAROQUE BLACK WHITE,JUMBO BAG OWLS  -->  JUMBO BAG BAROQUE BLACK WHITE,0.011890004806597687,0.3576864535768645,7.528747509818891,0.03324141769333907,0.04750942346125629,0.010310724216952344,1.4829059449904136
JUMBO STORAGE BAG SKULLS,JUMBO BAG PINK VINTAGE PAISLEY,JUMBO STORAGE BAG SKULLS  -->  JUMBO BAG PINK VINTAGE PAISLEY,0.010296238204862253,0.3080999242997729,7.522471839188216,0.03341850287130967,0.04095727187634395,0.008927507497061641,1.3861000479774066
PACK OF 72 RETRO SPOT CAKE CASES,PACK OF 60 PINK PAISLEY CAKE CASES,PACK OF 72 RETRO SPOT CAKE CASES  -->  PACK OF 60 PINK PAISLEY CAKE CASES,0.013509069290900351,0.37872340425531914,7.511569215659062,0.03567001441979306,0.05041867995648764,0.011710634249825505,1.5284356863714068
JUMBO BAG PINK POLKADOT,JUMBO BAG PINK VINTAGE PAISLEY,JUMBO BAG PINK POLKADOT  -->  JUMBO BAG PINK VINTAGE PAISLEY,0.011206961977282501,0.306999306999307,7.4955995098058095,0.036504844544511625,0.04095727187634395,0.009711823134469267,1.3838986566824358
JUMBO BAG BAROQUE BLACK WHITE + JUMBO STORAGE BAG SUKI,JUMBO BAG RED RETROSPOT,JUMBO BAG BAROQUE BLACK WHITE + JUMBO STORAGE BAG SUKI  -->  JUMBO BAG RED RETROSPOT,0.012244175162538895,0.6173469387755102,7.465006773587379,0.019833539932707634,0.082698778112272,0.010603965644463021,2.3972138598665955
JUMBO BAG WOODLAND ANIMALS + JUMBO STORAGE BAG SUKI,JUMBO BAG RED RETROSPOT,JUMBO BAG WOODLAND ANIMALS + JUMBO STORAGE BAG SUKI  -->  JUMBO BAG RED RETROSPOT,0.010549217030534545,0.6168639053254439,7.459165895873195,0.017101368615446887,0.082698778112272,0.009134954741989531,2.3941916061625648
LUNCH BAG PINK POLKADOT,LUNCH BAG WOODLAND,LUNCH BAG PINK POLKADOT  -->  LUNCH BAG WOODLAND,0.011712919628627083,0.36143637782982047,7.418078182364991,0.032406587568620505,0.04872372182448329,0.01013395007065286,1.4897126067760842
RED RETROSPOT CHARLOTTE BAG,PACK OF 72 RETROSPOT CAKE CASES,RED RETROSPOT CHARLOTTE BAG  -->  PACK OF 72 RETROSPOT CAKE CASES,0.010144450909458879,0.3195219123505977,7.394837045261578,0.031748842621872546,0.04320878342482734,0.00877262204462146,1.4060573498850606
JUMBO SHOPPER VINTAGE RED PAISLEY + JUMBO STORAGE BAG SUKI,JUMBO BAG RED RETROSPOT,JUMBO SHOPPER VINTAGE RED PAISLEY + JUMBO STORAGE BAG SUKI  -->  JUMBO BAG RED RETROSPOT,0.013863239646841559,0.6109253065774805,7.387355902019341,0.022692200662804522,0.082698778112272,0.011986622379349136,2.357648126169891
WOOD S/3 CABINET ANT WHITE FINISH,WOODEN PICTURE FRAME WHITE FINISH,WOOD S/3 CABINET ANT WHITE FINISH  -->  WOODEN PICTURE FRAME WHITE FINISH,0.010144450909458879,0.37406716417910446,7.371137055252154,0.02711933011206962,0.05074755242986162,0.0087682112827339,1.5165404229436488
JUMBO BAG SPACEBOY DESIGN,JUMBO SHOPPER VINTAGE RED PAISLEY,JUMBO BAG SPACEBOY DESIGN  -->  JUMBO SHOPPER VINTAGE RED PAISLEY,0.012876622226719623,0.40785256410256404,7.354928835041174,0.03157175744390195,0.055452958587366236,0.011125874868652557,1.5951213906400095
LUNCH BAG PINK POLKADOT,LUNCH BAG SPACEBOY DESIGN,LUNCH BAG PINK POLKADOT  -->  LUNCH BAG SPACEBOY DESIGN,0.012674239166181791,0.39110070257611246,7.333880299872463,0.032406587568620505,0.05332793645171899,0.01094606272370533,1.5547268120581383
LUNCH BAG SPACEBOY DESIGN,LUNCH BAG CARS BLUE,LUNCH BAG SPACEBOY DESIGN  -->  LUNCH BAG CARS BLUE,0.02044068911432113,0.38330170777988615,7.330204744475626,0.05332793645171899,0.0522907232664626,0.01765213274695279,1.5367470425802283
LUNCH BAG CARS BLUE,LUNCH BAG SPACEBOY DESIGN,LUNCH BAG CARS BLUE  -->  LUNCH BAG SPACEBOY DESIGN,0.02044068911432113,0.3909046927914852,7.330204744475626,0.0522907232664626,0.05332793645171899,0.01765213274695279,1.5542264935300212
JUMBO BAG BAROQUE BLACK WHITE,JUMBO BAG STRAWBERRY,JUMBO BAG BAROQUE BLACK WHITE  -->  JUMBO BAG STRAWBERRY,0.0162412406081611,0.34185303514377,7.284694677195733,0.04750942346125629,0.046927572162210024,0.014011738710298,1.4481149024913995
JUMBO BAG STRAWBERRY,JUMBO BAG BAROQUE BLACK WHITE,JUMBO BAG STRAWBERRY  -->  JUMBO BAG BAROQUE BLACK WHITE,0.0162412406081611,0.3460916442048518,7.284694677195732,0.046927572162210024,0.04750942346125629,0.014011738710298,1.4566117225716158
LUNCH BAG APPLE DESIGN,LUNCH BAG SUKI DESIGN,LUNCH BAG APPLE DESIGN  -->  LUNCH BAG SUKI DESIGN,0.011358749272685877,0.4333976833976835,7.250011437590787,0.02620860633964937,0.059778896506362415,0.009792027706731984,1.6594021519921784
LUNCH BAG DOLLY GIRL DESIGN,LUNCH BAG BLACK SKULL.,LUNCH BAG DOLLY GIRL DESIGN  -->  LUNCH BAG BLACK SKULL.,0.010802195856206835,0.4295774647887324,7.222785030044152,0.02514609527182575,0.05947532191555567,0.009306623744995766,1.6488210405924826
JUMBO BAG PINK POLKADOT,JUMBO BAG BAROQUE BLACK WHITE,JUMBO BAG PINK POLKADOT  -->  JUMBO BAG BAROQUE BLACK WHITE,0.012522451870778415,0.343035343035343,7.22036425710547,0.036504844544511625,0.04750942346125629,0.010788127752925881,1.4498353396048598
LUNCH BAG BLACK SKULL.,LUNCH BAG WOODLAND,LUNCH BAG BLACK SKULL.  -->  LUNCH BAG WOODLAND,0.020870753117964026,0.3509145044661846,7.202128477177472,0.05947532191555567,0.04872372182448329,0.017972894077528896,1.4655639121825947
LUNCH BAG WOODLAND,LUNCH BAG BLACK SKULL.,LUNCH BAG WOODLAND  -->  LUNCH BAG BLACK SKULL.,0.020870753117964026,0.42834890965732086,7.202128477177472,0.04872372182448329,0.05947532191555567,0.017972894077528896,1.6452775022621613
PACK OF 60 DINOSAUR CAKE CASES,PACK OF 72 RETROSPOT CAKE CASES,PACK OF 60 DINOSAUR CAKE CASES  -->  PACK OF 72 RETROSPOT CAKE CASES,0.010245642439727795,0.3108211818879509,7.193472189021552,0.032963140985099545,0.04320878342482734,0.008821345219900578,1.3883061861886972
LUNCH BAG CARS BLUE,LUNCH BAG BLACK SKULL.,LUNCH BAG CARS BLUE  -->  LUNCH BAG BLACK SKULL.,0.022363328189430546,0.4276729559748428,7.190763197247792,0.0522907232664626,0.05947532191555567,0.019253320589960446,1.6433343276420511
LUNCH BAG BLACK SKULL.,LUNCH BAG CARS BLUE,LUNCH BAG BLACK SKULL.  -->  LUNCH BAG CARS BLUE,0.022363328189430546,0.3760102084219481,7.190763197247792,0.05947532191555567,0.0522907232664626,0.019253320589960446,1.5187897134291388
HOT WATER BOTTLE TEA AND SYMPATHY,SCOTTIE DOG HOT WATER BOTTLE,HOT WATER BOTTLE TEA AND SYMPATHY  -->  SCOTTIE DOG HOT WATER BOTTLE,0.012294770927673353,0.30701200252684774,7.185244196497195,0.040046548103923704,0.04272812365604999,0.010583657068290947,1.3813686237488356
JUMBO BAG PINK VINTAGE PAISLEY + JUMBO SHOPPER VINTAGE RED PAISLEY,JUMBO BAG RED RETROSPOT,JUMBO BAG PINK VINTAGE PAISLEY + JUMBO SHOPPER VINTAGE RED PAISLEY  -->  JUMBO BAG RED RETROSPOT,0.010296238204862253,0.5941605839416058,7.184635583550852,0.01732904955855195,0.082698778112272,0.008863146980523,2.2602566078888255
JUMBO BAG OWLS,JUMBO BAG STRAWBERRY,JUMBO BAG OWLS  -->  JUMBO BAG STRAWBERRY,0.011181664094715273,0.3363774733637747,7.168013555038626,0.03324141769333907,0.046927572162210024,0.00962172506713694,1.4361664795629083
LUNCH BAG SUKI DESIGN,LUNCH BAG BLACK SKULL.,LUNCH BAG SUKI DESIGN  -->  LUNCH BAG BLACK SKULL.,0.02537377621493081,0.4244604316546763,7.136748788973925,0.059778896506362415,0.05947532191555567,0.02181840710145822,1.634161628171722
LUNCH BAG BLACK SKULL.,LUNCH BAG SUKI DESIGN,LUNCH BAG BLACK SKULL.  -->  LUNCH BAG SUKI DESIGN,0.02537377621493081,0.42662696724797955,7.136748788973925,0.05947532191555567,0.059778896506362415,0.02181840710145822,1.6398069839121232
LUNCH BAG PINK POLKADOT,LUNCH BAG SUKI DESIGN,LUNCH BAG PINK POLKADOT  -->  LUNCH BAG SUKI DESIGN,0.013812643881707101,0.42622950819672134,7.130099970168514,0.032406587568620505,0.059778896506362415,0.011875413837318164,1.6386710660889114
PACK OF 72 SKULL CAKE CASES,PACK OF 60 PINK PAISLEY CAKE CASES,PACK OF 72 SKULL CAKE CASES  -->  PACK OF 60 PINK PAISLEY CAKE CASES,0.013407877760631435,0.35786630654962864,7.0978912351230665,0.03746616408206633,0.05041867995648764,0.01151888322458048,1.4787906782170785
JUMBO BAG BAROQUE BLACK WHITE,JUMBO STORAGE BAG SUKI,JUMBO BAG BAROQUE BLACK WHITE  -->  JUMBO STORAGE BAG SUKI,0.019833539932707634,0.41746538871139516,7.085439824118823,0.04750942346125629,0.05891876849907663,0.017034343210269275,1.615494106726448
JUMBO STORAGE BAG SUKI,JUMBO BAG BAROQUE BLACK WHITE,JUMBO STORAGE BAG SUKI  -->  JUMBO BAG BAROQUE BLACK WHITE,0.019833539932707634,0.33662516101331047,7.085439824118823,0.05891876849907663,0.04750942346125629,0.017034343210269275,1.4358256004910899
LUNCH BAG SPACEBOY DESIGN,LUNCH BAG BLACK SKULL.,LUNCH BAG SPACEBOY DESIGN  -->  LUNCH BAG BLACK SKULL.,0.022464519719699462,0.4212523719165086,7.08280944682589,0.05332793645171899,0.05947532191555567,0.01929282353214118,1.625103296231155
LUNCH BAG BLACK SKULL.,LUNCH BAG SPACEBOY DESIGN,LUNCH BAG BLACK SKULL.  -->  LUNCH BAG SPACEBOY DESIGN,0.022464519719699462,0.37771161207996595,7.082809446825889,0.05947532191555567,0.05332793645171899,0.01929282353214118,1.5212754760095752
LUNCH BAG WOODLAND,LUNCH BAG SUKI DESIGN,LUNCH BAG WOODLAND  -->  LUNCH BAG SUKI DESIGN,0.020541880644590046,0.4215991692627206,7.052642218275956,0.04872372182448329,0.059778896506362415,0.01762923032023947,1.6255528234548884
LUNCH BAG SUKI DESIGN,LUNCH BAG WOODLAND,LUNCH BAG SUKI DESIGN  -->  LUNCH BAG WOODLAND,0.020541880644590046,0.34363097757088445,7.052642218275956,0.059778896506362415,0.04872372182448329,0.01762923032023947,1.4493009963434855
JUMBO BAG PINK POLKADOT,JUMBO STORAGE BAG SUKI,JUMBO BAG PINK POLKADOT  -->  JUMBO STORAGE BAG SUKI,0.015102835892635787,0.41372141372141374,7.021895132242921,0.036504844544511625,0.05891876849907663,0.012952015407822925,1.605177561531717
JUMBO SHOPPER VINTAGE RED PAISLEY,JUMBO STORAGE BAG SUKI,JUMBO SHOPPER VINTAGE RED PAISLEY  -->  JUMBO STORAGE BAG SUKI,0.022692200662804522,0.4092153284671533,6.94541550836329,0.055452958587366236,0.05891876849907663,0.019424980633206607,1.5929344088417177
JUMBO STORAGE BAG SUKI,JUMBO SHOPPER VINTAGE RED PAISLEY,JUMBO STORAGE BAG SUKI  -->  JUMBO SHOPPER VINTAGE RED PAISLEY,0.022692200662804522,0.3851438385573207,6.94541550836329,0.05891876849907663,0.055452958587366236,0.019424980633206607,1.536208142074039
LUNCH BAG RED RETROSPOT,LUNCH BAG WOODLAND,LUNCH BAG RED RETROSPOT  -->  LUNCH BAG WOODLAND,0.015684687191682055,0.33750680457267285,6.926950403921695,0.046472210275999896,0.04872372182448329,0.013420388145625342,1.435903470015139
LUNCH BAG WOODLAND,LUNCH BAG RED RETROSPOT,LUNCH BAG WOODLAND  -->  LUNCH BAG RED RETROSPOT,0.015684687191682055,0.3219106957424714,6.926950403921694,0.04872372182448329,0.046472210275999896,0.013420388145625342,1.4061979502361592
LUNCH BAG RED SPOTTY,LUNCH BAG WOODLAND,LUNCH BAG RED SPOTTY  -->  LUNCH BAG WOODLAND,0.010372131852563941,0.3363412633305989,6.9030289710255675,0.0308381188494523,0.04872372182448329,0.008869583928152873,1.433381684914654
JUMBO BAG STRAWBERRY,JUMBO STORAGE BAG SUKI,JUMBO BAG STRAWBERRY  -->  JUMBO STORAGE BAG SUKI,0.01907460345569076,0.4064690026954178,6.898803438191142,0.046927572162210024,0.05891876849907663,0.016309688695241794,1.5855637460801209
JUMBO STORAGE BAG SUKI,JUMBO BAG STRAWBERRY,JUMBO STORAGE BAG SUKI  -->  JUMBO BAG STRAWBERRY,0.01907460345569076,0.32374409617861744,6.898803438191142,0.05891876849907663,0.046927572162210024,0.016309688695241794,1.409336942497913
LUNCH BAG RED RETROSPOT,LUNCH BAG BLACK SKULL.,LUNCH BAG RED RETROSPOT  -->  LUNCH BAG BLACK SKULL.,0.01904930557312353,0.40990745781164944,6.892059506523475,0.046472210275999896,0.05947532191555567,0.016285355906831042,1.5938596251301886
LUNCH BAG BLACK SKULL.,LUNCH BAG RED RETROSPOT,LUNCH BAG BLACK SKULL.  -->  LUNCH BAG RED RETROSPOT,0.01904930557312353,0.32028923862186304,6.892059506523475,0.05947532191555567,0.046472210275999896,0.016285355906831042,1.4028434503386258
JUMBO BAG STRAWBERRY + JUMBO STORAGE BAG SUKI,JUMBO BAG RED RETROSPOT,JUMBO BAG STRAWBERRY + JUMBO STORAGE BAG SUKI  -->  JUMBO BAG RED RETROSPOT,0.010852791621341293,0.5689655172413793,6.879974894779592,0.01907460345569076,0.082698778112272,0.009275345222579546,2.128138834779529
JUMBO STORAGE BAG SKULLS,JUMBO BAG STRAWBERRY,JUMBO STORAGE BAG SKULLS  -->  JUMBO BAG STRAWBERRY,0.010776897973639607,0.32248296744890237,6.871929498807365,0.03341850287130967,0.046927572162210024,0.0092086487685932,1.4067136057806935
JUMBO BAG PINK VINTAGE PAISLEY,JUMBO STORAGE BAG SUKI,JUMBO BAG PINK VINTAGE PAISLEY  -->  JUMBO STORAGE BAG SUKI,0.016570113081535075,0.40457072266831373,6.86658484171566,0.04095727187634395,0.05891876849907663,0.014156961061499024,1.5805088317427332
LUNCH BAG RED RETROSPOT,LUNCH BAG SUKI DESIGN,LUNCH BAG RED RETROSPOT  -->  LUNCH BAG SUKI DESIGN,0.01907460345569076,0.41045182362547633,6.866165948409418,0.046472210275999896,0.059778896506362415,0.01629654600717985,1.5948164054642775
LUNCH BAG SUKI DESIGN,LUNCH BAG RED RETROSPOT,LUNCH BAG SUKI DESIGN  -->  LUNCH BAG RED RETROSPOT,0.01907460345569076,0.3190859077443927,6.866165948409417,0.059778896506362415,0.046472210275999896,0.01629654600717985,1.4003643052317043
JUMBO BAG BAROQUE BLACK WHITE,JUMBO SHOPPER VINTAGE RED PAISLEY,JUMBO BAG BAROQUE BLACK WHITE  -->  JUMBO SHOPPER VINTAGE RED PAISLEY,0.018087986035568823,0.38072417465388714,6.865714370389373,0.04750942346125629,0.055452958587366236,0.015453447943862131,1.5252444916362222
JUMBO SHOPPER VINTAGE RED PAISLEY,JUMBO BAG BAROQUE BLACK WHITE,JUMBO SHOPPER VINTAGE RED PAISLEY  -->  JUMBO BAG BAROQUE BLACK WHITE,0.018087986035568823,0.3261861313868613,6.865714370389372,0.055452958587366236,0.04750942346125629,0.015453447943862131,1.4135811399952105
JUMBO BAG WOODLAND ANIMALS,JUMBO SHOPPER VINTAGE RED PAISLEY,JUMBO BAG WOODLAND ANIMALS  -->  JUMBO SHOPPER VINTAGE RED PAISLEY,0.013610260821169269,0.38021201413427563,6.856478424595704,0.03579650383262921,0.055452958587366236,0.011625238776565985,1.523984109006701
JUMBO STORAGE BAG SKULLS,JUMBO SHOPPER VINTAGE RED PAISLEY,JUMBO STORAGE BAG SKULLS  -->  JUMBO SHOPPER VINTAGE RED PAISLEY,0.012648941283614561,0.37850113550340647,6.825625631986385,0.03341850287130967,0.055452958587366236,0.010795786427840046,1.5197888449526056
JUMBO BAG APPLES,JUMBO BAG RED RETROSPOT,JUMBO BAG APPLES  -->  JUMBO BAG RED RETROSPOT,0.013812643881707101,0.558282208588957,6.7507915030018,0.024741329150750082,0.082698778112272,0.011766566192066532,2.0766680439958285
JUMBO BAG PINK POLKADOT,JUMBO SHOPPER VINTAGE RED PAISLEY,JUMBO BAG PINK POLKADOT  -->  JUMBO SHOPPER VINTAGE RED PAISLEY,0.013660856586303727,0.37422037422037424,6.748429367042506,0.036504844544511625,0.055452958587366236,0.011636554953538682,1.5093924482374648
LUNCH BAG APPLE DESIGN,LUNCH BAG BLACK SKULL.,LUNCH BAG APPLE DESIGN  -->  LUNCH BAG BLACK SKULL.,0.010498621265400085,0.40057915057915056,6.735216181728304,0.02620860633964937,0.05947532191555567,0.008939855966391366,1.5690556626336298
JUMBO BAG PINK VINTAGE PAISLEY,JUMBO BAG BAROQUE BLACK WHITE,JUMBO BAG PINK VINTAGE PAISLEY  -->  JUMBO BAG BAROQUE BLACK WHITE,0.013104303169824685,0.31995058678196414,6.734465785359031,0.04095727187634395,0.04750942346125629,0.011158446796433658,1.400619657962058
TEA TIME PARTY BUNTING,PARTY BUNTING,TEA TIME PARTY BUNTING  -->  PARTY BUNTING,0.010043259379189961,0.45423340961098396,6.714806450453472,0.022110349363758254,0.06764653798477067,0.008547570791097938,1.7083373706526421
PACK OF 72 RETROSPOT CAKE CASES,PACK OF 60 PINK PAISLEY CAKE CASES,PACK OF 72 RETROSPOT CAKE CASES  -->  PACK OF 60 PINK PAISLEY CAKE CASES,0.014596878241291205,0.3378220140515223,6.700334367005833,0.04320878342482734,0.05041867995648764,0.012418348418485648,1.4340273162107153
LUNCH BAG RED RETROSPOT,LUNCH BAG CARS BLUE,LUNCH BAG RED RETROSPOT  -->  LUNCH BAG CARS BLUE,0.0162412406081611,0.3494828524768645,6.683457994948223,0.046472210275999896,0.0522907232664626,0.013811175121037928,1.456855181053982
LUNCH BAG CARS BLUE,LUNCH BAG RED RETROSPOT,LUNCH BAG CARS BLUE  -->  LUNCH BAG RED RETROSPOT,0.0162412406081611,0.31059506531204645,6.683457994948222,0.0522907232664626,0.046472210275999896,0.013811175121037928,1.3831171518312337
JUMBO BAG WOODLAND ANIMALS,JUMBO BAG BAROQUE BLACK WHITE,JUMBO BAG WOODLAND ANIMALS  -->  JUMBO BAG BAROQUE BLACK WHITE,0.011181664094715273,0.31236749116607776,6.574853332430186,0.03579650383262921,0.04750942346125629,0.009480992835698409,1.3851738600229417
LUNCH BAG SPACEBOY DESIGN,LUNCH BAG RED RETROSPOT,LUNCH BAG SPACEBOY DESIGN  -->  LUNCH BAG RED RETROSPOT,0.01616534696045941,0.3031309297912714,6.5228429633746146,0.05332793645171899,0.046472210275999896,0.013687079884089966,1.3683026417550663
LUNCH BAG RED RETROSPOT,LUNCH BAG SPACEBOY DESIGN,LUNCH BAG RED RETROSPOT  -->  LUNCH BAG SPACEBOY DESIGN,0.01616534696045941,0.3478497550353838,6.5228429633746146,0.046472210275999896,0.05332793645171899,0.013687079884089966,1.4516165114676063
WOODLAND CHARLOTTE BAG,LUNCH BAG WOODLAND,WOODLAND CHARLOTTE BAG  -->  LUNCH BAG WOODLAND,0.012573047635912875,0.3159567705022251,6.48466001099816,0.03979356927825141,0.04872372182448329,0.010634156835996049,1.3906669010874422
PACK OF 72 RETROSPOT CAKE CASES,60 TEATIME FAIRY CAKE CASES,PACK OF 72 RETROSPOT CAKE CASES  -->  60 TEATIME FAIRY CAKE CASES,0.015026942244934099,0.3477751756440281,6.463189900344517,0.04320878342482734,0.053808596220496344,0.01270193826444869,1.4507135706062768
LUNCH BAG RED SPOTTY,LUNCH BAG CARS BLUE,LUNCH BAG RED SPOTTY  -->  LUNCH BAG CARS BLUE,0.010220344557160565,0.33141919606234616,6.3380113213103435,0.0308381188494523,0.0522907232664626,0.00860779701834557,1.4174939979609595
SPOTTY BUNTING,PARTY BUNTING,SPOTTY BUNTING  -->  PARTY BUNTING,0.012218877279971667,0.4236842105263158,6.26320611738771,0.0288395861266412,0.06764653798477067,0.010267979121590767,1.6177822628574754
JUMBO BAG OWLS,JUMBO SHOPPER VINTAGE RED PAISLEY,JUMBO BAG OWLS  -->  JUMBO SHOPPER VINTAGE RED PAISLEY,0.011510536568089251,0.3462709284627093,6.244408545256586,0.03324141769333907,0.055452958587366236,0.009667201609355176,1.4448600843029111
CHARLOTTE BAG SUKI DESIGN,LUNCH BAG SUKI DESIGN,CHARLOTTE BAG SUKI DESIGN  -->  LUNCH BAG SUKI DESIGN,0.013154898934959145,0.37063435495367075,6.200086930581317,0.03549292924182246,0.059778896506362415,0.011033170791104597,1.4939186955850212
LUNCH BAG RED SPOTTY,LUNCH BAG BLACK SKULL.,LUNCH BAG RED SPOTTY  -->  LUNCH BAG BLACK SKULL.,0.011358749272685877,0.3683347005742412,6.193067792003054,0.0308381188494523,0.05947532191555567,0.009524642226844536,1.4889604968635555
JUMBO BAG SPACEBOY DESIGN,JUMBO BAG RED RETROSPOT,JUMBO BAG SPACEBOY DESIGN  -->  JUMBO BAG RED RETROSPOT,0.01591236813478712,0.5040064102564102,6.094484365563059,0.03157175744390195,0.082698778112272,0.013301422371319399,1.8494215265200074
JUMBO BAG WOODLAND ANIMALS,JUMBO BAG RED RETROSPOT,JUMBO BAG WOODLAND ANIMALS  -->  JUMBO BAG RED RETROSPOT,0.01796149662273268,0.5017667844522968,6.067402637691907,0.03579650383262921,0.082698778112272,0.015001169495082982,1.8411081262001918
JUMBO BAG STRAWBERRY,JUMBO BAG RED RETROSPOT,JUMBO BAG STRAWBERRY  -->  JUMBO BAG RED RETROSPOT,0.023400541374686938,0.49865229110512127,6.029741944048437,0.046927572162210024,0.082698778112272,0.019519688497096697,1.8296707167760593
JUMBO BAG TOYS,JUMBO BAG RED RETROSPOT,JUMBO BAG TOYS  -->  JUMBO BAG RED RETROSPOT,0.013053707404690227,0.49049429657794674,5.931094845344037,0.026613372460725038,0.082698778112272,0.010852814020741477,1.8003747862423318
GREEN REGENCY TEACUP AND SAUCER + PINK REGENCY TEACUP AND SAUCER + ROSES REGENCY TEACUP AND SAUCER,REGENCY CAKESTAND 3 TIER,GREEN REGENCY TEACUP AND SAUCER + PINK REGENCY TEACUP AND SAUCER + ROSES REGENCY TEACUP AND SAUCER  -->  REGENCY CAKESTAND 3 TIER,0.010751600091072377,0.5853994490358126,5.906139566344216,0.018366262743808343,0.0991171038984037,0.008931189318468945,2.1728936297998636
JUMBO BAG BAROQUE BLACK WHITE,JUMBO BAG RED RETROSPOT,JUMBO BAG BAROQUE BLACK WHITE  -->  JUMBO BAG RED RETROSPOT,0.023172860431581878,0.48775292864749736,5.897946013003036,0.04750942346125629,0.082698778112272,0.019243889162517475,1.790739807385814
JUMBO STORAGE BAG SKULLS,LUNCH BAG BLACK SKULL.,JUMBO STORAGE BAG SKULLS  -->  LUNCH BAG BLACK SKULL.,0.011662323863492625,0.34897804693414075,5.867610896324819,0.03341850287130967,0.05947532191555567,0.009674747647285561,1.4446896508715708
JUMBO BAG VINTAGE LEAF,JUMBO BAG RED RETROSPOT,JUMBO BAG VINTAGE LEAF  -->  JUMBO BAG RED RETROSPOT,0.010751600091072377,0.48350398179749715,5.846567420150892,0.022236838776594398,0.082698778112272,0.008912640695168431,1.7760083128619224
PINK REGENCY TEACUP AND SAUCER + ROSES REGENCY TEACUP AND SAUCER,REGENCY CAKESTAND 3 TIER,PINK REGENCY TEACUP AND SAUCER + ROSES REGENCY TEACUP AND SAUCER  -->  REGENCY CAKESTAND 3 TIER,0.011738217511194313,0.5771144278606966,5.822551357556272,0.020339497584052214,0.0991171038984037,0.00972222541591448,2.1303230837225984
STRAWBERRY CHARLOTTE BAG,LUNCH BAG CARS BLUE,STRAWBERRY CHARLOTTE BAG  -->  LUNCH BAG CARS BLUE,0.010599812795669003,0.30384336475707036,5.810655232453911,0.03488578006020896,0.0522907232664626,0.008775610124605936,1.361344888141196
CHARLOTTE BAG SUKI DESIGN,JUMBO STORAGE BAG SUKI,CHARLOTTE BAG SUKI DESIGN  -->  JUMBO STORAGE BAG SUKI,0.012092387867135521,0.34069850320741274,5.782512294240368,0.03549292924182246,0.05891876849907663,0.010001188185782476,1.4273913165359953
GREEN REGENCY TEACUP AND SAUCER + PINK REGENCY TEACUP AND SAUCER,REGENCY CAKESTAND 3 TIER,GREEN REGENCY TEACUP AND SAUCER + PINK REGENCY TEACUP AND SAUCER  -->  REGENCY CAKESTAND 3 TIER,0.012370664575375041,0.572599531615925,5.777000225943313,0.02160439171241367,0.0991171038984037,0.010229299837353923,2.107819159645927
JUMBO BAG PINK VINTAGE PAISLEY,JUMBO BAG RED RETROSPOT,JUMBO BAG PINK VINTAGE PAISLEY  -->  JUMBO BAG RED RETROSPOT,0.019302284398795822,0.471278567016677,5.698736762190953,0.04095727187634395,0.082698778112272,0.015915168059810057,1.7349423811170932
JUMBO STORAGE BAG SUKI,JUMBO BAG RED RETROSPOT,JUMBO STORAGE BAG SUKI  -->  JUMBO BAG RED RETROSPOT,0.027726479293683118,0.4705882352941176,5.690389217785615,0.05891876849907663,0.082698778112272,0.022853969130929658,1.7326800857879303
JUMBO BAG RED RETROSPOT,JUMBO STORAGE BAG SUKI,JUMBO BAG RED RETROSPOT  -->  JUMBO STORAGE BAG SUKI,0.027726479293683118,0.3352707249923524,5.690389217785615,0.082698778112272,0.05891876849907663,0.022853969130929658,1.4157361002192905
JUMBO STORAGE BAG SKULLS,JUMBO BAG RED RETROSPOT,JUMBO STORAGE BAG SKULLS  -->  JUMBO BAG RED RETROSPOT,0.015684687191682055,0.469341408024224,5.675312486322897,0.03341850287130967,0.082698778112272,0.012921017837883292,1.7286090072948481
JUMBO BAG OWLS,JUMBO BAG RED RETROSPOT,JUMBO BAG OWLS  -->  JUMBO BAG RED RETROSPOT,0.01558349566141314,0.4687975646879757,5.668736290777299,0.03324141769333907,0.082698778112272,0.012834471035454341,1.7268392629806226
GREEN REGENCY TEACUP AND SAUCER + ROSES REGENCY TEACUP AND SAUCER,REGENCY CAKESTAND 3 TIER,GREEN REGENCY TEACUP AND SAUCER + ROSES REGENCY TEACUP AND SAUCER  -->  REGENCY CAKESTAND 3 TIER,0.0144197930633206,0.5571847507331378,5.621479329180756,0.025879733866275394,0.0991171038984037,0.011854668792833947,2.034444156096982
LUNCH BAG RED SPOTTY,LUNCH BAG SUKI DESIGN,LUNCH BAG RED SPOTTY  -->  LUNCH BAG SUKI DESIGN,0.010346833969996711,0.3355209187858901,5.612698433638362,0.0308381188494523,0.059778896506362415,0.008503365254844398,1.4149747224182028
JUMBO BAG STRAWBERRY,JUMBO SHOPPER VINTAGE RED PAISLEY,JUMBO BAG STRAWBERRY  -->  JUMBO SHOPPER VINTAGE RED PAISLEY,0.014571580358723975,0.3105121293800539,5.599559289354084,0.046927572162210024,0.055452958587366236,0.011969307643007302,1.369925536997995
JUMBO BAG RED RETROSPOT,JUMBO SHOPPER VINTAGE RED PAISLEY,JUMBO BAG RED RETROSPOT  -->  JUMBO SHOPPER VINTAGE RED PAISLEY,0.025500265627766958,0.30835117773019277,5.560590193657295,0.082698778112272,0.055452958587366236,0.020914373709881348,1.3656454128164088
JUMBO SHOPPER VINTAGE RED PAISLEY,JUMBO BAG RED RETROSPOT,JUMBO SHOPPER VINTAGE RED PAISLEY  -->  JUMBO BAG RED RETROSPOT,0.025500265627766958,0.4598540145985402,5.560590193657295,0.055452958587366236,0.082698778112272,0.020914373709881348,1.698246856738091
RED RETROSPOT CHARLOTTE BAG,LUNCH BAG BLACK SKULL.,RED RETROSPOT CHARLOTTE BAG  -->  LUNCH BAG BLACK SKULL.,0.010473323382832857,0.3298804780876494,5.546510173682132,0.031748842621872546,0.05947532191555567,0.008585050747450673,1.40351780142209
JUMBO BAG ALPHABET,JUMBO BAG RED RETROSPOT,JUMBO BAG ALPHABET  -->  JUMBO BAG RED RETROSPOT,0.010473323382832857,0.45695364238410596,5.525518669257059,0.022919881605909586,0.082698778112272,0.008577877179546195,1.6891766403054504
STRAWBERRY CHARLOTTE BAG,LUNCH BAG BLACK SKULL.,STRAWBERRY CHARLOTTE BAG  -->  LUNCH BAG BLACK SKULL.,0.011358749272685877,0.32559825960841193,5.474510252684353,0.03488578006020896,0.05947532191555567,0.009283906273329676,1.3946059473961814
PINK REGENCY TEACUP AND SAUCER,REGENCY CAKESTAND 3 TIER,PINK REGENCY TEACUP AND SAUCER  -->  REGENCY CAKESTAND 3 TIER,0.013888537529408789,0.5361328125,5.409084723152757,0.025905031748842622,0.0991171038984037,0.01132090580606731,1.9421138644379676
RECYCLING BAG RETROSPOT,JUMBO STORAGE BAG SUKI,RECYCLING BAG RETROSPOT  -->  JUMBO STORAGE BAG SUKI,0.012573047635912875,0.3165605095541401,5.372829704665351,0.039717675630549724,0.05891876849907663,0.010232931100115097,1.3769781299687323
GREEN REGENCY TEACUP AND SAUCER,REGENCY CAKESTAND 3 TIER,GREEN REGENCY TEACUP AND SAUCER  -->  REGENCY CAKESTAND 3 TIER,0.018012092387867135,0.5313432835820896,5.360762801612155,0.03389916264008702,0.0991171038984037,0.014652105562400744,1.9222660521913044
CHARLOTTE BAG SUKI DESIGN,LUNCH BAG BLACK SKULL.,CHARLOTTE BAG SUKI DESIGN  -->  LUNCH BAG BLACK SKULL.,0.011308153507551417,0.31860299358517463,5.356893974235801,0.03549292924182246,0.05947532191555567,0.009197200115167987,1.3802888319586561
ROSES REGENCY TEACUP AND SAUCER,REGENCY CAKESTAND 3 TIER,ROSES REGENCY TEACUP AND SAUCER  -->  REGENCY CAKESTAND 3 TIER,0.018619241569480634,0.5219858156028369,5.266354595447815,0.03567001441979306,0.0991171038984037,0.015083733044176447,1.884636325672479
STRAWBERRY CHARLOTTE BAG,LUNCH BAG SUKI DESIGN,STRAWBERRY CHARLOTTE BAG  -->  LUNCH BAG SUKI DESIGN,0.010953983151610211,0.3139956490210297,5.252617016568889,0.03488578006020896,0.059778896506362415,0.008868549715847258,1.3705760060441081
LUNCH BAG SUKI DESIGN,JUMBO STORAGE BAG SUKI,LUNCH BAG SUKI DESIGN  -->  JUMBO STORAGE BAG SUKI,0.01811328391813605,0.30300465509944985,5.142752688461208,0.059778896506362415,0.05891876849907663,0.014591184953747423,1.3501972981400618
JUMBO STORAGE BAG SUKI,LUNCH BAG SUKI DESIGN,JUMBO STORAGE BAG SUKI  -->  LUNCH BAG SUKI DESIGN,0.01811328391813605,0.3074280807213396,5.142752688461208,0.05891876849907663,0.059778896506362415,0.014591184953747423,1.357579014281886
CANDLEHOLDER PINK HANGING HEART,WHITE HANGING HEART T-LIGHT HOLDER,CANDLEHOLDER PINK HANGING HEART  -->  WHITE HANGING HEART T-LIGHT HOLDER,0.010625110678236231,0.7070707070707071,5.1237026544084285,0.015026942244934099,0.13799994940423488,0.008551393408734967,2.942689827895888
RED HANGING HEART T-LIGHT HOLDER,WHITE HANGING HEART T-LIGHT HOLDER,RED HANGING HEART T-LIGHT HOLDER  -->  WHITE HANGING HEART T-LIGHT HOLDER,0.03136937438336411,0.7045454545454545,5.105403716356969,0.04452427331832326,0.13799994940423488,0.025225026918175176,2.917538632785666
RED RETROSPOT CHARLOTTE BAG,JUMBO BAG RED RETROSPOT,RED RETROSPOT CHARLOTTE BAG  -->  JUMBO BAG RED RETROSPOT,0.012876622226719623,0.4055776892430279,4.904276683416229,0.031748842621872546,0.082698778112272,0.01025103173541194,1.5431810100121965
RECYCLING BAG RETROSPOT,JUMBO BAG RED RETROSPOT,RECYCLING BAG RETROSPOT  -->  JUMBO BAG RED RETROSPOT,0.015811176604518203,0.3980891719745223,4.813724955332179,0.039717675630549724,0.082698778112272,0.012526573360412178,1.5239819241944266
LUNCH BAG RED RETROSPOT,JUMBO BAG RED RETROSPOT,LUNCH BAG RED RETROSPOT  -->  JUMBO BAG RED RETROSPOT,0.01755673050165701,0.37778987479586285,4.568264289019781,0.046472210275999896,0.082698778112272,0.013713535495655248,1.474262768685701
CHARLOTTE BAG SUKI DESIGN,JUMBO BAG RED RETROSPOT,CHARLOTTE BAG SUKI DESIGN  -->  JUMBO BAG RED RETROSPOT,0.012547749753345645,0.353528153955809,4.274889690339301,0.03549292924182246,0.082698778112272,0.009612527873421598,1.4189345251471692
LUNCH BAG PINK POLKADOT,JUMBO BAG RED RETROSPOT,LUNCH BAG PINK POLKADOT  -->  JUMBO BAG RED RETROSPOT,0.010776897973639607,0.33255269320843095,4.021252802029999,0.032406587568620505,0.082698778112272,0.008096912778926348,1.3743425324423153
RED RETROSPOT CAKE STAND,REGENCY CAKESTAND 3 TIER,RED RETROSPOT CAKE STAND  -->  REGENCY CAKESTAND 3 TIER,0.011282855624984189,0.37573715248525696,3.790840709696203,0.03002858660730097,0.0991171038984037,0.008306509086306126,1.4431147067106544
WOODEN FRAME ANTIQUE WHITE + WOODEN PICTURE FRAME WHITE FINISH,WHITE HANGING HEART T-LIGHT HOLDER,WOODEN FRAME ANTIQUE WHITE + WOODEN PICTURE FRAME WHITE FINISH  -->  WHITE HANGING HEART T-LIGHT HOLDER,0.012826026461585165,0.45511669658886894,3.297948285877433,0.028181841179893242,0.13799994940423488,0.008936933804641715,1.5819902081774007
HEART IVORY TRELLIS SMALL,WHITE HANGING HEART T-LIGHT HOLDER,HEART IVORY TRELLIS SMALL  -->  WHITE HANGING HEART T-LIGHT HOLDER,0.011105770447013585,0.45304437564499483,3.282931461937855,0.02451364820764502,0.13799994940423488,0.007722888234645359,1.5759963189194273
LOVEBIRD HANGING DECORATION WHITE,WHITE HANGING HEART T-LIGHT HOLDER,LOVEBIRD HANGING DECORATION WHITE  -->  WHITE HANGING HEART T-LIGHT HOLDER,0.013154898934959145,0.45256744995648396,3.279475477420688,0.02906726706974626,0.13799994940423488,0.009143617550014778,1.5746233038704838
CREAM HEART CARD HOLDER,WHITE HANGING HEART T-LIGHT HOLDER,CREAM HEART CARD HOLDER  -->  WHITE HANGING HEART T-LIGHT HOLDER,0.01469806977156012,0.4472671285604311,3.2410673372805276,0.03286194945483063,0.13799994940423488,0.01016312240946897,1.5595237684176864
HEART OF WICKER LARGE + HEART OF WICKER SMALL,WHITE HANGING HEART T-LIGHT HOLDER,HEART OF WICKER LARGE + HEART OF WICKER SMALL  -->  WHITE HANGING HEART T-LIGHT HOLDER,0.010701004325937919,0.42257742257742253,3.062156358764974,0.025323180449796354,0.13799994940423488,0.007206406705111712,1.4928409180732887
ZINC METAL HEART DECORATION,WHITE HANGING HEART T-LIGHT HOLDER,ZINC METAL HEART DECORATION  -->  WHITE HANGING HEART T-LIGHT HOLDER,0.014925750714665183,0.41903409090909094,3.0364800329139237,0.035619418654658605,0.13799994940423488,0.010010272742514035,1.4837360284093366
WOODEN PICTURE FRAME WHITE FINISH,WHITE HANGING HEART T-LIGHT HOLDER,WOODEN PICTURE FRAME WHITE FINISH  -->  WHITE HANGING HEART T-LIGHT HOLDER,0.02107313617850186,0.4152542372881356,3.00908977924156,0.05074755242986162,0.13799994940423488,0.014069976510792198,1.474145014062323
WOOD 2 DRAWER CABINET WHITE FINISH,WHITE HANGING HEART T-LIGHT HOLDER,WOOD 2 DRAWER CABINET WHITE FINISH  -->  WHITE HANGING HEART T-LIGHT HOLDER,0.011611728098358167,0.40872662511130897,2.961788224385872,0.028409522122998306,0.13799994940423488,0.00769121548278591,1.4578705674985606
WOODEN FRAME ANTIQUE WHITE,WHITE HANGING HEART T-LIGHT HOLDER,WOODEN FRAME ANTIQUE WHITE  -->  WHITE HANGING HEART T-LIGHT HOLDER,0.021224923473905234,0.40747935891209325,2.9527500602082735,0.05208834020592477,0.13799994940423488,0.014036735160937043,1.454801724734984
METAL 4 HOOK HANGER FRENCH CHATEAU,WHITE HANGING HEART T-LIGHT HOLDER,METAL 4 HOOK HANGER FRENCH CHATEAU  -->  WHITE HANGING HEART T-LIGHT HOLDER,0.010195046674593337,0.4042126379137413,2.929078160236898,0.025221988919527434,0.13799994940423488,0.006714413479824379,1.4468250007474375
WOOD S/3 CABINET ANT WHITE FINISH,WHITE HANGING HEART T-LIGHT HOLDER,WOOD S/3 CABINET ANT WHITE FINISH  -->  WHITE HANGING HEART T-LIGHT HOLDER,0.010827493738774065,0.39925373134328357,2.8931440414791303,0.02711933011206962,0.13799994940423488,0.0070850275554317135,1.4348820717991617
SINGLE HEART ZINC T-LIGHT HOLDER,WHITE HANGING HEART T-LIGHT HOLDER,SINGLE HEART ZINC T-LIGHT HOLDER  -->  WHITE HANGING HEART T-LIGHT HOLDER,0.011485238685522021,0.3965065502183406,2.8732369245794285,0.028966075539477346,0.13799994940423488,0.007487921726634902,1.428350300914835
LOVE BUILDING BLOCK WORD,WHITE HANGING HEART T-LIGHT HOLDER,LOVE BUILDING BLOCK WORD  -->  WHITE HANGING HEART T-LIGHT HOLDER,0.01700017708517797,0.3962264150943396,2.8712069591684966,0.042905208834020596,0.13799994940423488,0.011079260436904997,1.4276875837992358
HEART OF WICKER LARGE,WHITE HANGING HEART T-LIGHT HOLDER,HEART OF WICKER LARGE  -->  WHITE HANGING HEART T-LIGHT HOLDER,0.01932758228136305,0.3913934426229508,2.8361854066805905,0.04938146677123125,0.13799994940423488,0.012512942365426232,1.4163502514839508
HANGING HEART ZINC T-LIGHT HOLDER,WHITE HANGING HEART T-LIGHT HOLDER,HANGING HEART ZINC T-LIGHT HOLDER  -->  WHITE HANGING HEART T-LIGHT HOLDER,0.014900452832097953,0.38673670387393305,2.80244091062011,0.03852867514988995,0.13799994940423488,0.009583497610800937,1.4055953715817457
BATHROOM METAL SIGN,WHITE HANGING HEART T-LIGHT HOLDER,BATHROOM METAL SIGN  -->  WHITE HANGING HEART T-LIGHT HOLDER,0.013787345999139873,0.36309127248501,2.631097142082486,0.03797212173341091,0.13799994940423488,0.00854719512115772,1.3534122133307984
HEART OF WICKER SMALL,WHITE HANGING HEART T-LIGHT HOLDER,HEART OF WICKER SMALL  -->  WHITE HANGING HEART T-LIGHT HOLDER,0.019732348402438715,0.36262203626220363,2.6276968783517223,0.05441574540210984,0.13799994940423488,0.01222297829015383,1.3524158343045156
HANGING HEART JAR T-LIGHT HOLDER,WHITE HANGING HEART T-LIGHT HOLDER,HANGING HEART JAR T-LIGHT HOLDER  -->  WHITE HANGING HEART T-LIGHT HOLDER,0.013003111639555769,0.3607017543859649,2.6137817871902485,0.0360494826583015,0.13799994940423488,0.008028284856661318,1.348353536881411
HOME BUILDING BLOCK WORD,WHITE HANGING HEART T-LIGHT HOLDER,HOME BUILDING BLOCK WORD  -->  WHITE HANGING HEART T-LIGHT HOLDER,0.01879632674745124,0.35963213939980637,2.60603095111548,0.05226542538389537,0.13799994940423488,0.011583700688882863,1.3461013639688968
POTTERING IN THE SHED METAL SIGN,WHITE HANGING HEART T-LIGHT HOLDER,POTTERING IN THE SHED METAL SIGN  -->  WHITE HANGING HEART T-LIGHT HOLDER,0.010321536087429483,0.3594713656387666,2.604865923434428,0.028713096713805054,0.13799994940423488,0.006359130193685483,1.3457634902698672
NATURAL SLATE HEART CHALKBOARD,WHITE HANGING HEART T-LIGHT HOLDER,NATURAL SLATE HEART CHALKBOARD  -->  WHITE HANGING HEART T-LIGHT HOLDER,0.01783500720989653,0.344574780058651,2.4969196115377477,0.05175946773255079,0.13799994940423488,0.010692203281614394,1.3151768109760889
SWEETHEART CERAMIC TRINKET BOX,WHITE HANGING HEART T-LIGHT HOLDER,SWEETHEART CERAMIC TRINKET BOX  -->  WHITE HANGING HEART T-LIGHT HOLDER,0.012370664575375041,0.3299595141700405,2.3910118488776404,0.03749146196463356,0.13799994940423488,0.007196844721164814,1.2864895014933775
GIN + TONIC DIET METAL SIGN,WHITE HANGING HEART T-LIGHT HOLDER,GIN + TONIC DIET METAL SIGN  -->  WHITE HANGING HEART T-LIGHT HOLDER,0.013306686230362519,0.326911124922312,2.3689220636212776,0.04070429305067166,0.13799994940423488,0.007689495848834681,1.2806630483920463
VICTORIAN GLASS HANGING T-LIGHT,WHITE HANGING HEART T-LIGHT HOLDER,VICTORIAN GLASS HANGING T-LIGHT  -->  WHITE HANGING HEART T-LIGHT HOLDER,0.014799261301829037,0.322136563876652,2.3343237824894914,0.045940954742088085,0.13799994940423488,0.008459411871838636,1.2716426416587405
HAND OVER THE CHOCOLATE SIGN,WHITE HANGING HEART T-LIGHT HOLDER,HAND OVER THE CHOCOLATE SIGN  -->  WHITE HANGING HEART T-LIGHT HOLDER,0.011788813276328771,0.31917808219178084,2.31288550155067,0.03693490854815452,0.13799994940423488,0.006691797765433405,1.2661167745169188
PLEASE ONE PERSON METAL SIGN,WHITE HANGING HEART T-LIGHT HOLDER,PLEASE ONE PERSON METAL SIGN  -->  WHITE HANGING HEART T-LIGHT HOLDER,0.014571580358723975,0.318232044198895,2.306030151262717,0.045789167446684716,0.13799994940423488,0.008252677567819444,1.264359879723124
STRAWBERRY CERAMIC TRINKET BOX,WHITE HANGING HEART T-LIGHT HOLDER,STRAWBERRY CERAMIC TRINKET BOX  -->  WHITE HANGING HEART T-LIGHT HOLDER,0.018340964861241114,0.31385281385281383,2.274296586395578,0.058438108730299275,0.13799994940423488,0.010276508813180638,1.2562902945591277
72 SWEETHEART FAIRY CAKE CASES,WHITE HANGING HEART T-LIGHT HOLDER,72 SWEETHEART FAIRY CAKE CASES  -->  WHITE HANGING HEART T-LIGHT HOLDER,0.011308153507551417,0.3061643835616438,2.218583302989591,0.03693490854815452,0.13799994940423488,0.006211137996656051,1.2423692733167
COOK WITH WINE METAL SIGN,WHITE HANGING HEART T-LIGHT HOLDER,COOK WITH WINE METAL SIGN  -->  WHITE HANGING HEART T-LIGHT HOLDER,0.011029876799311897,0.3059649122807018,2.217137858394841,0.0360494826583015,0.13799994940423488,0.0060550500164174475,1.2420122063690247
